15:59:04 <INFO> Started REINVENT 4.7.15 (C) AstraZeneca 2017, 2023 on 2026-02-20
15:59:04 <INFO> Command line: /nfs/home/apodshibiakin/projects/PotatoDualDock/REINVENT4/reinvent/Reinvent.py -l /nfs/home/apodshibiakin/projects/PotatoDualDock/DualDock/runs/single_b1_13782_20260220_155823/logs/reinvent.log /nfs/home/apodshibiakin/projects/PotatoDualDock/DualDock/runs/single_b1_13782_20260220_155823/configs/staged_learning.toml
15:59:04 <INFO> Reading run configuration from /nfs/home/apodshibiakin/projects/PotatoDualDock/DualDock/runs/single_b1_13782_20260220_155823/configs/staged_learning.toml using format toml
15:59:04 <INFO> User apodshibiakin on host aichem
15:59:04 <INFO> Python version 3.12.12
15:59:04 <INFO> PyTorch version 2.9.1+cu128, git 5811a8d7da873dd699ff6687092c225caffcf1bb
15:59:04 <INFO> PyTorch compiled with CUDA version 12.8
15:59:04 <INFO> RDKit version 2025.09.5
15:59:04 <INFO> Platform Linux-5.15.0-170-generic-x86_64-with-glibc2.35
15:59:04 <INFO> CUDA driver version 550.144.03
15:59:04 <INFO> Number of PyTorch CUDA devices 1
15:59:04 <WARN> 'use_cuda' is deprecated, use 'device' instead
15:59:04 <INFO> Using GPU device:0 NVIDIA RTX A6000
15:59:04 <INFO> GPU memory: 48402 MiB free, 48669 MiB total
15:59:04 <INFO> Writing TensorBoard summary to /nfs/home/apodshibiakin/projects/PotatoDualDock/DualDock/runs/single_b1_13782_20260220_155823/tb_logs
15:59:04 <INFO> Writing JSON config file to /nfs/home/apodshibiakin/projects/PotatoDualDock/DualDock/runs/single_b1_13782_20260220_155823/configs/staged_learning_rendered.json
15:59:04 <INFO> Starting 4 stages of Reinforcement Learning
15:59:04 <INFO> /nfs/home/apodshibiakin/projects/PotatoDualDock/DualDock/priors/reinvent.prior has valid hash:
{ 'comments': [],
  'creation_date': 0,
  'date_format': 'UNIX epoch',
  'hash_id': '173568c36e1fc3d95cab289c7d31ce0b',
  'hash_id_format': 'xxhash.xxh3_128_hex 3.4.1',
  'model_id': '55d68f8a81c04f5a86304ebe1723a0ea',
  'model_id_format': 'uuid.uuid4 3.10.12',
  'origina_data_source': 'ChEMBL 25',
  'updates': []}
15:59:05 <INFO> Number of network parameters: 5,805,602
15:59:05 <INFO> Network architecture:
RNN(
  (_embedding): Embedding(34, 256)
  (_rnn): LSTM(256, 512, num_layers=3, batch_first=True)
  (_linear): Linear(in_features=512, out_features=34, bias=True)
)
15:59:05 <INFO> /nfs/home/apodshibiakin/projects/PotatoDualDock/DualDock/priors/reinvent.prior has valid hash:
{ 'comments': [],
  'creation_date': 0,
  'date_format': 'UNIX epoch',
  'hash_id': '173568c36e1fc3d95cab289c7d31ce0b',
  'hash_id_format': 'xxhash.xxh3_128_hex 3.4.1',
  'model_id': '55d68f8a81c04f5a86304ebe1723a0ea',
  'model_id_format': 'uuid.uuid4 3.10.12',
  'origina_data_source': 'ChEMBL 25',
  'updates': []}
15:59:05 <INFO> Number of network parameters: 5,805,602
15:59:05 <INFO> Network architecture:
RNN(
  (_embedding): Embedding(34, 256)
  (_rnn): LSTM(256, 512, num_layers=3, batch_first=True)
  (_linear): Linear(in_features=512, out_features=34, bias=True)
)
15:59:05 <INFO> Using generator Reinvent
15:59:05 <INFO> Prior read from /nfs/home/apodshibiakin/projects/PotatoDualDock/DualDock/priors/reinvent.prior
15:59:05 <INFO> Agent read from /nfs/home/apodshibiakin/projects/PotatoDualDock/DualDock/priors/reinvent.prior
15:59:05 <INFO> Using reward strategy dap
15:59:05 <INFO> Diversity filter memories are retained between stages
15:59:05 <WARN> Inception disabled but may speed up convergence
15:59:05 <INFO> Reading score components from /nfs/home/apodshibiakin/projects/PotatoDualDock/DualDock/runs/single_b1_13782_20260220_155823/configs/stage_scoring.toml
15:59:05 <ERRO> Component reinvent_plugins.components.OpenEye.comp_rocs could not be imported: No module named 'openeye'
15:59:05 <INFO> Registered scoring component GroupCount
15:59:05 <INFO> Registered scoring component FragmentQed
15:59:05 <INFO> Registered scoring component FragmentSlogP
15:59:05 <INFO> Registered scoring component FragmentMolecularWeight
15:59:05 <INFO> Registered scoring component FragmentTPSA
15:59:05 <INFO> Registered scoring component FragmentDistanceMatrix
15:59:05 <INFO> Registered scoring component FragmentNumAtomStereoCenters
15:59:05 <INFO> Registered scoring component FragmentHBondAcceptors
15:59:05 <INFO> Registered scoring component FragmentHBondDonors
15:59:05 <INFO> Registered scoring component FragmentNumRotBond
15:59:05 <INFO> Registered scoring component FragmentCsp3
15:59:05 <INFO> Registered scoring component Fragmentnumsp
15:59:05 <INFO> Registered scoring component Fragmentnumsp2
15:59:05 <INFO> Registered scoring component Fragmentnumsp3
15:59:05 <INFO> Registered scoring component FragmentEffectiveLength
15:59:05 <INFO> Registered scoring component FragmentGraphLength
15:59:05 <INFO> Registered scoring component FragmentLengthRatio
15:59:05 <INFO> Registered scoring component FragmentNumHeavyAtoms
15:59:05 <INFO> Registered scoring component FragmentNumHeteroAtoms
15:59:05 <INFO> Registered scoring component FragmentNumRings
15:59:05 <INFO> Registered scoring component FragmentNumAromaticRings
15:59:05 <INFO> Registered scoring component FragmentNumAliphaticRings
15:59:05 <INFO> Registered scoring component FragmentSlogP
15:59:05 <INFO> Registered scoring component MatchingSubstructure
15:59:05 <INFO> Registered scoring component MolVolume
15:59:05 <INFO> Registered scoring component Qed
15:59:05 <INFO> Registered scoring component LargestRingSize
15:59:05 <INFO> Registered scoring component MolecularWeight
15:59:05 <INFO> Registered scoring component GraphLength
15:59:05 <INFO> Registered scoring component NumAtomStereoCenters
15:59:05 <INFO> Registered scoring component HBondAcceptors
15:59:05 <INFO> Registered scoring component HBondDonors
15:59:05 <INFO> Registered scoring component NumRotBond
15:59:05 <INFO> Registered scoring component Csp3
15:59:05 <INFO> Registered scoring component numsp
15:59:05 <INFO> Registered scoring component numsp2
15:59:05 <INFO> Registered scoring component numsp3
15:59:05 <INFO> Registered scoring component NumHeavyAtoms
15:59:05 <INFO> Registered scoring component NumHeteroAtoms
15:59:05 <INFO> Registered scoring component NumRings
15:59:05 <INFO> Registered scoring component NumAromaticRings
15:59:05 <INFO> Registered scoring component NumAliphaticRings
15:59:05 <INFO> Registered scoring component SlogP
15:59:05 <INFO> Registered scoring component LargestRingSize
15:59:05 <INFO> Registered scoring component PMI
15:59:05 <INFO> Registered scoring component RDKitDescriptors
15:59:05 <INFO> Registered scoring component TanimotoSimilarity
15:59:05 <INFO> Registered scoring component TanimotoDistance
15:59:05 <INFO> Registered scoring component TPSA
15:59:05 <INFO> Registered scoring component SAScore
15:59:10 <ERRO> Component reinvent_plugins.components.comp_chemprop could not be imported: No module named 'pkg_resources'
15:59:10 <INFO> Registered scoring component CustomAlerts
15:59:10 <INFO> Registered scoring component DockStream
15:59:10 <INFO> Registered scoring component ExternalProcess
15:59:10 <INFO> Registered scoring component REST
15:59:10 <INFO> Registered scoring component Icolos
15:59:10 <INFO> Registered scoring component MMP
15:59:10 <INFO> Registered scoring component Qptuna
15:59:10 <INFO> Registered scoring component ReactionFilter
15:59:10 <INFO> Registered scoring component RingPrecedence
15:59:10 <INFO> Registered scoring component Maize
15:59:10 <INFO> Registered scoring component SynthSense
15:59:10 <INFO> Registered scoring component CAZP
15:59:10 <INFO> Creating scoring component QED
15:59:10 <INFO> Creating scoring component ExternalProcess
15:59:10 <INFO> Reading score components from /nfs/home/apodshibiakin/projects/PotatoDualDock/DualDock/runs/single_b1_13782_20260220_155823/configs/stage_scoring.toml
15:59:10 <ERRO> Component reinvent_plugins.components.OpenEye.comp_rocs could not be imported: No module named 'openeye'
15:59:10 <INFO> Registered scoring component GroupCount
15:59:10 <INFO> Registered scoring component FragmentQed
15:59:10 <INFO> Registered scoring component FragmentSlogP
15:59:10 <INFO> Registered scoring component FragmentMolecularWeight
15:59:10 <INFO> Registered scoring component FragmentTPSA
15:59:10 <INFO> Registered scoring component FragmentDistanceMatrix
15:59:10 <INFO> Registered scoring component FragmentNumAtomStereoCenters
15:59:10 <INFO> Registered scoring component FragmentHBondAcceptors
15:59:10 <INFO> Registered scoring component FragmentHBondDonors
15:59:10 <INFO> Registered scoring component FragmentNumRotBond
15:59:10 <INFO> Registered scoring component FragmentCsp3
15:59:10 <INFO> Registered scoring component Fragmentnumsp
15:59:10 <INFO> Registered scoring component Fragmentnumsp2
15:59:10 <INFO> Registered scoring component Fragmentnumsp3
15:59:10 <INFO> Registered scoring component FragmentEffectiveLength
15:59:10 <INFO> Registered scoring component FragmentGraphLength
15:59:10 <INFO> Registered scoring component FragmentLengthRatio
15:59:10 <INFO> Registered scoring component FragmentNumHeavyAtoms
15:59:10 <INFO> Registered scoring component FragmentNumHeteroAtoms
15:59:10 <INFO> Registered scoring component FragmentNumRings
15:59:10 <INFO> Registered scoring component FragmentNumAromaticRings
15:59:10 <INFO> Registered scoring component FragmentNumAliphaticRings
15:59:10 <INFO> Registered scoring component FragmentSlogP
15:59:10 <INFO> Registered scoring component MatchingSubstructure
15:59:10 <INFO> Registered scoring component MolVolume
15:59:10 <INFO> Registered scoring component Qed
15:59:10 <INFO> Registered scoring component LargestRingSize
15:59:10 <INFO> Registered scoring component MolecularWeight
15:59:10 <INFO> Registered scoring component GraphLength
15:59:10 <INFO> Registered scoring component NumAtomStereoCenters
15:59:10 <INFO> Registered scoring component HBondAcceptors
15:59:10 <INFO> Registered scoring component HBondDonors
15:59:10 <INFO> Registered scoring component NumRotBond
15:59:10 <INFO> Registered scoring component Csp3
15:59:10 <INFO> Registered scoring component numsp
15:59:10 <INFO> Registered scoring component numsp2
15:59:10 <INFO> Registered scoring component numsp3
15:59:10 <INFO> Registered scoring component NumHeavyAtoms
15:59:10 <INFO> Registered scoring component NumHeteroAtoms
15:59:10 <INFO> Registered scoring component NumRings
15:59:10 <INFO> Registered scoring component NumAromaticRings
15:59:10 <INFO> Registered scoring component NumAliphaticRings
15:59:10 <INFO> Registered scoring component SlogP
15:59:10 <INFO> Registered scoring component LargestRingSize
15:59:10 <INFO> Registered scoring component PMI
15:59:10 <INFO> Registered scoring component RDKitDescriptors
15:59:10 <INFO> Registered scoring component TanimotoSimilarity
15:59:10 <INFO> Registered scoring component TanimotoDistance
15:59:10 <INFO> Registered scoring component TPSA
15:59:10 <INFO> Registered scoring component SAScore
15:59:10 <ERRO> Component reinvent_plugins.components.comp_chemprop could not be imported: No module named 'pkg_resources'
15:59:10 <INFO> Registered scoring component CustomAlerts
15:59:10 <INFO> Registered scoring component DockStream
15:59:10 <INFO> Registered scoring component ExternalProcess
15:59:10 <INFO> Registered scoring component REST
15:59:10 <INFO> Registered scoring component Icolos
15:59:10 <INFO> Registered scoring component MMP
15:59:10 <INFO> Registered scoring component Qptuna
15:59:10 <INFO> Registered scoring component ReactionFilter
15:59:10 <INFO> Registered scoring component RingPrecedence
15:59:10 <INFO> Registered scoring component Maize
15:59:10 <INFO> Registered scoring component SynthSense
15:59:10 <INFO> Registered scoring component CAZP
15:59:10 <INFO> Creating scoring component QED
15:59:10 <INFO> Creating scoring component ExternalProcess
15:59:10 <INFO> Reading score components from /nfs/home/apodshibiakin/projects/PotatoDualDock/DualDock/runs/single_b1_13782_20260220_155823/configs/stage_scoring.toml
15:59:10 <ERRO> Component reinvent_plugins.components.OpenEye.comp_rocs could not be imported: No module named 'openeye'
15:59:10 <INFO> Registered scoring component GroupCount
15:59:10 <INFO> Registered scoring component FragmentQed
15:59:10 <INFO> Registered scoring component FragmentSlogP
15:59:10 <INFO> Registered scoring component FragmentMolecularWeight
15:59:10 <INFO> Registered scoring component FragmentTPSA
15:59:10 <INFO> Registered scoring component FragmentDistanceMatrix
15:59:10 <INFO> Registered scoring component FragmentNumAtomStereoCenters
15:59:10 <INFO> Registered scoring component FragmentHBondAcceptors
15:59:10 <INFO> Registered scoring component FragmentHBondDonors
15:59:10 <INFO> Registered scoring component FragmentNumRotBond
15:59:10 <INFO> Registered scoring component FragmentCsp3
15:59:10 <INFO> Registered scoring component Fragmentnumsp
15:59:10 <INFO> Registered scoring component Fragmentnumsp2
15:59:10 <INFO> Registered scoring component Fragmentnumsp3
15:59:10 <INFO> Registered scoring component FragmentEffectiveLength
15:59:10 <INFO> Registered scoring component FragmentGraphLength
15:59:10 <INFO> Registered scoring component FragmentLengthRatio
15:59:10 <INFO> Registered scoring component FragmentNumHeavyAtoms
15:59:10 <INFO> Registered scoring component FragmentNumHeteroAtoms
15:59:10 <INFO> Registered scoring component FragmentNumRings
15:59:10 <INFO> Registered scoring component FragmentNumAromaticRings
15:59:10 <INFO> Registered scoring component FragmentNumAliphaticRings
15:59:10 <INFO> Registered scoring component FragmentSlogP
15:59:10 <INFO> Registered scoring component MatchingSubstructure
15:59:10 <INFO> Registered scoring component MolVolume
15:59:10 <INFO> Registered scoring component Qed
15:59:10 <INFO> Registered scoring component LargestRingSize
15:59:10 <INFO> Registered scoring component MolecularWeight
15:59:10 <INFO> Registered scoring component GraphLength
15:59:10 <INFO> Registered scoring component NumAtomStereoCenters
15:59:10 <INFO> Registered scoring component HBondAcceptors
15:59:10 <INFO> Registered scoring component HBondDonors
15:59:10 <INFO> Registered scoring component NumRotBond
15:59:10 <INFO> Registered scoring component Csp3
15:59:10 <INFO> Registered scoring component numsp
15:59:10 <INFO> Registered scoring component numsp2
15:59:10 <INFO> Registered scoring component numsp3
15:59:10 <INFO> Registered scoring component NumHeavyAtoms
15:59:10 <INFO> Registered scoring component NumHeteroAtoms
15:59:10 <INFO> Registered scoring component NumRings
15:59:10 <INFO> Registered scoring component NumAromaticRings
15:59:10 <INFO> Registered scoring component NumAliphaticRings
15:59:10 <INFO> Registered scoring component SlogP
15:59:10 <INFO> Registered scoring component LargestRingSize
15:59:10 <INFO> Registered scoring component PMI
15:59:10 <INFO> Registered scoring component RDKitDescriptors
15:59:10 <INFO> Registered scoring component TanimotoSimilarity
15:59:10 <INFO> Registered scoring component TanimotoDistance
15:59:10 <INFO> Registered scoring component TPSA
15:59:10 <INFO> Registered scoring component SAScore
15:59:10 <ERRO> Component reinvent_plugins.components.comp_chemprop could not be imported: No module named 'pkg_resources'
15:59:10 <INFO> Registered scoring component CustomAlerts
15:59:10 <INFO> Registered scoring component DockStream
15:59:10 <INFO> Registered scoring component ExternalProcess
15:59:10 <INFO> Registered scoring component REST
15:59:10 <INFO> Registered scoring component Icolos
15:59:10 <INFO> Registered scoring component MMP
15:59:10 <INFO> Registered scoring component Qptuna
15:59:10 <INFO> Registered scoring component ReactionFilter
15:59:10 <INFO> Registered scoring component RingPrecedence
15:59:10 <INFO> Registered scoring component Maize
15:59:10 <INFO> Registered scoring component SynthSense
15:59:10 <INFO> Registered scoring component CAZP
15:59:10 <INFO> Creating scoring component QED
15:59:10 <INFO> Creating scoring component ExternalProcess
15:59:10 <INFO> Reading score components from /nfs/home/apodshibiakin/projects/PotatoDualDock/DualDock/runs/single_b1_13782_20260220_155823/configs/stage_scoring.toml
15:59:10 <ERRO> Component reinvent_plugins.components.OpenEye.comp_rocs could not be imported: No module named 'openeye'
15:59:10 <INFO> Registered scoring component GroupCount
15:59:10 <INFO> Registered scoring component FragmentQed
15:59:10 <INFO> Registered scoring component FragmentSlogP
15:59:10 <INFO> Registered scoring component FragmentMolecularWeight
15:59:10 <INFO> Registered scoring component FragmentTPSA
15:59:10 <INFO> Registered scoring component FragmentDistanceMatrix
15:59:10 <INFO> Registered scoring component FragmentNumAtomStereoCenters
15:59:10 <INFO> Registered scoring component FragmentHBondAcceptors
15:59:10 <INFO> Registered scoring component FragmentHBondDonors
15:59:10 <INFO> Registered scoring component FragmentNumRotBond
15:59:10 <INFO> Registered scoring component FragmentCsp3
15:59:10 <INFO> Registered scoring component Fragmentnumsp
15:59:10 <INFO> Registered scoring component Fragmentnumsp2
15:59:10 <INFO> Registered scoring component Fragmentnumsp3
15:59:10 <INFO> Registered scoring component FragmentEffectiveLength
15:59:10 <INFO> Registered scoring component FragmentGraphLength
15:59:10 <INFO> Registered scoring component FragmentLengthRatio
15:59:10 <INFO> Registered scoring component FragmentNumHeavyAtoms
15:59:10 <INFO> Registered scoring component FragmentNumHeteroAtoms
15:59:10 <INFO> Registered scoring component FragmentNumRings
15:59:10 <INFO> Registered scoring component FragmentNumAromaticRings
15:59:10 <INFO> Registered scoring component FragmentNumAliphaticRings
15:59:10 <INFO> Registered scoring component FragmentSlogP
15:59:10 <INFO> Registered scoring component MatchingSubstructure
15:59:10 <INFO> Registered scoring component MolVolume
15:59:10 <INFO> Registered scoring component Qed
15:59:10 <INFO> Registered scoring component LargestRingSize
15:59:10 <INFO> Registered scoring component MolecularWeight
15:59:10 <INFO> Registered scoring component GraphLength
15:59:10 <INFO> Registered scoring component NumAtomStereoCenters
15:59:10 <INFO> Registered scoring component HBondAcceptors
15:59:10 <INFO> Registered scoring component HBondDonors
15:59:10 <INFO> Registered scoring component NumRotBond
15:59:10 <INFO> Registered scoring component Csp3
15:59:10 <INFO> Registered scoring component numsp
15:59:10 <INFO> Registered scoring component numsp2
15:59:10 <INFO> Registered scoring component numsp3
15:59:10 <INFO> Registered scoring component NumHeavyAtoms
15:59:10 <INFO> Registered scoring component NumHeteroAtoms
15:59:10 <INFO> Registered scoring component NumRings
15:59:10 <INFO> Registered scoring component NumAromaticRings
15:59:10 <INFO> Registered scoring component NumAliphaticRings
15:59:10 <INFO> Registered scoring component SlogP
15:59:10 <INFO> Registered scoring component LargestRingSize
15:59:10 <INFO> Registered scoring component PMI
15:59:10 <INFO> Registered scoring component RDKitDescriptors
15:59:10 <INFO> Registered scoring component TanimotoSimilarity
15:59:10 <INFO> Registered scoring component TanimotoDistance
15:59:10 <INFO> Registered scoring component TPSA
15:59:10 <INFO> Registered scoring component SAScore
15:59:10 <ERRO> Component reinvent_plugins.components.comp_chemprop could not be imported: No module named 'pkg_resources'
15:59:10 <INFO> Registered scoring component CustomAlerts
15:59:10 <INFO> Registered scoring component DockStream
15:59:10 <INFO> Registered scoring component ExternalProcess
15:59:10 <INFO> Registered scoring component REST
15:59:10 <INFO> Registered scoring component Icolos
15:59:10 <INFO> Registered scoring component MMP
15:59:10 <INFO> Registered scoring component Qptuna
15:59:10 <INFO> Registered scoring component ReactionFilter
15:59:10 <INFO> Registered scoring component RingPrecedence
15:59:10 <INFO> Registered scoring component Maize
15:59:10 <INFO> Registered scoring component SynthSense
15:59:10 <INFO> Registered scoring component CAZP
15:59:10 <INFO> Creating scoring component QED
15:59:10 <INFO> Creating scoring component ExternalProcess
15:59:10 <INFO> Writing tabular data for stage to /nfs/home/apodshibiakin/projects/PotatoDualDock/DualDock/runs/single_b1_13782_20260220_155823/results/single_b1_staged_learning_1.csv
15:59:10 <INFO> Starting stage 1 <<<
15:59:10 <INFO> Current GPU memory usage: 405 MiB used, 48264 MiB free
16:10:34 <INFO> Score: 0.16 Agent NLL: 28.58 Valid: 100% Step: 1
 | Agent Prior Target Score SMILES SMILES_state QED Score QED Score (raw) SingleDock Target A SingleDock Target A (raw) boltz2_score (SingleDock Target A) reasons (SingleDock Target A) targetA_score (SingleDock Target A) total_reward (SingleDock Target A) canonical_smiles (SingleDock Target A) target_score_raw (SingleDock Target A)
 | 36.5035 36.5035 -22.6023 0.1086035 CCOc1ccc(Cc2cc(C3OC(CSc4nc5cc(OC)ccc5s4)C(O)C(O)C3O)ccc2C)cc1 1 0.2452530 0.2453 0.0885934 0.0886 0.08859338514336851 ok 0.08859338514336851 0.08859338514336851 CCOc1ccc(Cc2cc(C3OC(CSc4nc5cc(OC)ccc5s4)C(O)C(O)C3O)ccc2C)cc1 0.20863350729147592
 | 25.8215 25.8215 -15.5433 0.0802987 Cn1ccc(CNC(=O)C2CN3CCC2CC3)c1 1 0.8644056 0.8644 0.0443309 0.0443 0.04433088654708119 ok 0.04433088654708119 0.04433088654708119 Cn1ccc(CNC(=O)C2CN3CCC2CC3)c1 0.11615873873233795
 | 31.2215 31.2215 -10.6550 0.1606755 COc1cc(NC(=O)c2n[nH]n(Cc3ccc(F)cc3)c2=N)ccc1OC1CCNCC1 1 0.4497273 0.4497 0.1242223 0.1242 0.12422234567058021 ok 0.12422234567058021 0.12422234567058021 COc1cc(NC(=O)c2n[nH]n(Cc3ccc(F)cc3)c2=N)ccc1OC1CCNCC1 0.25587010383605957
 | 30.8088 30.8088 -5.2641 0.1995681 COc1ccc(Cn2cncc2CC(=O)N=c2[nH]c(-c3ccc(F)c(C(F)(F)F)c3)cs2)cc1 1 0.3939900 0.3940 0.1683614 0.1684 0.16836144455544313 ok 0.16836144455544313 0.16836144455544313 COc1ccc(Cn2cncc2CC(=O)N=c2[nH]c(-c3ccc(F)c(C(F)(F)F)c3)cs2)cc1 0.30033940076828003
 | 25.0773 25.0773 -7.6815 0.1359039 CCOc1ccc(NC(=O)CSc2nccnc2-c2cccc(F)c2)cc1 1 0.6123546 0.6124 0.0932802 0.0933 0.09328017417457808 ok 0.09328017417457808 0.09328017417457808 CCOc1ccc(NC(=O)CSc2nccnc2-c2cccc(F)c2)cc1 0.21572176118691763
 | 37.3868 37.3868 -22.9041 0.1131458 N#CN1CCN(c2ccc([N+](=O)[O-])cc2C(=O)N2CCc3ccc(C(O)=NO)cc3C2)CC1 1 0.1797462 0.1797 0.1007820 0.1008 0.10078202137297589 ok 0.10078202137297589 0.10078202137297589 N#CN1CCN(c2ccc([N+](=O)[O-])cc2C(=O)N2CCc3ccc(C(O)=NO)cc3C2)CC1 0.2264293134212494
 | 24.7815 24.7815 -13.1507 0.0908656 CCOC(=O)C(c1ccccc1)S(=O)(=O)c1ccc(F)cc1 1 0.6271573 0.6272 0.0560602 0.0561 0.05606024237497521 ok 0.05606024237497521 0.05606024237497521 CCOC(=O)C(c1ccccc1)S(=O)(=O)c1ccc(F)cc1 0.14704556514819464
 | 34.3733 34.3733 -23.8228 0.0824253 Cc1ccc(NC(=O)c2cccc(O)c2)cc1N=c1cc[nH]c2ccc(-c3ccsc3)cc12 1 0.2958175 0.2958 0.0598852 0.0599 0.05988522663553243 ok 0.05988522663553243 0.05988522663553243 Cc1ccc(NC(=O)c2cccc(O)c2)cc1N=c1cc[nH]c2ccc(-c3ccsc3)cc12 0.1558034842212995
 | 25.1469 25.1469 1.3329 0.2068739 O=C(NCCC(F)(F)F)N1CCC(c2nc(-c3ccc(F)cc3)co2)CC1 1 0.7977090 0.7977 0.1476288 0.1476 0.1476287607886972 ok 0.1476287607886972 0.1476287607886972 O=C(NCCC(F)(F)F)N1CCC(c2nc(-c3ccc(F)cc3)co2)CC1 0.280834823846817
 | 30.4227 30.4227 -0.2844 0.2354556 O=c1c2ccccc2nc2n1CCc1c-2c2ccccc2[nH]c1=Nc1cccc(Br)c1 1 0.3716502 0.3717 0.2100646 0.2101 0.21006455751308134 ok 0.21006455751308134 0.21006455751308134 O=c1c2ccccc2nc2n1CCc1c-2c2ccccc2[nH]c1=Nc1cccc(Br)c1 0.3344329595565796
16:16:42 <INFO> Score: 0.15 Agent NLL: 28.26 Valid: 100% Step: 2
 | Agent Prior Target Score SMILES SMILES_state QED Score QED Score (raw) SingleDock Target A SingleDock Target A (raw) boltz2_score (SingleDock Target A) reasons (SingleDock Target A) targetA_score (SingleDock Target A) total_reward (SingleDock Target A) canonical_smiles (SingleDock Target A) target_score_raw (SingleDock Target A)
 | 29.5996 29.5860 -16.6283 0.1012323 COc1cc(OC)cc(C(=O)NC(C)C(=O)OCC(=O)NCc2ccco2)c1 1 0.6195990 0.6196 0.0643608 0.0644 0.06436078510447901 ok 0.06436078510447901 0.06436078510447901 COc1cc(OC)cc(C(=O)NC(C)C(=O)OCC(=O)NCc2ccco2)c1 0.16540932158629099
 | 21.5442 21.5434 -5.0154 0.1291247 CN(C)CCNc1oc(-c2cccs2)nc1S(=O)(=O)c1ccccc1 1 0.6813779 0.6814 0.0851951 0.0852 0.08519507823909508 ok 0.08519507823909508 0.08519507823909508 CN(C)CCNc1oc(-c2cccs2)nc1S(=O)(=O)c1ccccc1 0.20327910284201303
 | 24.0275 23.9780 -8.2940 0.1225316 Cc1ccc(Cl)cc1NC(=O)CCNC(=O)c1ccoc1 1 0.8917223 0.8917 0.0746024 0.0746 0.07460241748759383 ok 0.07460241748759383 0.07460241748759383 Cc1ccc(Cl)cc1NC(=O)CCNC(=O)c1ccoc1 0.18524368107318878
 | 21.6332 21.6546 1.9183 0.1841635 O=C(NCCCNCc1ccc(Cl)cc1)c1ccc(Cl)cc1 1 0.7525273 0.7525 0.1295311 0.1295 0.12953109445044345 ok 0.12953109445044345 0.12953109445044345 O=C(NCCCNCc1ccc(Cl)cc1)c1ccc(Cl)cc1 0.261861115694046
 | 27.6128 27.6401 -17.3463 0.0804197 CC(=O)N1CCN(C2(CNC(=O)C3CCC(F)(F)CC3)CCc3ccccc3C2)CC1 1 0.7943393 0.7943 0.0453630 0.0454 0.045362986776312376 ok 0.045362986776312376 0.045362986776312376 CC(=O)N1CCN(C2(CNC(=O)C3CCC(F)(F)CC3)CCc3ccccc3C2)CC1 0.1191706657409668
 | 28.4157 28.4008 -5.7466 0.1769861 Cc1cc(-c2c[nH]c(=NC3CCN(C(=O)c4cc(C(F)(F)F)ccc4F)CC3)[nH]c2=NC2CC2)[nH]c(=Nc2cc(C(F)(F)F)ccn2)c1 1 0.2351649 0.2352 0.1648469 0.1648 0.16484689506511238 ok 0.16484689506511238 0.16484689506511238 Cc1cc(-c2c[nH]c(=NC3CCN(C(=O)c4cc(C(F)(F)F)ccc4F)CC3)[nH]c2=NC2CC2)[nH]c(=Nc2cc(C(F)(F)F)ccn2)c1 0.29717525839805603
 | 27.3871 27.4489 -0.0649 0.2139368 CCOCC(=O)Nc1cccc(S(=O)(=O)Nc2ccc(F)c(Cl)c2)c1 1 0.7645269 0.7645 0.1555997 0.1556 0.15559969713082517 ok 0.15559969713082517 0.15559969713082517 CCOCC(=O)Nc1cccc(S(=O)(=O)Nc2ccc(F)c(Cl)c2)c1 0.28858249882857007
 | 32.4782 32.4600 -22.9211 0.0745225 CC(c1nc2ccccc2c(=O)n1-c1cccc(F)c1)N(CCO)S(=O)(=O)c1ccc(Cl)cc1 1 0.4141055 0.4141 0.0485380 0.0485 0.04853797882105599 ok 0.04853797882105599 0.04853797882105599 CC(c1nc2ccccc2c(=O)n1-c1cccc(F)c1)N(CCO)S(=O)(=O)c1ccc(Cl)cc1 0.12804334859053293
 | 19.8723 19.8694 5.9753 0.2019119 COc1ccc(-c2nc3cc(Cl)ccc3c(=O)n2O)cc1 1 0.7392141 0.7392 0.1459688 0.1460 0.1459687711453059 ok 0.1459687711453059 0.1459687711453059 COc1ccc(-c2nc3cc(Cl)ccc3c(=O)n2O)cc1 0.27917811771233875
 | 24.9223 24.9612 1.8140 0.2091814 O=C(NCc1ccccc1)c1nc(CN2CCc3ccccc32)no1 1 0.7763263 0.7763 0.1507103 0.1507 0.15071026455120912 ok 0.15071026455120912 0.15071026455120912 O=C(NCc1ccccc1)c1nc(CN2CCc3ccccc32)no1 0.28386985262235004
16:16:43 <INFO> Sampled SMILES CN(C)CC1CN(c2c(F)cc3c(n4c5c(cc(F)c(F)c5)sc4cc3F)c2)CCO1 failed to sanitize.
16:22:45 <INFO> Score: 0.15 Agent NLL: 29.61 Valid:  88% Step: 3
 | Agent Prior Target Score SMILES SMILES_state QED Score QED Score (raw) SingleDock Target A SingleDock Target A (raw) boltz2_score (SingleDock Target A) reasons (SingleDock Target A) targetA_score (SingleDock Target A) total_reward (SingleDock Target A) canonical_smiles (SingleDock Target A) target_score_raw (SingleDock Target A)
 | 28.2414 28.2158 -16.2922 0.0931533 CC1CCC(C(=O)O)N(C(=O)c2ccc(=O)[nH]n2)C1 1 0.7886686 0.7887 0.0546102 0.0546 0.05461023066986377 ok 0.05461023066986377 0.05461023066986377 CC1CCC(C(=O)O)N(C(=O)c2ccc(=O)[nH]n2)C1 0.14357799291610718
 | 38.5914 38.3448 -12.4114 0.2026045 CN1C(=O)CC2(CCN(C3CCC(C(=O)N=c4cc(C#N)c(-c5cc(F)cc(F)c5)c[nH]4)CC3)CC2)C1=O 1 0.6237601 0.6238 0.1529527 0.1530 0.1529526810553274 ok 0.1529526810553274 0.1529526810553274 CN1C(=O)CC2(CCN(C3CCC(C(=O)N=c4cc(C#N)c(-c5cc(F)cc(F)c5)c[nH]4)CC3)CC2)C1=O 0.28604650497436523
 | 23.4728 23.5338 -6.2557 0.1349855 COc1cc(OC)c(OC)cc1CNCc1ccc2c(c1)OCCO2 1 0.8327037 0.8327 0.0856517 0.0857 0.08565173683774852 ok 0.08565173683774852 0.08565173683774852 COc1cc(OC)c(OC)cc1CNCc1ccc2c(c1)OCCO2 0.20400974651177725
 | 21.9130 21.9794 -1.9402 0.1565563 CN(c1ncnc2[nH]ccc12)C1CCC(CS(=O)(=O)N2CCN(C3CC3)CC2)CC1 1 0.7521320 0.7521 0.1057461 0.1057 0.10574614993092535 ok 0.10574614993092535 0.10574614993092535 CN(c1ncnc2[nH]ccc12)C1CCC(CS(=O)(=O)N2CCN(C3CC3)CC2)CC1 0.23313146581252417
 | 20.2606 20.2338 0.8203 0.1644847 CCC(C)(C)NC(=O)c1ccc(N2CC(F)(F)C2)c(OCC2CC2)n1 1 0.8175861 0.8176 0.1101599 0.1102 0.11015991288960318 ok 0.11015991288960318 0.11015991288960318 CCC(C)(C)NC(=O)c1ccc(N2CC(F)(F)C2)c(OCC2CC2)n1 0.23886141180992126
 | 40.6299 40.5151 -40.5151 0.0000000 CN(C)CC1CN(c2c(F)cc3c(n4c5c(cc(F)c(F)c5)sc4cc3F)c2)CCO1 0 0.0000000 0.0000 0.0000000 0.0000 None None None None None None
 | 30.6622 30.7125 -19.5160 0.0874727 CC(C)(C)OC(=O)C1C(=O)N(Cc2ccccc2)CC(O)C(Cc2ccccc2)N1Cc1ccc(Oc2ccccc2)cc1 1 0.1896287 0.1896 0.0720883 0.0721 0.07208832996851246 ok 0.07208832996851246 0.07208832996851246 CC(C)(C)OC(=O)C1C(=O)N(Cc2ccccc2)CC(O)C(Cc2ccccc2)N1Cc1ccc(Oc2ccccc2)cc1 0.18061945339043936
 | 22.7189 22.6983 16.9715 0.3099205 COc1ccc(Br)cc1C=C1C(=O)Nc2cc(Cl)ccc21 1 0.7907078 0.7907 0.2452217 0.2452 0.24522169725533627 ok 0.24522169725533627 0.24522169725533627 COc1ccc(Br)cc1C=C1C(=O)Nc2cc(Cl)ccc21 0.3594673275947571
 | 76.4733 76.3727 -76.3727 0.0000000 O=C(OC(c1c(C=CC2(C)CC3C4(C)C5(O)OCC4(CCC4(C)C6CCC(O)C7(C)C(=O)C46CC5)C(OC)C3O2)coc1O)=O)C 0 0.0000000 0.0000 0.0000000 0.0000 None None None None None None
 | 29.2628 29.2624 -14.0421 0.1189088 Cn1c(O)c2c(c1O)C1(C)C(=O)N(c3cccc(C#N)c3)C(=O)N1C2c1ccc(C(F)(F)F)cc1 1 0.5344841 0.5345 0.0816646 0.0817 0.08166461094238842 ok 0.08166461094238842 0.08166461094238842 Cn1c(O)c2c(c1O)C1(C)C(=O)N(c3cccc(C#N)c3)C(=O)N1C2c1ccc(C(F)(F)F)cc1 0.19750725974639258
16:29:24 <INFO> Score: 0.19 Agent NLL: 31.81 Valid: 100% Step: 4
 | Agent Prior Target Score SMILES SMILES_state QED Score QED Score (raw) SingleDock Target A SingleDock Target A (raw) boltz2_score (SingleDock Target A) reasons (SingleDock Target A) targetA_score (SingleDock Target A) total_reward (SingleDock Target A) canonical_smiles (SingleDock Target A) target_score_raw (SingleDock Target A)
 | 32.3598 32.3420 -7.8187 0.1915882 CCN(CC)CCCCOc1ccc(NC(=O)CCCC(=O)c2ccc(-c3ccccc3)cc2)cc1 1 0.1885767 0.1886 0.1923486 0.1923 0.19234857075455508 ok 0.19234857075455508 0.19234857075455508 CCN(CC)CCCCOc1ccc(NC(=O)CCCC(=O)c2ccc(-c3ccccc3)cc2)cc1 0.32064732909202576
 | 32.1277 32.3190 8.4848 0.3187795 CCCN1C(=S)N(c2ccc(Cl)cc2)C(=S)C1=Nc1nc2ccc(Cl)cc2s1 1 0.4120831 0.4121 0.2989625 0.2990 0.2989625100815313 ok 0.2989625100815313 0.2989625100815313 CCCN1C(=S)N(c2ccc(Cl)cc2)C(=S)C1=Nc1nc2ccc(Cl)cc2s1 0.39346960186958313
 | 35.6088 35.6187 -18.3590 0.1348409 Cn1nc(C(=O)OCCN2CCOCC2)cc1C(=O)Nc1cccc(-c2ccccc2)c1 1 0.5758378 0.5758 0.0937998 0.0938 0.09379978052005727 ok 0.09379978052005727 0.09379978052005727 Cn1nc(C(=O)OCCN2CCOCC2)cc1C(=O)Nc1cccc(-c2ccccc2)c1 0.21648778021335602
 | 34.6470 34.5032 -25.0221 0.0740711 CC(C)C1C(OC(=O)NC(Cc2ccccc2)C(O)CN(C)C(=O)NC2Cc3ccccc3C2)CCS1(=O)=O 1 0.4355288 0.4355 0.0475671 0.0476 0.04756711739493069 ok 0.04756711739493069 0.04756711739493069 CC(C)C1C(OC(=O)NC(Cc2ccccc2)C(O)CN(C)C(=O)NC2Cc3ccccc3C2)CCS1(=O)=O 0.12539025892814
 | 29.0339 28.9143 28.9947 0.4524134 CC1(CC(=O)O)N=C(N)c2cc(Br)ccc2N1 1 0.7762058 0.7762 0.3952984 0.3953 0.3952984150175694 ok 0.3952984150175694 0.3952984150175694 CC1(CC(=O)O)N=C(N)c2cc(Br)ccc2N1 0.44686323404312134
 | 42.1476 42.1505 -30.5627 0.0905294 CC(=O)N(O)C(C)N1CCN(c2ccc(-n3nnc(-c4ccc(C(F)(F)F)cc4)n3)cc2F)CC1 1 0.3317317 0.3317 0.0654320 0.0654 0.06543201090715256 ok 0.06543201090715256 0.06543201090715256 CC(=O)N(O)C(C)N1CCN(c2ccc(-n3nnc(-c4ccc(C(F)(F)F)cc4)n3)cc2F)CC1 0.16761590292056402
 | 34.9813 35.0195 -19.1521 0.1239636 COc1ccccc1-n1nc(C(=O)NCc2ccc(C(=O)N=c3cccc(C)[nH]3)cc2)ccc1=O 1 0.4499551 0.4500 0.0898101 0.0898 0.08981013737218302 ok 0.08981013737218302 0.08981013737218302 COc1ccccc1-n1nc(C(=O)NCc2ccc(C(=O)N=c3cccc(C)[nH]3)cc2)ccc1=O 0.21050557990868887
 | 21.3041 21.0732 -7.2095 0.1083106 Cc1cc(C)c(C(=O)NCC2(N3CCCCC3)CCCCC2)c(C)c1 1 0.8716568 0.8717 0.0643061 0.0643 0.06430614405786779 ok 0.06430614405786779 0.06430614405786779 Cc1cc(C)c(C(=O)NCC2(N3CCCCC3)CCCCC2)c(C)c1 0.16529585421085358
 | 48.7753 48.7893 -31.6467 0.1339264 C=C(C)C(=O)CC1CC2(CC=C(C)C)OC34Oc5c(CC=C(C)C)c(O)cc(O)c5CC3C(CC=C(C)C)=CC2CC4(CC=C(C)C)CC1=O 1 0.1782828 0.1783 0.1246824 0.1247 0.12468244109460849 ok 0.12468244109460849 0.12468244109460849 C=C(C)C(=O)CC1CC2(CC=C(C)C)OC34Oc5c(CC=C(C)C)c(O)cc(O)c5CC3C(CC=C(C)C)=CC2CC4(CC=C(C)C)CC1=O 0.25639791107581306
 | 26.2388 26.0833 22.2185 0.3773577 COc1ccc2c(=N)c3c([nH]c2c1)OCC3=O 1 0.7732512 0.7733 0.3153998 0.3154 0.31539981756310104 ok 0.31539981756310104 0.31539981756310104 COc1ccc2c(=N)c3c([nH]c2c1)OCC3=O 0.4031257629394531
16:35:46 <INFO> Score: 0.17 Agent NLL: 30.95 Valid: 100% Step: 5
 | Agent Prior Target Score SMILES SMILES_state QED Score QED Score (raw) SingleDock Target A SingleDock Target A (raw) boltz2_score (SingleDock Target A) reasons (SingleDock Target A) targetA_score (SingleDock Target A) total_reward (SingleDock Target A) canonical_smiles (SingleDock Target A) target_score_raw (SingleDock Target A)
 | 31.1362 31.1084 -7.2411 0.1864634 CCCCN(CC)c1cc(=NC(C)C)[nH]c2cc(-c3cccc(F)c3)nn12 1 0.6707861 0.6708 0.1353929 0.1354 0.13539292270997852 ok 0.13539292270997852 0.13539292270997852 CCCCN(CC)c1cc(=NC(C)C)[nH]c2cc(-c3cccc(F)c3)nn12 0.26823824147383374
 | 27.7787 27.7052 -20.5409 0.0559711 CN1C(=O)N(c2cccc(C(F)(F)F)c2)C2=C(C(=O)CC2)C1c1ccc(C#N)cc1C(=O)N1CCC(N)C1 1 0.6544990 0.6545 0.0302676 0.0303 0.030267563361016214 ok 0.030267563361016214 0.030267563361016214 CN1C(=O)N(c2cccc(C(F)(F)F)c2)C2=C(C(=O)CC2)C1c1ccc(C#N)cc1C(=O)N1CCC(N)C1 0.06663205350438754
 | 24.8386 24.8417 -1.1413 0.1851592 CCCCC12CCC(=O)c3cccc(c31)NC2=O 1 0.8864774 0.8865 0.1251742 0.1252 0.12517418258859905 ok 0.12517418258859905 0.12517418258859905 CCCCC12CCC(=O)c3cccc(c31)NC2=O 0.2569601784149806
 | 23.9830 23.9955 -4.1034 0.1554071 CC(=O)OC1CC2C3CCC(O)C3(C)CCC2C2(C)CCC(O)CC12 1 0.7122798 0.7123 0.1062126 0.1062 0.1062125590104598 ok 0.1062125590104598 0.1062125590104598 CC(=O)OC1CC2C3CCC(O)C3(C)CCC2C2(C)CCC(O)CC12 0.23374679684638977
 | 46.5012 46.5264 -28.8260 0.1382850 OC(CN(CCC12CC3CC(CC(C3)C1)C2)C(=S)SCc1ccc2c(c1)OCO2)(Cn1cncn1)c1ccc(F)cc1F 1 0.2631703 0.2632 0.1177361 0.1177 0.11773605891781733 ok 0.11773605891781733 0.11773605891781733 OC(CN(CCC12CC3CC(CC(C3)C1)C2)C(=S)SCc1ccc2c(c1)OCO2)(Cn1cncn1)c1ccc(F)cc1F 0.24824425826470056
 | 26.3085 26.3670 -4.0565 0.1743007 CCN1CCCC1CCNC(=O)c1cccc(Cl)c1 1 0.8993602 0.8994 0.1156486 0.1156 0.11564863967656594 ok 0.11564863967656594 0.11564863967656594 CCN1CCCC1CCNC(=O)c1cccc(Cl)c1 0.2457127720117569
 | 31.1559 31.2231 -14.9612 0.1270462 O=C(CCCCNS(=O)(=O)c1cccc2ccccc12)Nc1ccc(Br)cc1 1 0.4782897 0.4783 0.0912072 0.0912 0.09120721879311516 ok 0.09120721879311516 0.09120721879311516 O=C(CCCCNS(=O)(=O)c1cccc2ccccc12)Nc1ccc(Br)cc1 0.21262711783250174
 | 22.3758 22.3526 -3.0341 0.1509263 CCCN1C(=O)C(=Cc2ccc(OCC(=O)O)c(OC)c2)SC1=S 1 0.5864713 0.5865 0.1074965 0.1075 0.10749652332209113 ok 0.10749652332209113 0.10749652332209113 CCCN1C(=O)C(=Cc2ccc(OCC(=O)O)c(OC)c2)SC1=S 0.23542851209640503
 | 20.9643 20.8862 55.0999 0.5936413 CCN(CC)CCCC(C)N=c1c2ccccc2[nH]c2ccc(Cl)cc12 1 0.5563201 0.5563 0.6033564 0.6034 0.6033564167284622 ok 0.6033564167284622 0.6033564167284622 CCN(CC)CCCC(C)N=c1c2ccccc2[nH]c2ccc(Cl)cc12 0.5524337490399679
 | 22.7782 22.7764 -4.7150 0.1411043 CN1C(=O)CC(c2ccc(Cl)cc2)C1C(O)c1ccc([N+](=O)[O-])cc1 1 0.6694110 0.6694 0.0956097 0.0956 0.0956097471409154 ok 0.0956097471409154 0.0956097471409154 CN1C(=O)CC(c2ccc(Cl)cc2)C1C(O)c1ccc([N+](=O)[O-])cc1 0.21912672619024912
16:35:46 <INFO> Sampled SMILES C1(C(=O)OC)C(c2ccc(C=CC(=NC(=O)OCC(Cl)(Cl)Cl)(F)F)c(F)c2)CC2N(C)C1CC2 failed to sanitize.
16:42:36 <INFO> Score: 0.17 Agent NLL: 28.78 Valid:  94% Step: 6
 | Agent Prior Target Score SMILES SMILES_state QED Score QED Score (raw) SingleDock Target A SingleDock Target A (raw) boltz2_score (SingleDock Target A) reasons (SingleDock Target A) targetA_score (SingleDock Target A) total_reward (SingleDock Target A) canonical_smiles (SingleDock Target A) target_score_raw (SingleDock Target A)
 | 39.1448 39.2998 -9.8892 0.2297699 CCCCn1ccc2c1C(=O)NCC1(CCN(c3ccc4cccnc4n3)CC1)O2 1 0.7203591 0.7204 0.1726748 0.1727 0.17267484970978272 ok 0.17267484970978272 0.17267484970978272 CCCCn1ccc2c1C(=O)NCC1(CCN(c3ccc4cccnc4n3)CC1)O2 0.3041515698035558
 | 33.9075 33.7283 -18.8463 0.1162659 N=C(NCCN)NCc1ccc2cccnc2c1 1 0.4725274 0.4725 0.0818858 0.0819 0.08188584997562127 ok 0.08188584997562127 0.08188584997562127 N=C(NCCN)NCc1ccc2cccnc2c1 0.19787555932998657
 | 25.6386 25.6006 -14.8498 0.0839906 Cn1c(CCNC(=O)c2ccco2)nnc1SCC(=O)Nc1ccccc1F 1 0.5595635 0.5596 0.0522788 0.0523 0.052278837399117754 ok 0.052278837399117754 0.052278837399117754 Cn1c(CCNC(=O)c2ccco2)nnc1SCC(=O)Nc1ccccc1F 0.13781641547878584
 | 46.5546 46.6207 -46.6207 0.0000000 C1(C(=O)OC)C(c2ccc(C=CC(=NC(=O)OCC(Cl)(Cl)Cl)(F)F)c(F)c2)CC2N(C)C1CC2 0 0.0000000 0.0000 0.0000000 0.0000 None None None None None None
 | 25.0747 25.1328 -9.9669 0.1184837 O=C1C(C(=O)N2CCOCC2)=C(N2CCCC2)c2ccccc21 1 0.7775921 0.7776 0.0740262 0.0740 0.07402621254247256 ok 0.07402621254247256 0.07402621254247256 O=C1C(C(=O)N2CCOCC2)=C(N2CCCC2)c2ccccc21 0.18419666588306427
 | 18.5825 18.4884 36.4238 0.4290012 CC1=CC(C)(C)Nc2ccc(C)cc21 1 0.6540001 0.6540 0.3860813 0.3861 0.3860812630793918 ok 0.3860812630793918 0.3860812630793918 CC1=CC(C)(C)Nc2ccc(C)cc21 0.442023163040479
 | 20.6270 20.6662 -1.1692 0.1523204 COC(=O)CCn1ccc(=O)c(O)c1C 1 0.7357830 0.7358 0.1027449 0.1027 0.10274487663195278 ok 0.10274487663195278 0.10274487663195278 COC(=O)CCn1ccc(=O)c(O)c1C 0.2291135936975479
 | 23.4256 23.4548 -9.5838 0.1083676 Cc1ccc(S(=O)(=O)Nc2cccc(C(=O)O)c2)c(C)c1 1 0.9094824 0.9095 0.0636687 0.0637 0.06366867156785151 ok 0.06366867156785151 0.06366867156785151 Cc1ccc(S(=O)(=O)Nc2cccc(C(=O)O)c2)c(C)c1 0.1639654040336609
 | 36.6589 36.5991 -21.2962 0.1195544 Brc1cccc(N=c2[nH]cnc3cnc(=NCc4ccc(-c5nc6ccccc6[nH]5)cc4)sc23)c1 1 0.3022774 0.3023 0.0948104 0.0948 0.09481035195120954 ok 0.09481035195120954 0.09481035195120954 Brc1cccc(N=c2[nH]cnc3cnc(=NCc4ccc(-c5nc6ccccc6[nH]5)cc4)sc23)c1 0.21796676543696472
 | 25.9124 25.7927 -7.0470 0.1464503 CCN(C(=O)c1ccc(N2CCCCC2)c([N+](=O)[O-])c1)C1CC1 1 0.6175906 0.6176 0.1021969 0.1022 0.10219687671857527 ok 0.10219687671857527 0.10219687671857527 CCN(C(=O)c1ccc(N2CCCCC2)c([N+](=O)[O-])c1)C1CC1 0.22836878895759583
16:49:16 <INFO> Score: 0.17 Agent NLL: 31.28 Valid: 100% Step: 7
 | Agent Prior Target Score SMILES SMILES_state QED Score QED Score (raw) SingleDock Target A SingleDock Target A (raw) boltz2_score (SingleDock Target A) reasons (SingleDock Target A) targetA_score (SingleDock Target A) total_reward (SingleDock Target A) canonical_smiles (SingleDock Target A) target_score_raw (SingleDock Target A)
 | 21.4510 21.5688 -11.2479 0.0806315 NNC(=O)CNC(=O)c1ccc(Cl)cc1 1 0.3879090 0.3879 0.0544438 0.0544 0.05444377879102814 ok 0.05444377879102814 0.05444377879102814 NNC(=O)CNC(=O)c1ccc(Cl)cc1 0.14317440489927927
 | 30.9685 30.9070 -7.5047 0.1828301 CN(C)S(=O)(=O)c1ccc(-c2ccc(COc3ccc(CCC(=O)O)cc3)cc2)cc1F 1 0.5168400 0.5168 0.1410004 0.1410 0.14100044401272388 ok 0.14100044401272388 0.14100044401272388 CN(C)S(=O)(=O)c1ccc(-c2ccc(COc3ccc(CCC(=O)O)cc3)cc2)cc1F 0.27412432928880054
 | 44.0408 44.4885 -26.6569 0.1393097 CCCC#Cc1ccc2c(c1)C1(CCN(c3ccc(-c4nc5ccncc5[nH]4)nn3)CC1)C(C#N)C(=N)O2 1 0.3915214 0.3915 0.1075939 0.1076 0.10759390291879131 ok 0.10759390291879131 0.10759390291879131 CCCC#Cc1ccc2c(c1)C1(CCN(c3ccc(-c4nc5ccncc5[nH]4)nn3)CC1)C(C#N)C(=N)O2 0.23555533587932587
 | 31.0948 31.2867 -7.8816 0.1828527 CCOC(=O)C(C)Oc1ccc(-c2ccc(-c3cc(=O)c4cc(C)cc(C)c4[nH]3)cc2)cc1 1 0.3835394 0.3835 0.1519407 0.1519 0.15194070774462598 ok 0.15194070774462598 0.15194070774462598 CCOC(=O)C(C)Oc1ccc(-c2ccc(-c3cc(=O)c4cc(C)cc(C)c4[nH]3)cc2)cc1 0.28506747633218765
 | 42.0215 42.1302 -29.7788 0.0964955 O=C(c1sc2ccccc2c1Cl)N(c1cc(F)c(F)c(F)c1)C(CO)c1ccc(Cl)cc1 1 0.3023187 0.3023 0.0725300 0.0725 0.07253001229616914 ok 0.07253001229616914 0.07253001229616914 O=C(c1sc2ccccc2c1Cl)N(c1cc(F)c(F)c(F)c1)C(CO)c1ccc(Cl)cc1 0.18144250040253004
 | 54.4271 54.7332 -38.4326 0.1273487 CCCCN(C(=O)NC(C(=O)NC(CC(C)C)C(=O)OC)C(=O)C(F)(F)NC(C=O)C(=O)OCc1ccccc1)c1ccccc1 1 0.0957084 0.0957 0.1367746 0.1368 0.13677461889553 ok 0.13677461889553 0.13677461889553 CCCCN(C(=O)NC(C(=O)NC(CC(C)C)C(=O)OC)C(=O)C(F)(F)NC(C=O)C(=O)OCc1ccccc1)c1ccccc1 0.2697073295712471
 | 26.6576 26.5416 -16.2234 0.0806108 CNC(=O)C(NC(=O)c1cccc(OCC(=O)O)c1)C(C)(C)C 1 0.7256664 0.7257 0.0465379 0.0465 0.046537922070388656 ok 0.046537922070388656 0.046537922070388656 CNC(=O)C(NC(=O)c1cccc(OCC(=O)O)c1)C(C)(C)C 0.1225209819773833
 | 24.6786 24.6636 -14.2426 0.0814142 COc1ccc(C(=O)N2CCCC(C(=O)c3sccc3C)C2)c(OC)c1 1 0.7481007 0.7481 0.0467612 0.0468 0.046761181634000865 ok 0.046761181634000865 0.046761181634000865 COc1ccc(C(=O)N2CCCC(C(=O)c3sccc3C)C2)c(OC)c1 0.12314849222699802
 | 29.4199 29.6605 33.9352 0.4968416 COc1ccc(C(=O)N=c2cc(-c3n[nH]c(-c4ccccc4)n3)cc[nH]2)cc1 1 0.5756405 0.5756 0.4788887 0.4789 0.4788886925849207 ok 0.4788886925849207 0.4788886925849207 COc1ccc(C(=O)N=c2cc(-c3n[nH]c(-c4ccccc4)n3)cc[nH]2)cc1 0.48943806687990826
 | 26.1959 26.3565 -13.8962 0.0973458 CCN1CCN(C(CN(CCC(C)C)S(=O)(=O)c2ccccc2)c2ccccc2)CC1 1 0.5544898 0.5545 0.0630120 0.0630 0.06301198476344422 ok 0.06301198476344422 0.06301198476344422 CCN1CCN(C(CN(CCC(C)C)S(=O)(=O)c2ccccc2)c2ccccc2)CC1 0.1625818063815435
16:49:16 <INFO> Sampled SMILES Brc1cc2c3nc4c(cnc3n2c(CN2C3C(C)CC(C)(CC1)CC3O)nn4)CCC2 failed to sanitize.
16:54:43 <INFO> Score: 0.15 Agent NLL: 34.81 Valid:  94% Step: 8
 | Agent Prior Target Score SMILES SMILES_state QED Score QED Score (raw) SingleDock Target A SingleDock Target A (raw) boltz2_score (SingleDock Target A) reasons (SingleDock Target A) targetA_score (SingleDock Target A) total_reward (SingleDock Target A) canonical_smiles (SingleDock Target A) target_score_raw (SingleDock Target A)
 | 62.4231 62.4074 -62.4074 0.0000000 Brc1cc2c3nc4c(cnc3n2c(CN2C3C(C)CC(C)(CC1)CC3O)nn4)CCC2 0 0.0000000 0.0000 0.0000000 0.0000 None None None None None None
 | 21.1851 20.9419 28.1002 0.3831415 CCCCCCCCOc1cc(Cc2c[nH]c(=N)[nH]c2=N)ccc1OC 1 0.4612710 0.4613 0.3657715 0.3658 0.3657715328306083 ok 0.3657715328306083 0.3657715328306083 CCCCCCCCOc1cc(Cc2c[nH]c(=N)[nH]c2=N)ccc1OC 0.43119995792706806
 | 25.9519 25.7930 -13.5493 0.0956544 C=CCCCCCCCCN(C(C)=O)c1ccc(C(=O)O)cc1 1 0.4770282 0.4770 0.0640096 0.0640 0.06400963223819423 ok 0.06400963223819423 0.06400963223819423 C=CCCCCCCCCN(C(C)=O)c1ccc(C(=O)O)cc1 0.1646785487731298
 | 44.5895 44.5070 -8.3722 0.2823036 CCCCCC1CCCC(C=CC=CCCCCOCC#CCC=CCO)O1 1 0.1782746 0.1783 0.3166819 0.3167 0.3166818941020999 ok 0.3166818941020999 0.3166818941020999 CCCCCC1CCCC(C=CC=CCCCCOCC#CCC=CCO)O1 0.40386716028054553
 | 34.6591 34.7384 -20.4749 0.1114338 CCCc1cccc(NC(=O)c2ccc3c(=O)c(C)c(C)n(Cc4ccccc4)c3c2)c1 1 0.4206961 0.4207 0.0799427 0.0799 0.07994274976059242 ok 0.07994274976059242 0.07994274976059242 CCCc1cccc(NC(=O)c2ccc3c(=O)c(C)c(C)n(Cc4ccccc4)c3c2)c1 0.1946093567336599
 | 45.0131 44.8010 -23.2106 0.1686753 CCCOCC#CC#Cc1cc(OCc2ccccc2)nc(C(N)C(=O)O)n1 1 0.5328284 0.5328 0.1265224 0.1265 0.1265224016545798 ok 0.1265224016545798 0.1265224016545798 CCCOCC#CC#Cc1cc(OCc2ccccc2)nc(C(N)C(=O)O)n1 0.258492112159729
 | 38.7421 38.6625 -25.2429 0.1048407 COc1ccc(C)c(OC(C=O)CCCC2CCN(CCCc3ccccc3)CC2)c1 1 0.4247300 0.4247 0.0738983 0.0739 0.07389827870053478 ok 0.07389827870053478 0.07389827870053478 COc1ccc(C)c(OC(C=O)CCCC2CCN(CCCc3ccccc3)CC2)c1 0.18396318207184473
 | 37.4858 37.3813 -18.4028 0.1482693 CCCN(C)C(=O)c1cc(N=c2[nH]cnc3ccc(-c4ccc(OC)cc4)nc23)ccc1F 1 0.4741241 0.4741 0.1108769 0.1109 0.11087688782042772 ok 0.11087688782042772 0.11087688782042772 CCCN(C)C(=O)c1cc(N=c2[nH]cnc3ccc(-c4ccc(OC)cc4)nc23)ccc1F 0.23977309465408325
 | 27.3223 27.3111 -11.5057 0.1234796 N#Cc1cccc(CN2CCCC(NC3CCOC3)C2)c1 1 0.9177157 0.9177 0.0747854 0.0748 0.07478539721860773 ok 0.07478539721860773 0.07478539721860773 N#Cc1cccc(CN2CCCC(NC3CCOC3)C2)c1 0.1855746159950892
 | 33.9553 33.8911 -10.7235 0.1809966 FC(F)(F)c1cc2cc(Cl)c(Cl)c(OCc3ccccn3)n2n1 1 0.6819174 0.6819 0.1299138 0.1299 0.12991378807586929 ok 0.12991378807586929 0.12991378807586929 FC(F)(F)c1cc2cc(Cl)c(Cl)c(OCc3ccccn3)n2n1 0.2622848451137543
17:00:30 <INFO> Score: 0.21 Agent NLL: 28.64 Valid: 100% Step: 9
 | Agent Prior Target Score SMILES SMILES_state QED Score QED Score (raw) SingleDock Target A SingleDock Target A (raw) boltz2_score (SingleDock Target A) reasons (SingleDock Target A) targetA_score (SingleDock Target A) total_reward (SingleDock Target A) canonical_smiles (SingleDock Target A) target_score_raw (SingleDock Target A)
 | 39.4336 39.5337 -22.5451 0.1327239 CC(NC(=O)c1c(F)cc(-c2cnc3c(=NC4CC(O)C4)[nH]ccn23)cc1F)C(F)(F)F 1 0.5283579 0.5284 0.0939624 0.0940 0.09396244108681374 ok 0.09396244108681374 0.09396244108681374 CC(NC(=O)c1c(F)cc(-c2cnc3c(=NC4CC(O)C4)[nH]ccn23)cc1F)C(F)(F)F 0.2167267973224322
 | 45.7645 45.6813 -32.4289 0.1035342 NCCc1cc(F)c(CN2CCN(Cc3ccc(F)cc3)C(CCO)C2)cc1C#CCCC(F)(F)F 1 0.3926283 0.3926 0.0741924 0.0742 0.07419243691304318 ok 0.07419243691304318 0.07419243691304318 NCCc1cc(F)c(CN2CCN(Cc3ccc(F)cc3)C(CCO)C2)cc1C#CCCC(F)(F)F 0.1844994773467382
 | 17.4446 17.4546 0.9833 0.1440461 O=C1C(=Nc2ccccc2)C(N2CCOCC2)C(=O)c2ccccc21 1 0.8467502 0.8468 0.0925098 0.0925 0.0925098460484275 ok 0.0925098460484275 0.0925098460484275 O=C1C(=Nc2ccccc2)C(N2CCOCC2)C(=O)c2ccccc21 0.2145790457725525
 | 23.4253 23.6364 -5.3826 0.1426078 CCC1(CC)C(=O)OCc2c1cc1n(c2=O)Cc2cc3c([N+](=O)[O-])cccc3nc2-1 1 0.2937132 0.2937 0.1190415 0.1190 0.11904150533921452 ok 0.11904150533921452 0.11904150533921452 CCC1(CC)C(=O)OCc2c1cc1n(c2=O)Cc2cc3c([N+](=O)[O-])cccc3nc2-1 0.24980771293242773
 | 24.2531 24.2541 10.2087 0.2692404 CN(C)C(=O)Cc1[nH]nnc1-c1ccc(-c2ccccc2)cc1 1 0.8059605 0.8060 0.2046901 0.2047 0.20469013971843236 ok 0.20469013971843236 0.20469013971843236 CN(C)C(=O)Cc1[nH]nnc1-c1ccc(-c2ccccc2)cc1 0.33034569025039673
 | 21.3474 21.4495 -8.8773 0.0982203 CCn1c(COc2ccccc2)nnc1SCC(=O)N=c1cc(C)o[nH]1 1 0.6383789 0.6384 0.0615151 0.0615 0.06151514953677641 ok 0.06151514953677641 0.06151514953677641 CCn1c(COc2ccccc2)nnc1SCC(=O)N=c1cc(C)o[nH]1 0.15937709559996924
 | 29.5628 29.6000 2.0233 0.2470566 Cn1c(=NCc2ccccn2)[nH]c2cc(-c3cccc(C(=O)O)c3)sc2c1=O 1 0.5576371 0.5576 0.2015615 0.2016 0.20156153988963693 ok 0.20156153988963693 0.20156153988963693 Cn1c(=NCc2ccccn2)[nH]c2cc(-c3cccc(C(=O)O)c3)sc2c1=O 0.3279296060403188
 | 29.3282 29.3766 43.0263 0.5656483 O=C(NN=Cc1ccc([N+](=O)[O-])o1)c1ccc(-c2cncs2)cc1 1 0.4350202 0.4350 0.6040261 0.6040 0.604026137294327 ok 0.604026137294327 0.604026137294327 O=C(NN=Cc1ccc([N+](=O)[O-])o1)c1ccc(-c2cncs2)cc1 0.5527836581071218
 | 28.2444 28.5069 8.7144 0.2907918 COc1ccc(C2=NC(Cc3ccccc3)C(=O)N(CCCCN3CCN(CCO)CC3)c3ccccc32)cc1 1 0.3741179 0.3741 0.2730396 0.2730 0.27303959336661865 ok 0.27303959336661865 0.27303959336661865 COc1ccc(C2=NC(Cc3ccccc3)C(=O)N(CCCCN3CCN(CCO)CC3)c3ccccc32)cc1 0.37759310007095337
 | 28.6555 28.3251 5.2355 0.2621925 CC(C)(C)c1ccc(OCc2cn(Cc3c[nH]c4cc(Cl)ccc34)nn2)cc1 1 0.4968348 0.4968 0.2234716 0.2235 0.22347155786142958 ok 0.22347155786142958 0.22347155786142958 CC(C)(C)c1ccc(OCc2cn(Cc3c[nH]c4cc(Cl)ccc34)nn2)cc1 0.344306359688441
17:06:21 <INFO> Score: 0.18 Agent NLL: 33.88 Valid: 100% Step: 10
 | Agent Prior Target Score SMILES SMILES_state QED Score QED Score (raw) SingleDock Target A SingleDock Target A (raw) boltz2_score (SingleDock Target A) reasons (SingleDock Target A) targetA_score (SingleDock Target A) total_reward (SingleDock Target A) canonical_smiles (SingleDock Target A) target_score_raw (SingleDock Target A)
 | 32.8085 32.5907 -15.4117 0.1342109 COc1cc(C(=O)NCCC#N)nn1-c1cccc2ccccc12 1 0.7329828 0.7330 0.0877932 0.0878 0.0877932454255283 ok 0.0877932454255283 0.0877932454255283 COc1cc(C(=O)NCCC#N)nn1-c1cccc2ccccc12 0.20738973716894785
 | 48.7381 48.6635 -38.3268 0.0807560 CC(C)(C)OC(=O)N1C(C(=O)NCc2cc3n(n2)CCC3)CC(C)(C)C1c1cccc(C(N)=O)c1 1 0.6789027 0.6789 0.0474260 0.0474 0.04742601140501429 ok 0.04742601140501429 0.04742601140501429 CC(C)(C)OC(=O)N1C(C(=O)NCc2cc3n(n2)CCC3)CC(C)(C)C1c1cccc(C(N)=O)c1 0.1250003824631373
 | 22.3896 22.4350 -6.2154 0.1267155 COCc1cc(=O)[nH]c(SCc2ccccn2)n1 1 0.6553081 0.6553 0.0840284 0.0840 0.08402835260917635 ok 0.08402835260917635 0.08402835260917635 COCc1cc(=O)[nH]c(SCc2ccccn2)n1 0.20139610767364502
 | 27.1498 27.0486 -20.1581 0.0538318 Cn1cc(C(=O)N2CCCC3(COC(CC(=O)N4CCCC4)C3)C2)cn1 1 0.8180944 0.8181 0.0272645 0.0273 0.02726452683656729 ok 0.02726452683656729 0.02726452683656729 Cn1cc(C(=O)N2CCCC3(COC(CC(=O)N4CCCC4)C3)C2)cn1 0.05318428700168928
 | 22.8783 22.7945 -3.5518 0.1503329 c1cnc(N2CCN(CCc3ccc(CN4CCOCC4)cc3)CC2)nc1 1 0.7740154 0.7740 0.0997999 0.0998 0.09979994228378194 ok 0.09979994228378194 0.09979994228378194 c1cnc(N2CCN(CCc3ccc(CN4CCOCC4)cc3)CC2)nc1 0.2250688225030899
 | 28.4821 28.6534 13.5227 0.3295004 O=C1COc2ccc(-c3nc4ccccc4n3-c3cccc(C(F)(F)F)c3)cc2N1 1 0.5045995 0.5046 0.2961988 0.2962 0.2961987988941647 ok 0.2961987988941647 0.2961987988941647 O=C1COc2ccc(-c3nc4ccccc4n3-c3cccc(C(F)(F)F)c3)cc2N1 0.3918168644110362
 | 26.9671 27.1290 6.9549 0.2662800 O=C(CN1CCN(C(=O)c2ccc(-n3cccc3)cc2)CC1)Nc1cc(C(F)(F)F)cc(C(F)(F)F)c1 1 0.4829599 0.4830 0.2294539 0.2295 0.2294538888517717 ok 0.2294538888517717 0.2294538888517717 O=C(CN1CCN(C(=O)c2ccc(-n3cccc3)cc2)CC1)Nc1cc(C(F)(F)F)cc(C(F)(F)F)c1 0.34857532382011414
 | 26.4178 26.5213 -4.6793 0.1706399 CN=c1[nH]c(=Nc2ccc(C(=O)NC3CCN(C)CC3)cc2OC(F)(F)F)[nH]cc1Cl 1 0.6561953 0.6562 0.1218548 0.1219 0.12185475312098255 ok 0.12185475312098255 0.12185475312098255 CN=c1[nH]c(=Nc2ccc(C(=O)NC3CCN(C)CC3)cc2OC(F)(F)F)[nH]cc1Cl 0.25312722225983936
 | 28.4302 28.4534 -15.1651 0.1038152 CNCC(=O)NCc1cncc(-c2cnc3ccccc3c2)c1 1 0.7576427 0.7576 0.0631626 0.0632 0.06316260058486116 ok 0.06316260058486116 0.06316260058486116 CNCC(=O)NCc1cncc(-c2cnc3ccccc3c2)c1 0.16290032863616943
 | 82.3952 82.3747 -65.2804 0.1335494 COCC1C2Cc3ccc(O)c4c3C35C2CC2(C)CC6(ONNN2)C(c2ccccc2)C6(CCC13O)C5O4 1 0.4234900 0.4235 0.1000787 0.1001 0.10007866270871821 ok 0.10007866270871821 0.10007866270871821 COCC1C2Cc3ccc(O)c4c3C35C2CC2(C)CC6(ONNN2)C(c2ccccc2)C6(CCC13O)C5O4 0.22545614341894785
17:12:41 <INFO> Score: 0.18 Agent NLL: 26.45 Valid: 100% Step: 11
 | Agent Prior Target Score SMILES SMILES_state QED Score QED Score (raw) SingleDock Target A SingleDock Target A (raw) boltz2_score (SingleDock Target A) reasons (SingleDock Target A) targetA_score (SingleDock Target A) total_reward (SingleDock Target A) canonical_smiles (SingleDock Target A) target_score_raw (SingleDock Target A)
 | 22.5270 22.8116 31.7559 0.4263084 O=C(NCCN1CCOCC1)c1cccc(NC(=O)c2ccc(-c3ccccc3)cc2)c1 1 0.6013234 0.6013 0.3911811 0.3912 0.39118108059798196 ok 0.39118108059798196 0.39118108059798196 O=C(NCCN1CCOCC1)c1cccc(NC(=O)c2ccc(-c3ccccc3)cc2)c1 0.4447062114874522
 | 30.3680 30.4444 14.8767 0.3540709 Cc1ccc(Cn2nnnc2C(c2cccc(F)c2)N2CCN(CC=Cc3ccccc3)CC2)cc1 1 0.3677534 0.3678 0.3507306 0.3507 0.3507305671063795 ok 0.3507305671063795 0.3507305671063795 Cc1ccc(Cn2nnnc2C(c2cccc(F)c2)N2CCN(CC=Cc3ccccc3)CC2)cc1 0.4230213165283203
 | 50.5012 50.3566 -37.9519 0.0969119 CC1CCC(C(O)CCC(C)C(COC2CCC(O)C(C)(C)O2)NC(=O)c2ccoc2)O1 1 0.4993971 0.4994 0.0643221 0.0643 0.06432207576847214 ok 0.06432207576847214 0.06432207576847214 CC1CCC(C(O)CCC(C)C(COC2CCC(O)C(C)(C)O2)NC(=O)c2ccoc2)O1 0.16532894720633826
 | 30.6556 30.4733 -22.8446 0.0595995 Cc1ncc(CNC(=O)CC2C(=O)CCCN2Cc2cccc(F)c2)s1 1 0.8433781 0.8434 0.0307289 0.0307 0.0307289222240584 ok 0.0307289222240584 0.0307289222240584 Cc1ncc(CNC(=O)CC2C(=O)CCCN2Cc2cccc(F)c2)s1 0.06858249753713608
 | 33.2775 33.4672 -25.1166 0.0652394 CS(=O)(=O)N1CCN(Cc2nc3ccccc3c3c(-c4cc[nH]c(=NC5CC5)n4)c(-c4ccc(F)cc4)nn23)CC1 1 0.3345613 0.3346 0.0433529 0.0434 0.04335293507043019 ok 0.04335293507043019 0.04335293507043019 CS(=O)(=O)N1CCN(Cc2nc3ccccc3c3c(-c4cc[nH]c(=NC5CC5)n4)c(-c4ccc(F)cc4)nn23)CC1 0.1132424846291542
 | 31.3721 31.3283 -22.1232 0.0719146 CCCc1cc(CNC2CS(=O)(=O)CC(Cc3ccc(C)cc3)C2O)cc(C)c1OCC(F)(F)F 1 0.5230010 0.5230 0.0437921 0.0438 0.04379212037404662 ok 0.04379212037404662 0.04379212037404662 CCCc1cc(CNC2CS(=O)(=O)CC(Cc3ccc(C)cc3)C2O)cc(C)c1OCC(F)(F)F 0.11455982054273288
 | 26.7670 26.6445 12.4678 0.3055649 CCc1cccc(NC(=S)NN=Cc2ccc(OC)c(OC)c2OC)c1 1 0.4392605 0.4393 0.2790608 0.2791 0.2790608152258817 ok 0.2790608152258817 0.2790608152258817 CCc1cccc(NC(=S)NN=Cc2ccc(OC)c(OC)c2OC)c1 0.38135936856269836
 | 22.4171 22.4849 -2.7606 0.1540960 COc1ccc(C(=O)NCC(=O)NN=Cc2cccc(OC)c2OC)cc1 1 0.5424365 0.5424 0.1124999 0.1125 0.11249986333087504 ok 0.11249986333087504 0.11249986333087504 COc1ccc(C(=O)NCC(=O)NN=Cc2cccc(OC)c2OC)cc1 0.24181791643301645
 | 21.5785 21.6604 22.5398 0.3453145 O=c1[nH]c2ccccc2n1-c1nc2ccccc2o1 1 0.5648485 0.5648 0.3053413 0.3053 0.305341348127182 ok 0.305341348127182 0.305341348127182 O=c1[nH]c2ccccc2n1-c1nc2ccccc2o1 0.3972512185573578
 | 21.7297 21.7378 -5.2178 0.1290629 COc1ccc(N2CCN(C(=O)c3ccc(C)c(S(=O)(=O)N4CCOCC4)c3)CC2)cc1 1 0.6805173 0.6805 0.0851710 0.0852 0.08517102434170473 ok 0.08517102434170473 0.08517102434170473 COc1ccc(N2CCN(C(=O)c3ccc(C)c(S(=O)(=O)N4CCOCC4)c3)CC2)cc1 0.20324051876862845
17:19:14 <INFO> Score: 0.13 Agent NLL: 29.10 Valid: 100% Step: 12
 | Agent Prior Target Score SMILES SMILES_state QED Score QED Score (raw) SingleDock Target A SingleDock Target A (raw) boltz2_score (SingleDock Target A) reasons (SingleDock Target A) targetA_score (SingleDock Target A) total_reward (SingleDock Target A) canonical_smiles (SingleDock Target A) target_score_raw (SingleDock Target A)
 | 35.4068 35.2343 -16.1235 0.1493035 C=CC=CC1(CC=C)CC(C=C(C)C)CCC1=O 1 0.5089307 0.5089 0.1098811 0.1099 0.10988110377535086 ok 0.10988110377535086 0.10988110377535086 C=CC=CC1(CC=C)CC(C=C(C)C)CCC1=O 0.23850548267364502
 | 24.9492 24.7992 -2.9666 0.1705676 O=C(CCCN1CCN(c2cccc(C(F)(F)F)c2)CC1)NC1c2ccccc2CSc2ccccc21 1 0.4207775 0.4208 0.1360999 0.1361 0.13609986531990143 ok 0.13609986531990143 0.13609986531990143 O=C(CCCN1CCN(c2cccc(C(F)(F)F)c2)CC1)NC1c2ccccc2CSc2ccccc21 0.2689914678533872
 | 29.6945 29.8457 -16.2087 0.1065387 Cc1nccn1C1CC(n2cc(C(F)(F)F)c(=N)[nH]c2=O)OC1CO 1 0.7494616 0.7495 0.0654180 0.0654 0.06541798322598853 ok 0.06541798322598853 0.06541798322598853 Cc1nccn1C1CC(n2cc(C(F)(F)F)c(=N)[nH]c2=O)OC1CO 0.16758722563584647
 | 30.5655 30.5439 -10.6938 0.1550790 c1ccc(CN2CCN(CC3CCc4ncc(-c5ccsc5)n4C3)CC2)cc1 1 0.6561121 0.6561 0.1081301 0.1081 0.10813010624410851 ok 0.10813010624410851 0.10813010624410851 c1ccc(CN2CCN(CC3CCc4ncc(-c5ccsc5)n4C3)CC2)cc1 0.23625186582406363
 | 21.7981 21.6725 7.7662 0.2299899 COC1OC(C)(C)OC2COC(c3ccccc3)OC21 1 0.8309894 0.8310 0.1668158 0.1668 0.1668158047151512 ok 0.1668158047151512 0.1668158047151512 COC1OC(C)(C)OC2COC(c3ccccc3)OC21 0.29895443717638653
 | 33.7271 33.3231 -13.1112 0.1579056 CCOc1c(-c2ccc(OC)nc2)c(=O)[nH]c2c(C(N)=O)cccc12 1 0.7399751 0.7400 0.1073230 0.1073 0.10732299965177361 ok 0.10732299965177361 0.10732299965177361 CCOc1c(-c2ccc(OC)nc2)c(=O)[nH]c2c(C(N)=O)cccc12 0.2352022702495257
 | 24.1074 24.1880 -13.4436 0.0839411 N=c1nc[nH]c(N2CCC(c3nc(-c4ccc(F)c(C(F)(F)F)c4)cn3CCN3CCC3)CC2)c1-c1nc2ccccc2o1 1 0.2269401 0.2269 0.0654622 0.0655 0.06546216220958181 ok 0.06546216220958181 0.06546216220958181 N=c1nc[nH]c(N2CCC(c3nc(-c4ccc(F)c(C(F)(F)F)c4)cn3CCN3CCC3)CC2)c1-c1nc2ccccc2o1 0.16767752294739088
 | 30.8066 31.2314 -19.1712 0.0942201 CCN1CCCC12CCn1ncc(C(=O)Nc3ccc4c(c3)OCO4)c1N2 1 0.8652728 0.8653 0.0541242 0.0541 0.0541241722949928 ok 0.0541241722949928 0.0541241722949928 CCN1CCCC12CCn1ncc(C(=O)Nc3ccc4c(c3)OCO4)c1N2 0.14239619920651117
 | 35.3808 35.1291 -8.0662 0.2114290 NC(=O)C1CCCCC1C(=O)N1CCn2cc(C(=O)c3cccc4ccccc34)cc2C1 1 0.6442773 0.6443 0.1600249 0.1600 0.1600249176423394 ok 0.1600249176423394 0.1600249176423394 NC(=O)C1CCCCC1C(=O)N1CCn2cc(C(=O)c3cccc4ccccc34)cc2C1 0.29274466385444003
 | 35.3690 35.3443 -24.8839 0.0817220 COc1ccccc1CCNS(=O)(=O)CCn1c(=O)[nH]c2c(=N)[nH]cnc21 1 0.4158040 0.4158 0.0544128 0.0544 0.05441282359605662 ok 0.05441282359605662 0.05441282359605662 COc1ccccc1CCNS(=O)(=O)CCn1c(=O)[nH]c2c(=N)[nH]cnc21 0.1430992210904757
17:25:52 <INFO> Score: 0.23 Agent NLL: 28.73 Valid: 100% Step: 13
 | Agent Prior Target Score SMILES SMILES_state QED Score QED Score (raw) SingleDock Target A SingleDock Target A (raw) boltz2_score (SingleDock Target A) reasons (SingleDock Target A) targetA_score (SingleDock Target A) total_reward (SingleDock Target A) canonical_smiles (SingleDock Target A) target_score_raw (SingleDock Target A)
 | 29.6980 29.5324 -8.1173 0.1673053 CC1=CC(C)(C)N(C(=O)COC(=O)CNC(=O)c2ccccc2F)c2cc(C)ccc21 1 0.7439965 0.7440 0.1152111 0.1152 0.11521114325152465 ok 0.11521114325152465 0.11521114325152465 CC1=CC(C)(C)N(C(=O)COC(=O)CNC(=O)c2ccccc2F)c2cc(C)ccc21 0.24517717957496643
 | 38.0651 37.5960 -27.0863 0.0821071 CCCOc1cc(=O)n(C)c(-c2ccc(S(=O)(=O)OCC(C)C)cc2)n1 1 0.6543293 0.6543 0.0488683 0.0489 0.04886827287949201 ok 0.04886827287949201 0.04886827287949201 CCCOc1cc(=O)n(C)c(-c2ccc(S(=O)(=O)OCC(C)C)cc2)n1 0.128934475282828
 | 38.4495 38.4213 -26.6026 0.0923342 CC1CCCN1C1CCN(c2cccc(-c3ncnc4c3CCN(c3cc(C5CC5)nn3C)CC4)n2)CC1 1 0.5074266 0.5074 0.0603059 0.0603 0.06030592180708276 ok 0.06030592180708276 0.06030592180708276 CC1CCCN1C1CCN(c2cccc(-c3ncnc4c3CCN(c3cc(C5CC5)nn3C)CC4)n2)CC1 0.15673449138800302
 | 35.6218 35.8122 -2.5893 0.2595535 COC(=O)C1C2C(=O)CCCC2=NC(N=c2nccc[nH]2)=NC1c1ccccc1Br 1 0.6811725 0.6812 0.2039244 0.2039 0.20392442335075342 ok 0.20392442335075342 0.20392442335075342 COC(=O)C1C2C(=O)CCCC2=NC(N=c2nccc[nH]2)=NC1c1ccccc1Br 0.3297569155693054
 | 28.6378 28.5891 -15.9572 0.0986869 COCc1noc(-c2cc(C(=O)NCC3CC3)ccc2C)n1 1 0.8857514 0.8858 0.0570160 0.0570 0.05701596775856199 ok 0.05701596775856199 0.05701596775856199 COCc1noc(-c2cc(C(=O)NCC3CC3)ccc2C)n1 0.14928525189558664
 | 30.3755 30.5099 33.4728 0.4998646 Cc1cc(N)c(C(=O)O)cc1-c1ccc(C=C2SC(=S)N(CC(=O)O)C2=O)o1 1 0.3804782 0.3805 0.5351592 0.5352 0.5351592020453196 ok 0.5351592020453196 0.5351592020453196 Cc1cc(N)c(C(=O)O)cc1-c1ccc(C=C2SC(=S)N(CC(=O)O)C2=O)o1 0.51760866244634
 | 31.5629 31.4136 -16.3937 0.1173433 COc1ccc(S(=O)(=O)Oc2ccc3[nH]c(C(=O)O)cc3c2)cc1OC 1 0.6346257 0.6346 0.0769474 0.0769 0.07694735512778289 ok 0.07694735512778289 0.07694735512778289 COc1ccc(S(=O)(=O)Oc2ccc3[nH]c(C(=O)O)cc3c2)cc1OC 0.1894294023513794
 | 24.5689 24.8423 14.2789 0.3056342 O=S(=O)(Nc1cccc(N=c2c3ccccc3[nH]c3ccccc23)c1)c1ccccc1 1 0.3807786 0.3808 0.2892906 0.2893 0.28929059652689615 ok 0.28929059652689615 0.28929059652689615 O=S(=O)(Nc1cccc(N=c2c3ccccc3[nH]c3ccccc23)c1)c1ccccc1 0.38764600952466327
 | 24.4236 24.5227 25.3338 0.3895035 CCc1n[nH]c(=NC(=O)CSc2nc(=O)c3sc4ccccc4c3[nH]2)s1 1 0.4027056 0.4027 0.3862712 0.3863 0.3862711653432483 ok 0.3862711653432483 0.3862711653432483 CCc1n[nH]c(=NC(=O)CSc2nc(=O)c3sc4ccccc4c3[nH]2)s1 0.44212330381075543
 | 22.4519 22.2776 -12.4381 0.0768711 CC(C(=O)O)C(=O)OCc1ccccc1 1 0.6004771 0.6005 0.0459811 0.0460 0.04598114095423455 ok 0.04598114095423455 0.04598114095423455 CC(C(=O)O)C(=O)OCc1ccccc1 0.12094348669052124
17:32:06 <INFO> Score: 0.23 Agent NLL: 24.00 Valid: 100% Step: 14
 | Agent Prior Target Score SMILES SMILES_state QED Score QED Score (raw) SingleDock Target A SingleDock Target A (raw) boltz2_score (SingleDock Target A) reasons (SingleDock Target A) targetA_score (SingleDock Target A) total_reward (SingleDock Target A) canonical_smiles (SingleDock Target A) target_score_raw (SingleDock Target A)
 | 22.3716 22.6295 -14.4710 0.0637382 COc1cccc(CN2CCN(CC3CC3)C3CS(=O)(=O)CC32)c1 1 0.8031726 0.8032 0.0338297 0.0338 0.03382965669573192 ok 0.03382965669573192 0.03382965669573192 COc1cccc(CN2CCN(CC3CC3)C3CS(=O)(=O)CC32)c1 0.0809997096657753
 | 24.9571 24.9583 -5.4220 0.1526273 Cc1ccc(Cl)cc1N1CCN(C(=O)c2cc(S(=O)(=O)N(C)C)c[nH]2)CC1 1 0.8377112 0.8377 0.0997164 0.0997 0.09971642659388466 ok 0.09971642659388466 0.09971642659388466 Cc1ccc(Cl)cc1N1CCN(C(=O)c2cc(S(=O)(=O)N(C)C)c[nH]2)CC1 0.2249525785446167
 | 20.2498 20.5869 5.5949 0.2045453 COc1cc(C=C2SC(=S)N(c3cccc(C(F)(F)F)c3)C2=O)ccc1O 1 0.5794680 0.5795 0.1576629 0.1577 0.15766286198321205 ok 0.15766286198321205 0.15766286198321205 COc1cc(C=C2SC(=S)N(c3cccc(C(F)(F)F)c3)C2=O)ccc1O 0.290534829099973
 | 27.6889 27.7789 -19.1998 0.0670239 CCOc1ccc(OCC)c(NC(=O)CN2CCCN(Cc3c(F)cccc3F)S2(=O)=O)c1 1 0.5921380 0.5921 0.0388760 0.0389 0.038875976235381166 ok 0.038875976235381166 0.038875976235381166 CCOc1ccc(OCC)c(NC(=O)CN2CCCN(Cc3c(F)cccc3F)S2(=O)=O)c1 0.09903412808974583
 | 18.7031 18.7398 34.3077 0.4144342 CSc1cc(-c2ccc(F)cc2)[nH]c(=O)c1C#N 1 0.8445990 0.8446 0.3468621 0.3469 0.3468620669565431 ok 0.3468620669565431 0.3468620669565431 CSc1cc(-c2ccc(F)cc2)[nH]c(=O)c1C#N 0.4208923578262329
 | 26.5297 27.0261 42.7849 0.5453985 O=C1CN2CCC=CC2c2[nH]c(=Nc3ccccc3)sc21 1 0.8228564 0.8229 0.4921092 0.4921 0.49210917904012424 ok 0.49210917904012424 0.49210917904012424 O=C1CN2CCC=CC2c2[nH]c(=Nc3ccccc3)sc21 0.4960542619228363
 | 21.8840 21.7276 1.4880 0.1813715 COc1ccc(CCn2c(=O)cc(O)n(CCc3cccc(Cl)c3)c2=O)cc1OC 1 0.5938263 0.5938 0.1348331 0.1348 0.13483312166866124 ok 0.13483312166866124 0.13483312166866124 COc1ccc(CCn2c(=O)cc(O)n(CCc3cccc(Cl)c3)c2=O)cc1OC 0.2676394333442052
 | 35.0331 35.1076 -15.4065 0.1539152 COc1ccc(-n2nc(CNc3ccc(Cl)c(NS(C)(=O)=O)c3)c3c2C(=O)N(O)CC3)cc1 1 0.4336528 0.4337 0.1188000 0.1188 0.11879995214533812 ok 0.11879995214533812 0.11879995214533812 COc1ccc(-n2nc(CNc3ccc(Cl)c(NS(C)(=O)=O)c3)c3c2C(=O)N(O)CC3)cc1 0.24951954185962677
 | 20.9837 20.9023 5.6243 0.2072391 COc1cc2cccc(C(=O)c3cc(OC)c(OC)c(OC)c3)c2cc1OC 1 0.5731510 0.5732 0.1607024 0.1607 0.16070238674393386 ok 0.16070238674393386 0.16070238674393386 COc1cc2cccc(C(=O)c3cc(OC)c(OC)c(OC)c3)c2cc1OC 0.29337359468142193
 | 19.7017 19.6326 25.8960 0.3556923 Cc1csc2nc(COc3ccc(Cl)cc3)cc(=O)n12 1 0.7455085 0.7455 0.2956174 0.2956 0.29561735213251766 ok 0.29561735213251766 0.29561735213251766 Cc1csc2nc(COc3ccc(Cl)cc3)cc(=O)n12 0.39146801829338074
17:38:38 <INFO> Score: 0.16 Agent NLL: 31.37 Valid: 100% Step: 15
 | Agent Prior Target Score SMILES SMILES_state QED Score QED Score (raw) SingleDock Target A SingleDock Target A (raw) boltz2_score (SingleDock Target A) reasons (SingleDock Target A) targetA_score (SingleDock Target A) total_reward (SingleDock Target A) canonical_smiles (SingleDock Target A) target_score_raw (SingleDock Target A)
 | 24.9725 25.0009 0.2159 0.1970061 O=C(Cc1ccc(F)cc1)N1CCN(c2cccc3ccccc23)CC1 1 0.7173143 0.7173 0.1426173 0.1426 0.14261734224339923 ok 0.14261734224339923 0.14261734224339923 O=C(Cc1ccc(F)cc1)N1CCN(c2cccc3ccccc23)CC1 0.275785098473231
 | 25.2435 24.8834 -9.2824 0.1218831 Cc1ccc(OCc2nnc(SCc3csc(=N)[nH]3)n2C)cc1 1 0.6720930 0.6721 0.0795375 0.0795 0.07953750250834049 ok 0.07953750250834049 0.07953750250834049 Cc1ccc(OCc2nnc(SCc3csc(=N)[nH]3)n2C)cc1 0.19391904771327972
 | 46.4432 46.3326 -35.1463 0.0873933 CC12CC(=O)C(=O)C=C1CC1C3CCC14C(=NO)CN(Cc1cccs1)CC2CCC34C 1 0.4011070 0.4011 0.0597080 0.0597 0.05970802529665785 ok 0.05970802529665785 0.05970802529665785 CC12CC(=O)C(=O)C=C1CC1C3CCC14C(=NO)CN(Cc1cccs1)CC2CCC34C 0.15540950000286102
 | 33.3338 33.0834 -24.5305 0.0668194 Cc1cccc(-c2ncc[nH]2)c1C(=O)N1CCC(C(=O)N2CCOCC2)CC1 1 0.8817741 0.8818 0.0350581 0.0351 0.03505812337119218 ok 0.03505812337119218 0.03505812337119218 Cc1cccc(-c2ncc[nH]2)c1C(=O)N1CCC(C(=O)N2CCOCC2)CC1 0.08561743547519048
 | 31.1919 31.3267 -4.6495 0.2084159 C[N+](C)(Cc1cccc(Cl)c1)CC1Cc2ccccc2-c2ccccc21 1 0.5049063 0.5049 0.1670556 0.1671 0.16705557543594243 ok 0.16705557543594243 0.16705557543594243 C[N+](C)(Cc1cccc(Cl)c1)CC1Cc2ccccc2-c2ccccc21 0.29916995267073315
 | 24.0808 23.9661 -16.1506 0.0610582 Cc1ocnc1CN1CCC(n2[nH]ccc2=NC(=O)CCc2ccccc2)CC1 1 0.6981741 0.6982 0.0332039 0.0332 0.033203903142102205 ok 0.033203903142102205 0.033203903142102205 Cc1ocnc1CN1CCC(n2[nH]ccc2=NC(=O)CCc2ccccc2)CC1 0.07858497773607571
 | 29.3674 29.4850 -16.6433 0.1003256 O=C(NCCc1ccccc1O)C(NS(=O)(=O)c1ccc(F)cc1)c1ccccc1 1 0.5141418 0.5141 0.0666797 0.0667 0.06667973442346245 ok 0.06667973442346245 0.06667973442346245 O=C(NCCc1ccccc1O)C(NS(=O)(=O)c1ccc(F)cc1)c1ccccc1 0.1701440835992495
 | 42.6195 42.8112 -27.5075 0.1195601 CCOC(=O)C1CC(O)(c2ccc(-c3ccoc3)cc2)N(Cc2cccs2)C1C(=O)OCC 1 0.4954177 0.4954 0.0837992 0.0838 0.08379919295760481 ok 0.08379919295760481 0.08379919295760481 CCOC(=O)C1CC(O)(c2ccc(-c3ccoc3)cc2)N(Cc2cccs2)C1C(=O)OCC 0.20102347681919733
 | 31.3268 31.6814 -20.6437 0.0862321 CCN(CC)Cc1ccc2cc(CN(CC#N)c3ccc(C(=O)NC(CCC(=O)O)C(=O)O)cc3)ccc2n1 1 0.2651898 0.2652 0.0651174 0.0651 0.06511742242358395 ok 0.06511742242358395 0.06511742242358395 CCN(CC)Cc1ccc2cc(CN(CC#N)c3ccc(C(=O)NC(CCC(=O)O)C(=O)O)cc3)ccc2n1 0.16697140038013458
 | 28.3159 28.2944 -12.6012 0.1226033 C=CCNNC(=O)c1cc(C)cc(C)c1O 1 0.4084545 0.4085 0.0907490 0.0907 0.09074900521269895 ok 0.09074900521269895 0.09074900521269895 C=CCNNC(=O)c1cc(C)cc(C)c1O 0.2119345416625341
17:44:33 <INFO> Score: 0.19 Agent NLL: 27.04 Valid: 100% Step: 16
 | Agent Prior Target Score SMILES SMILES_state QED Score QED Score (raw) SingleDock Target A SingleDock Target A (raw) boltz2_score (SingleDock Target A) reasons (SingleDock Target A) targetA_score (SingleDock Target A) total_reward (SingleDock Target A) canonical_smiles (SingleDock Target A) target_score_raw (SingleDock Target A)
 | 27.9434 27.9769 -9.8158 0.1418833 Cc1ccccc1NC(=O)CCCC1=NS(=O)(=O)c2cc(Br)ccc2N1 1 0.7396782 0.7397 0.0938974 0.0939 0.0938973658139455 ok 0.0938973658139455 0.0938973658139455 Cc1ccccc1NC(=O)CCCC1=NS(=O)(=O)c2cc(Br)ccc2N1 0.216631218791008
 | 23.5918 23.4235 -8.0803 0.1198686 CCN(Cc1ccccc1)C(=O)Cn1c(=O)oc2ccccc21 1 0.7277529 0.7278 0.0763635 0.0764 0.07636352638904563 ok 0.07636352638904563 0.07636352638904563 CCN(Cc1ccccc1)C(=O)Cn1c(=O)oc2ccccc21 0.18839832643667856
 | 18.2164 18.1458 19.9842 0.2978910 COc1cc(C=Cc2cccnc2)cc(OC)c1 1 0.8228516 0.8229 0.2310689 0.2311 0.23106885505452432 ok 0.23106885505452432 0.23106885505452432 COc1cc(C=Cc2cccnc2)cc(OC)c1 0.34971428910891217
 | 23.6303 23.8771 -9.5296 0.1120899 CCCN1C(=O)C(=O)N(CC(=O)N=c2ccc(Cl)c[nH]2)C1=O 1 0.6349875 0.6350 0.0726552 0.0727 0.07265519495297239 ok 0.07265519495297239 0.07265519495297239 CCCN1C(=O)C(=O)N(CC(=O)N=c2ccc(Cl)c[nH]2)C1=O 0.1816749299565951
 | 27.2494 27.5889 18.1172 0.3570788 CC1CCC2=C(C1)c1ccc(-c3cccnc3)cc1CC2(C)C 1 0.6384000 0.6384 0.3088033 0.3088 0.3088033014152405 ok 0.3088033014152405 0.3088033014152405 CC1CCC2=C(C1)c1ccc(-c3cccnc3)cc1CC2(C)C 0.3992850085099538
 | 36.0625 36.2819 -4.2218 0.2504691 COc1ccc(NC(=O)CCN=c2[nH]c(=NCc3ccccc3OC)[nH]c(=NC3CC3)[nH]2)cc1Cl 1 0.3616677 0.3617 0.2284890 0.2285 0.22848903207995205 ok 0.22848903207995205 0.22848903207995205 COc1ccc(NC(=O)CCN=c2[nH]c(=NCc3ccccc3OC)[nH]c(=NC3CC3)[nH]2)cc1Cl 0.347892165184021
 | 35.3609 35.4019 -15.6970 0.1539444 CC(C)C(S)C(=O)NC(CC(=O)O)C(=O)NCC(=O)NC(CCCN=C(N)N)C(=O)NC(CCCCN)C(=O)O 1 0.0300095 0.0300 0.2316808 0.2317 0.23168077852805583 ok 0.23168077852805583 0.23168077852805583 CC(C)C(S)C(=O)NC(CC(=O)O)C(=O)NCC(=O)NC(CCCN=C(N)N)C(=O)NC(CCCCN)C(=O)O 0.3501443962256114
 | 23.3040 23.6011 -4.3967 0.1500339 O=c1c(CN2CCN(Cc3ccccc3)CC2)c(O)[nH]c2ccccc12 1 0.7599744 0.7600 0.1000085 0.1000 0.10000849398866209 ok 0.10000849398866209 0.10000849398866209 O=c1c(CN2CCN(Cc3ccccc3)CC2)c(O)[nH]c2ccccc12 0.2253587245941162
 | 22.7785 23.1437 -3.8814 0.1504869 O=C(CSCC(=O)N=c1[nH]ccs1)N=c1ccc(Cl)c[nH]1 1 0.8782022 0.8782 0.0968222 0.0968 0.09682217325786052 ok 0.09682217325786052 0.09682217325786052 O=C(CSCC(=O)N=c1[nH]ccs1)N=c1ccc(Cl)c[nH]1 0.22086957097053528
 | 17.5161 18.1219 19.1769 0.2913969 O=C(CCCCCCS)N=c1[nH]c(-c2ccccc2)cs1 1 0.5865067 0.5865 0.2446458 0.2446 0.2446458373690429 ok 0.2446458373690429 0.2446458373690429 O=C(CCCCCCS)N=c1[nH]c(-c2ccccc2)cs1 0.3590781092643738
17:44:33 <INFO> Sampled SMILES c1c(Cc2sc(=N)[nH]c2C)c2c(c(OC)c3ccoc13)cccc2C failed to sanitize.
17:44:33 <INFO> Sampled SMILES c1c(N2CCN(CCNS(c3cc4c5c(c3)cccc5)cc(S(=O)(=O)NCCO)c4)CC2)cc(OC)cc1 failed to sanitize.
17:50:06 <INFO> Score: 0.17 Agent NLL: 32.56 Valid:  88% Step: 17
 | Agent Prior Target Score SMILES SMILES_state QED Score QED Score (raw) SingleDock Target A SingleDock Target A (raw) boltz2_score (SingleDock Target A) reasons (SingleDock Target A) targetA_score (SingleDock Target A) total_reward (SingleDock Target A) canonical_smiles (SingleDock Target A) target_score_raw (SingleDock Target A)
 | 29.4641 29.5175 -18.9262 0.0827441 c1cc2c(s1)C(NC1CC3CCC1C3)CCC2 1 0.8354065 0.8354 0.0464191 0.0464 0.0464190896136333 ok 0.0464190896136333 0.0464190896136333 c1cc2c(s1)C(NC1CC3CCC1C3)CCC2 0.12218581388394038
 | 36.3363 36.2090 -27.3848 0.0689394 O=[N+]([O-])c1ccc2[nH]c3c(c2c1)CCN(Cc1ccc(Cl)c(Cl)c1)CC3C(O)=NO 1 0.1728717 0.1729 0.0547840 0.0548 0.05478396264307254 ok 0.05478396264307254 0.05478396264307254 O=[N+]([O-])c1ccc2[nH]c3c(c2c1)CCN(Cc1ccc(Cl)c(Cl)c1)CC3C(O)=NO 0.1439979982872804
 | 30.6199 30.8886 -14.3557 0.1291634 O=C(NC1CCC(c2ccncc2)CC1)N1CCc2cc(Br)ccc21 1 0.7983091 0.7983 0.0819184 0.0819 0.08191840964348049 ok 0.08191840964348049 0.08191840964348049 O=C(NC1CCC(c2ccncc2)CC1)N1CCc2cc(Br)ccc21 0.19792968531449637
 | 38.4832 38.3034 22.9311 0.4783948 O=C(NC(CN1CCC(O)C1)c1ccccn1)c1ccc2c(-c3nc4ccccc4[nH]3)[nH]nc2c1 1 0.3044584 0.3045 0.5356130 0.5356 0.535612972775741 ok 0.535612972775741 0.535612972775741 O=C(NC(CN1CCC(O)C1)c1ccccn1)c1ccc2c(-c3nc4ccccc4[nH]3)[nH]nc2c1 0.5178366899490356
 | 29.1271 29.1405 -14.3837 0.1152873 CCOC(=O)C(Cc1c[nH]c2ccccc12)N1C(=O)C(=Cc2ccc(F)cc2)SC1=S 1 0.3328610 0.3329 0.0884425 0.0884 0.08844248913301864 ok 0.08844248913301864 0.08844248913301864 CCOC(=O)C(Cc1c[nH]c2ccccc12)N1C(=O)C(=Cc2ccc(F)cc2)SC1=S 0.20839972669879595
 | 40.3590 40.6352 -27.9246 0.0993016 CCCc1ccccc1OCCC1(C(=O)NC2Cc3ccccc32)NCCC1=O 1 0.6776241 0.6776 0.0614395 0.0614 0.06143953489922873 ok 0.06143953489922873 0.06143953489922873 CCCc1ccccc1OCCC1(C(=O)NC2Cc3ccccc32)NCCC1=O 0.15921327968438467
 | 24.9778 24.6782 -8.6820 0.1249704 COC(=O)C1C(=O)CC(=Nc2cc(C(C)C)ccc2C)CC1C 1 0.6260045 0.6260 0.0835343 0.0835 0.0835342595353522 ok 0.0835342595353522 0.0835342595353522 COC(=O)C1C(=O)CC(=Nc2cc(C(C)C)ccc2C)CC1C 0.20059151947498322
 | 22.8324 23.1017 21.2328 0.3463633 CCOC(=O)C1C(C)=Nc2[nH]c3c(c(=N)c2C1c1cccc(OC)c1)CCCC3 1 0.7747231 0.7747 0.2832228 0.2832 0.283222819417096 ok 0.283222819417096 0.283222819417096 CCOC(=O)C1C(C)=Nc2[nH]c3c(c(=N)c2C1c1cccc(OC)c1)CCCC3 0.3839336136976878
 | 37.8868 37.5063 -22.1797 0.1197394 Cc1cc([N+](=O)[O-])cc(NC(=S)NCc2cc3n(n2)CCCNC3)c1C 1 0.4294006 0.4294 0.0870123 0.0870 0.08701228736660377 ok 0.08701228736660377 0.08701228736660377 Cc1cc([N+](=O)[O-])cc(NC(=S)NCc2cc3n(n2)CCCNC3)c1C 0.2061658650636673
 | 26.4651 26.7762 -9.0559 0.1384395 CCSCc1cc[n+](Cc2ccccc2C[n+]2ccccc2)cc1 1 0.5982724 0.5983 0.0960175 0.0960 0.09601751774040766 ok 0.09601751774040766 0.09601751774040766 CCSCc1cc[n+](Cc2ccccc2C[n+]2ccccc2)cc1 0.219715083638827
17:55:48 <INFO> Score: 0.18 Agent NLL: 27.74 Valid: 100% Step: 18
 | Agent Prior Target Score SMILES SMILES_state QED Score QED Score (raw) SingleDock Target A SingleDock Target A (raw) boltz2_score (SingleDock Target A) reasons (SingleDock Target A) targetA_score (SingleDock Target A) total_reward (SingleDock Target A) canonical_smiles (SingleDock Target A) target_score_raw (SingleDock Target A)
 | 34.8736 34.3423 -16.0769 0.1426982 O=S1(=O)NCC2OC(c3ccccc3)OC2C(O)C(Cc2ccccc2)N1CC1CCCCC1 1 0.6779108 0.6779 0.0966563 0.0967 0.09665625602039493 ok 0.09665625602039493 0.09665625602039493 O=S1(=O)NCC2OC(c3ccccc3)OC2C(O)C(Cc2ccccc2)N1CC1CCCCC1 0.22063222279151282
 | 24.2804 24.3808 -9.8818 0.1132740 O=C(c1cc2ccncc2n1Cc1ccccc1)N1CCOCC1 1 0.7447183 0.7447 0.0707399 0.0707 0.07073992959717354 ok 0.07073992959717354 0.07073992959717354 O=C(c1cc2ccncc2n1Cc1ccccc1)N1CCOCC1 0.1780776927868525
 | 37.4524 37.2974 -13.1409 0.1887229 CC1=Nn2c(nn(Cc3ccc(Cl)cc3)c2=O)NC(c2ccco2)C1 1 0.7808454 0.7808 0.1323243 0.1323 0.13232429932966508 ok 0.13232429932966508 0.13232429932966508 CC1=Nn2c(nn(Cc3ccc(Cl)cc3)c2=O)NC(c2ccco2)C1 0.26492971181869507
 | 28.2368 28.1325 -8.5018 0.1533651 CCc1ccc(C=CC(=O)Nc2ccc3c(C)nc(N4CCN(C)CC4)nc3c2)cc1 1 0.6405522 0.6406 0.1072802 0.1073 0.10728016197285986 ok 0.10728016197285986 0.10728016197285986 CCc1ccc(C=CC(=O)Nc2ccc3c(C)nc(N4CCN(C)CC4)nc3c2)cc1 0.23514636854330698
 | 24.3484 24.8656 -7.0559 0.1391376 CNCCN=c1[nH]c(=O)[nH]c2ccccc12 1 0.6332230 0.6332 0.0952613 0.0953 0.09526130796180951 ok 0.09526130796180951 0.09526130796180951 CNCCN=c1[nH]c(=O)[nH]c2ccccc12 0.21862219522396723
 | 26.2592 26.3370 0.8139 0.2121159 O=C(Nc1cc2cc3c(cc2oc1=O)OCO3)C1CCCCC1 1 0.8618717 0.8619 0.1494018 0.1494 0.1494017819211252 ok 0.1494017819211252 0.1494017819211252 O=C(Nc1cc2cc3c(cc2oc1=O)OCO3)C1CCCCC1 0.2825874139865239
 | 34.4168 34.6235 -24.6890 0.0776130 COc1cccc(-c2ncccc2CN2CC(C)(C)c3cc(C(=O)O)ccc32)c1 1 0.6831516 0.6832 0.0450598 0.0451 0.045059757130447145 ok 0.045059757130447145 0.045059757130447145 COc1cccc(-c2ncccc2CN2CC(C)(C)c3cc(C(=O)O)ccc32)c1 0.11829259743293126
 | 30.2773 30.0827 30.9807 0.4770575 O=C(Nc1ccc(C(F)(F)F)c(Cl)c1)Nc1cnc2ccccn12 1 0.7033964 0.7034 0.4329257 0.4329 0.432925693290627 ok 0.432925693290627 0.432925693290627 O=C(Nc1ccc(C(F)(F)F)c(Cl)c1)Nc1cnc2ccccn12 0.4662594695885976
 | 28.9010 29.1199 -8.4819 0.1612345 O=C(NCCc1nccc(C(F)(F)F)n1)c1cnn2cccnc12 1 0.7805531 0.7806 0.1086981 0.1087 0.10869810753300202 ok 0.10869810753300202 0.10869810753300202 O=C(NCCc1nccc(C(F)(F)F)n1)c1cnn2cccnc12 0.23698639869689941
 | 25.3885 25.5425 0.1330 0.2005897 Clc1ccc(CN=c2nc(-c3cnc4ncccn34)cc[nH]2)cc1 1 0.6250093 0.6250 0.1509782 0.1510 0.15097815340164022 ok 0.15097815340164022 0.15097815340164022 Clc1ccc(CN=c2nc(-c3cnc4ncccn34)cc[nH]2)cc1 0.2841312785943349
18:02:31 <INFO> Score: 0.20 Agent NLL: 30.65 Valid: 100% Step: 19
 | Agent Prior Target Score SMILES SMILES_state QED Score QED Score (raw) SingleDock Target A SingleDock Target A (raw) boltz2_score (SingleDock Target A) reasons (SingleDock Target A) targetA_score (SingleDock Target A) total_reward (SingleDock Target A) canonical_smiles (SingleDock Target A) target_score_raw (SingleDock Target A)
 | 23.4436 23.3011 -3.6086 0.1538477 Cc1ccc(Oc2ccc(C#N)cc2)c(Br)c1 1 0.8190129 0.8190 0.1012841 0.1013 0.10128405369457306 ok 0.10128405369457306 0.10128405369457306 Cc1ccc(Oc2ccc(C#N)cc2)c(Br)c1 0.22712024549643198
 | 22.0892 21.9508 -9.5442 0.0969265 Cc1ccc(CN2CCN(CC=Cc3ccccc3)C(CCO)C2)o1 1 0.8403404 0.8403 0.0564858 0.0565 0.05648583837972089 ok 0.05648583837972089 0.05648583837972089 Cc1ccc(CN2CCN(CC=Cc3ccccc3)C(CCO)C2)o1 0.14804732302824655
 | 29.1844 29.2563 7.8503 0.2898951 NC(=S)NN=C(CCc1ccccc1)Cc1cccnc1 1 0.4883384 0.4883 0.2544608 0.2545 0.254460824713358 ok 0.254460824713358 0.254460824713358 NC(=S)NN=C(CCc1ccccc1)Cc1cccnc1 0.365629901488622
 | 26.9014 26.7961 -16.9576 0.0768635 CC12CC(O)CCC1CCC1C2CCC2(C)C1CCC2(O)C(=O)CO 1 0.7154425 0.7154 0.0440055 0.0440 0.044005459328831716 ok 0.044005459328831716 0.044005459328831716 CC12CC(O)CCC1CCC1C2CCC2(C)C1CCC2(O)C(=O)CO 0.11519518742958705
 | 49.3357 49.3965 -37.3824 0.0938601 CC(C)CNC(=O)CC[N+]1(C)CCC(Cc2cc(-c3cccc(NS(C)(=O)=O)c3)nn2-c2ccc(Cl)c(Cl)c2)CC1 1 0.2657918 0.2658 0.0723546 0.0724 0.07235456302835483 ok 0.07235456302835483 0.07235456302835483 CC(C)CNC(=O)CC[N+]1(C)CCC(Cc2cc(-c3cccc(NS(C)(=O)=O)c3)nn2-c2ccc(Cl)c(Cl)c2)CC1 0.1811161165436109
 | 21.7837 21.7400 16.3757 0.2977789 CCCCCCCCCCCCOc1cc2oc(-c3ccccc3)cc(=O)c2c(O)c1OC 1 0.2568625 0.2569 0.3089885 0.3090 0.30898846619421544 ok 0.30898846619421544 0.30898846619421544 CCCCCCCCCCCCOc1cc2oc(-c3ccccc3)cc(=O)c2c(O)c1OC 0.39939342935880023
 | 23.9025 23.7521 -11.4848 0.0958383 Cc1cc(=O)[nH]c(SCC(=O)NC2CCOCC2)c1C#N 1 0.8073370 0.8073 0.0562549 0.0563 0.05625490008495852 ok 0.05625490008495852 0.05625490008495852 Cc1cc(=O)[nH]c(SCC(=O)NC2CCOCC2)c1C#N 0.14750463018814722
 | 41.9829 41.7571 -36.0960 0.0442272 CC1CNCCC1n1nccc1-c1c[nH]c(=N)c(-c2nc3ccc(-c4cnn(C)c4)nc3o2)n1 1 0.3775234 0.3775 0.0258747 0.0259 0.025874735330314414 ok 0.025874735330314414 0.025874735330314414 CC1CNCCC1n1nccc1-c1c[nH]c(=N)c(-c2nc3ccc(-c4cnn(C)c4)nc3o2)n1 0.04646588986118635
 | 32.4633 32.1339 50.4073 0.6448534 CCn1c(C)c(C)c(C#N)c1NC(=O)Cn1cc(C(=O)Nc2ccc(Cl)cc2)nn1 1 0.6285969 0.6286 0.6489828 0.6490 0.6489828421570698 ok 0.6489828421570698 0.6489828421570698 CCn1c(C)c(C)c(C#N)c1NC(=O)Cn1cc(C(=O)Nc2ccc(Cl)cc2)nn1 0.5768213967482249
 | 25.4502 25.7666 -5.8834 0.1553374 Oc1ccc(Cl)cc1-c1ccsc1-c1ccc(Cl)cc1 1 0.6049198 0.6049 0.1105785 0.1106 0.1105784523908433 ok 0.1105784523908433 0.1105784523908433 Oc1ccc(Cl)cc1-c1ccsc1-c1ccc(Cl)cc1 0.23939424256483713
18:02:31 <INFO> Sampled SMILES c1c(CN=c2nc3c(C(NCCNC)=O)ccc(-c4c(Cl)cccc4)n3[nH]c2)ccc(NC(=O)C)c1 failed to sanitize.
18:08:23 <INFO> Score: 0.23 Agent NLL: 31.76 Valid:  88% Step: 20
 | Agent Prior Target Score SMILES SMILES_state QED Score QED Score (raw) SingleDock Target A SingleDock Target A (raw) boltz2_score (SingleDock Target A) reasons (SingleDock Target A) targetA_score (SingleDock Target A) total_reward (SingleDock Target A) canonical_smiles (SingleDock Target A) target_score_raw (SingleDock Target A)
 | 50.0207 49.5338 -49.5338 0.0000000 C(CCN(CCCCN1C(=O)C2N(C(=O)C1)C(C1(c3ccccc3)C1)CC2)OC)CCCC 0 0.0000000 0.0000 0.0000000 0.0000 None None None None None None
 | 33.4379 33.8114 -20.9437 0.1005295 COc1ccc(-c2cn(C3c4ccccc4N(Cc4ccccc4)C(=O)C4C3N4C)nn2)cc1 1 0.4324346 0.4324 0.0698050 0.0698 0.06980503431962067 ok 0.06980503431962067 0.06980503431962067 COc1ccc(-c2cn(C3c4ccccc4N(Cc4ccccc4)C(=O)C4C3N4C)nn2)cc1 0.17628899092475572
 | 41.6691 41.5878 -19.2587 0.1744459 CC(C)CCOC(=O)C1=COC2CC1C1(O2)C(=O)N(C)c2ccccc21 1 0.7754638 0.7755 0.1201394 0.1201 0.12013941980073153 ok 0.12013941980073153 0.12013941980073153 CC(C)CCOC(=O)C1=COC2CC1C1(O2)C(=O)N(C)c2ccccc21 0.2511111795902252
 | 27.5298 27.8086 55.3518 0.6496911 CC(C)(C)c1ccc(-c2cn3nc(N4CCN(CCO)CC4)sc3n2)cc1 1 0.7484011 0.7484 0.6271191 0.6271 0.6271191057843227 ok 0.6271191057843227 0.6271191057843227 CC(C)(C)c1ccc(-c2cn3nc(N4CCN(CCO)CC4)sc3n2)cc1 0.5649846792221069
 | 20.5178 20.5996 7.0557 0.2160572 Cn1c(C(=O)Nc2ccccc2Cl)cc2sccc21 1 0.7558224 0.7558 0.1579815 0.1580 0.15798145499217348 ok 0.15798145499217348 0.15798145499217348 Cn1c(C(=O)Nc2ccccc2Cl)cc2sccc21 0.2908344517151515
 | 23.4682 23.2598 1.8049 0.1958183 COc1ccc2c(=O)c(-c3ccc(O)c(O)c3)c(C)oc2c1 1 0.7101953 0.7102 0.1418967 0.1419 0.14189667606616557 ok 0.14189667606616557 0.14189667606616557 COc1ccc2c(=O)c(-c3ccc(O)c(O)c3)c(C)oc2c1 0.27504683037598926
 | 29.2532 29.1921 13.2955 0.3319346 CCN(CC)C(CN=c1[nH]cccc1C#N)Cc1ccc(C(C)(C)C)cc1 1 0.8060410 0.8060 0.2659049 0.2659 0.26590493648173924 ok 0.26590493648173924 0.26590493648173924 CCN(CC)C(CN=c1[nH]cccc1C#N)Cc1ccc(C(C)(C)C)cc1 0.37306254108746845
 | 25.4162 25.8101 49.7627 0.5904119 O=[N+]([O-])c1cc(Cl)cc2[nH]c3cnccc3c12 1 0.5297629 0.5298 0.6066295 0.6066 0.6066295083577212 ok 0.6066295083577212 0.6066295083577212 O=[N+]([O-])c1cc(Cl)cc2[nH]c3cnccc3c12 0.5541457931200663
 | 35.7285 36.0732 -8.7173 0.2137182 O=C(Nc1ccc(-c2ncnc3c2ncn3C2CCCCC2O)c(Cl)c1)OCc1ccccc1 1 0.4002512 0.4003 0.1826917 0.1827 0.18269165791485087 ok 0.18269165791485087 0.18269165791485087 O=C(Nc1ccc(-c2ncnc3c2ncn3C2CCCCC2O)c(Cl)c1)OCc1ccccc1 0.31272292137145996
 | 19.0527 19.0704 -1.3890 0.1381357 Cc1ccccc1-c1nnc(C2(c3ccc(Cl)cc3)CCC2)n1C 1 0.6792059 0.6792 0.0927645 0.0928 0.092764539386785 ok 0.092764539386785 0.092764539386785 Cc1ccccc1-c1nnc(C2(c3ccc(Cl)cc3)CCC2)n1C 0.2149578034877777
18:15:02 <INFO> Score: 0.22 Agent NLL: 32.07 Valid: 100% Step: 21
 | Agent Prior Target Score SMILES SMILES_state QED Score QED Score (raw) SingleDock Target A SingleDock Target A (raw) boltz2_score (SingleDock Target A) reasons (SingleDock Target A) targetA_score (SingleDock Target A) total_reward (SingleDock Target A) canonical_smiles (SingleDock Target A) target_score_raw (SingleDock Target A)
 | 58.3360 58.0492 -41.5128 0.1291906 C=C(C)C12CC3CC4(C)C5CC(OC(C)=O)C(C3OCC3(C1)C(C2)OC(O)C3OC)C4(C)CCC1C(C)(C)C(=O)CCC15C 1 0.2973819 0.2974 0.1048842 0.1049 0.10488417158810316 ok 0.10488417158810316 0.10488417158810316 C=C(C)C12CC3CC4(C)C5CC(OC(C)=O)C(C3OCC3(C1)C(C2)OC(O)C3OC)C4(C)CCC1C(C)(C)C(=O)CCC15C 0.2319879358013471
 | 28.3198 27.7645 -6.0693 0.1694937 COc1cccc(C(=O)NC2CCC(C(N)C(=O)N3CCCC3C#N)CC2)c1 1 0.8049623 0.8050 0.1148149 0.1148 0.11481485634682632 ok 0.11481485634682632 0.11481485634682632 COc1cccc(C(=O)NC2CCC(C(N)C(=O)N3CCCC3C#N)CC2)c1 0.24469050765037537
 | 40.6116 40.6017 -18.9037 0.1695154 C=CC(C)(C)c1ccccc1C=Cc1cc(C)ccc1OCC=C(C)CCC=C(C)CCC=C(C)C 1 0.2036813 0.2037 0.1619100 0.1619 0.16190999557186397 ok 0.16190999557186397 0.16190999557186397 C=CC(C)(C)c1ccccc1C=Cc1cc(C)ccc1OCC=C(C)CCC=C(C)CCC=C(C)C 0.29448938742280006
 | 26.1193 25.9713 -3.3855 0.1764518 CC(=O)Nc1ccc(C(=O)Oc2cccc3ccc(C)nc23)cc1 1 0.5897067 0.5897 0.1305039 0.1305 0.13050393798073084 ok 0.13050393798073084 0.13050393798073084 CC(=O)Nc1ccc(C(=O)Oc2cccc3ccc(C)nc23)cc1 0.26293619970480603
 | 35.2837 35.4836 -23.8169 0.0911463 CC(NC(=O)C(OC(=O)c1ccco1)C(=O)NCc1ccc2ccccc2c1)c1ccccc1 1 0.3066348 0.3066 0.0673005 0.0673 0.0673005358135937 ok 0.0673005358135937 0.0673005358135937 CC(NC(=O)C(OC(=O)c1ccco1)C(=O)NCc1ccc2ccccc2c1)c1ccccc1 0.17138564586639404
 | 30.2980 30.1160 -17.4317 0.0990959 Cc1c(C)c2c(OCC(=O)NCC3COC(C)(C)O3)cc3c(c2oc1=O)CCC(C)(C)O3 1 0.7064145 0.7064 0.0606463 0.0606 0.060646321135300316 ok 0.060646321135300316 0.060646321135300316 Cc1c(C)c2c(OCC(=O)NCC3COC(C)(C)O3)cc3c(c2oc1=O)CCC(C)(C)O3 0.15748336414496103
 | 23.8087 23.8678 -13.0320 0.0846549 N=c1[nH]cc(-c2cccc(C(F)(F)F)c2)nc1C(=O)NC1CCCNC1 1 0.6707115 0.6707 0.0504581 0.0505 0.0504581224222534 ok 0.0504581224222534 0.0504581224222534 N=c1[nH]cc(-c2cccc(C(F)(F)F)c2)nc1C(=O)NC1CCCNC1 0.13314551239212355
 | 24.6861 24.5799 -10.8872 0.1069746 COc1ccc2ccc(S(=O)(=O)NC(Cc3ccccc3)C(=O)O)cc2c1 1 0.6523947 0.6524 0.0680728 0.0681 0.06807276553029022 ok 0.06807276553029022 0.06807276553029022 COc1ccc2ccc(S(=O)(=O)NC(Cc3ccccc3)C(=O)O)cc2c1 0.17291530966758728
 | 56.8241 56.7882 -5.0866 0.4039185 CC(C)C1=NC(Nc2cccnc2)N(NSc2ccc(F)cc2)C2(C)C=c3ccccc3=CN12 1 0.5310724 0.5311 0.3772062 0.3772 0.37720617650900934 ok 0.37720617650900934 0.37720617650900934 CC(C)C1=NC(Nc2cccnc2)N(NSc2ccc(F)cc2)C2(C)C=c3ccccc3=CN12 0.43732205033302307
 | 28.1633 28.5974 -1.5976 0.2109366 O=S(=O)(NC(=NC(=S)NNc1ccccc1Cl)c1ccccc1)c1ccc(Cl)cc1 1 0.2153993 0.2154 0.2098354 0.2098 0.20983541062255973 ok 0.20983541062255973 0.20983541062255973 O=S(=O)(NC(=NC(=S)NNc1ccccc1Cl)c1ccccc1)c1ccc(Cl)cc1 0.3342602749665578
18:21:11 <INFO> Score: 0.15 Agent NLL: 28.18 Valid: 100% Step: 22
 | Agent Prior Target Score SMILES SMILES_state QED Score QED Score (raw) SingleDock Target A SingleDock Target A (raw) boltz2_score (SingleDock Target A) reasons (SingleDock Target A) targetA_score (SingleDock Target A) total_reward (SingleDock Target A) canonical_smiles (SingleDock Target A) target_score_raw (SingleDock Target A)
 | 28.0854 27.9402 -17.8294 0.0789909 COC1C(CC(O)c2ccccc2)OC(n2ccc(=N)[nH]c2=O)C1O 1 0.6091559 0.6092 0.0474012 0.0474 0.04740115547059865 ok 0.04740115547059865 0.04740115547059865 COC1C(CC(O)c2ccccc2)OC(n2ccc(=N)[nH]c2=O)C1O 0.12493159125248592
 | 18.4787 18.3460 -9.2070 0.0713988 CCCCCCCN(C)C 1 0.5163698 0.5164 0.0435385 0.0435 0.043538479838190605 ok 0.043538479838190605 0.043538479838190605 CCCCCCCN(C)C 0.11380057285229365
 | 19.0850 18.9176 -10.4891 0.0658474 CCCCCC[N+]1(C)CCCCC1 1 0.4545242 0.4545 0.0406241 0.0406 0.040624148049455 ok 0.040624148049455 0.040624148049455 CCCCCC[N+]1(C)CCCCC1 0.10475996881723404
 | 30.9287 31.0991 3.0794 0.2670194 O=C(Cc1ccccc1)NCC1OC(n2cnc3c(=Nc4ccc(Br)cc4)[nH]cnc32)C(O)C1O 1 0.2947054 0.2947 0.2605143 0.2605 0.2605142959783203 ok 0.2605142959783203 0.2605142959783203 O=C(Cc1ccccc1)NCC1OC(n2cnc3c(=Nc4ccc(Br)cc4)[nH]cnc32)C(O)C1O 0.36958784858385724
 | 25.9839 25.7238 20.9849 0.3649117 NC(=S)NC(=O)C=Cc1ccc(Cl)cc1Cl 1 0.6432241 0.6432 0.3166971 0.3167 0.3166971226737492 ok 0.3166971226737492 0.3166971226737492 NC(=S)NC(=O)C=Cc1ccc(Cl)cc1Cl 0.4038759569327037
 | 25.2380 25.5333 -4.5792 0.1637044 Cc1[nH][nH]c(=S)c1CCC(=O)NN=Cc1ccc([N+](=O)[O-])cc1 1 0.3255068 0.3255 0.1378591 0.1379 0.1378591210719507 ok 0.1378591210719507 0.1378591210719507 Cc1[nH][nH]c(=S)c1CCC(=O)NN=Cc1ccc([N+](=O)[O-])cc1 0.2708517014980316
 | 34.3122 34.1552 -10.2852 0.1864846 CC(=O)NCC1CC2(CC=C(C)CC2)Oc2ccc(F)cc21 1 0.8461125 0.8461 0.1277753 0.1278 0.1277752775914068 ok 0.1277752775914068 0.1277752775914068 CC(=O)NCC1CC2(CC=C(C)CC2)Oc2ccc(F)cc21 0.25990324715773266
 | 35.6116 36.3145 -20.7445 0.1216403 CCCSc1ccc2[nH]c(-c3cncnc3-c3ccccc3)nc2c1 1 0.5053427 0.5053 0.0852021 0.0852 0.08520212712358578 ok 0.08520212712358578 0.08520212712358578 CCCSc1ccc2[nH]c(-c3cncnc3-c3ccccc3)nc2c1 0.20329040785630545
 | 30.5328 30.4188 -14.1002 0.1274890 COc1ccc(-n2nc(C(=O)N3CC4(C)CC3CC(C)(C)C4)nc2-c2cc(OC)c(OC)c(OC)c2)cc1 1 0.4327512 0.4328 0.0939251 0.0939 0.0939250700721877 ok 0.0939250700721877 0.0939250700721877 COc1ccc(-n2nc(C(=O)N3CC4(C)CC3CC(C)(C)C4)nc2-c2cc(OC)c(OC)c(OC)c2)cc1 0.21667191634575525
 | 25.4935 25.4291 -2.7427 0.1772370 COc1ccc(-c2ncoc2C2=CN3CCC2CC3)cc1OC 1 0.8654292 0.8654 0.1192299 0.1192 0.11922990126780794 ok 0.11922990126780794 0.11922990126780794 COc1ccc(-c2ncoc2C2=CN3CCC2CC3)cc1OC 0.25003211696942645
18:27:30 <INFO> Score: 0.19 Agent NLL: 31.84 Valid:  94% Step: 23
 | Agent Prior Target Score SMILES SMILES_state QED Score QED Score (raw) SingleDock Target A SingleDock Target A (raw) boltz2_score (SingleDock Target A) reasons (SingleDock Target A) targetA_score (SingleDock Target A) total_reward (SingleDock Target A) canonical_smiles (SingleDock Target A) target_score_raw (SingleDock Target A)
 | 25.4250 25.2097 -5.8791 0.1510204 O=C(COc1ccccc1C(=O)OCC(=O)N1CCOCC1)Nc1ccccc1Cl 1 0.6749322 0.6749 0.1038675 0.1039 0.10386747389938628 ok 0.10386747389938628 0.10386747389938628 O=C(COc1ccccc1C(=O)OCC(=O)N1CCOCC1)Nc1ccccc1Cl 0.230628435810407
 | 30.8264 30.9546 33.0690 0.5001843 CCc1ccc2c(=O)cc3n(CCO)c4ccccc4nc-3c2c1 1 0.4660267 0.4660 0.5091079 0.5091 0.5091078934450327 ok 0.5091078934450327 0.5091078934450327 CCc1ccc2c(=O)cc3n(CCO)c4ccccc4nc-3c2c1 0.5045544505119324
 | 41.0724 40.8887 -35.4003 0.0428779 CC(C)C(NC(=O)C(F)CC(O)C(CO)NC(=O)C(Cc1ccccc1)NC(=O)OCc1cccnc1)C(=O)NCc1ccncc1 1 0.1249058 0.1249 0.0328206 0.0328 0.032820602847824835 ok 0.032820602847824835 0.032820602847824835 CC(C)C(NC(=O)C(F)CC(O)C(CO)NC(=O)C(Cc1ccccc1)NC(=O)OCc1cccnc1)C(=O)NCc1ccncc1 0.07708405703306198
 | 45.9806 45.8068 -22.2916 0.1837124 CC(CN1CCN(c2ccccc2)CC1)N(CC(N)=O)C(=O)COCCOCC(=O)N1CCCc2ccccc2C1 1 0.3670631 0.3671 0.1545212 0.1545 0.15452115614006134 ok 0.15452115614006134 0.15452115614006134 CC(CN1CCN(c2ccccc2)CC1)N(CC(N)=O)C(=O)COCCOCC(=O)N1CCCc2ccccc2C1 0.2875534842411677
 | 34.3639 34.7074 -16.4109 0.1429419 O=C(NC1CC1)c1cncc(-c2cc(N3CCNCC3)ccn2)c1 1 0.8910074 0.8910 0.0904647 0.0905 0.09046468285089422 ok 0.09046468285089422 0.09046468285089422 O=C(NC1CC1)c1cncc(-c2cc(N3CCNCC3)ccn2)c1 0.21150321265061697
 | 33.0194 33.2882 5.2339 0.3009535 CC1C(c2ccccc2)=CN2c3ccccc3N(c3ccccc3)C(C)C12 1 0.5502665 0.5503 0.2588099 0.2588 0.25880993800982244 ok 0.25880993800982244 0.25880993800982244 CC1C(c2ccccc2)=CN2c3ccccc3N(c3ccccc3)C(C)C12 0.3684796094894409
 | 28.7165 28.4009 -11.7419 0.1301480 COc1cccc(N2CCN(S(=O)(=O)c3ccc4c(c3)CC(C)N4C(=O)N(C)C)CC2)c1 1 0.7043762 0.7044 0.0853288 0.0853 0.08532878737958635 ok 0.08532878737958635 0.08532878737958635 COc1cccc(N2CCN(S(=O)(=O)c3ccc4c(c3)CC(C)N4C(=O)N(C)C)CC2)c1 0.2034934014081955
 | 25.4718 25.0408 -10.6978 0.1120542 COc1cc(CCC(=O)OCC(=O)c2ccc3c(c2)CCCC3)cc(OC)c1OC 1 0.4587880 0.4588 0.0787738 0.0788 0.0787738427655822 ok 0.0787738427655822 0.0787738427655822 COc1cc(CCC(=O)OCC(=O)c2ccc3c(c2)CCCC3)cc(OC)c1OC 0.19260942935943604
 | 37.4676 36.9195 -36.9195 0.0000000 OC(CNCCc1ccc(N)cc1)CCCCC1CC1)(F)F 0 0.0000000 0.0000 0.0000000 0.0000 None None None None None None
 | 27.9259 27.7906 3.6587 0.2456978 O=c1c2oc3ccccc3c2ccn1Cc1cccc2ccccc12 1 0.4601858 0.4602 0.2100237 0.2100 0.21002369889094544 ok 0.21002369889094544 0.21002369889094544 O=c1c2oc3ccccc3c2ccn1Cc1cccc2ccccc12 0.3344021787246068
18:27:30 <INFO> Sampled SMILES c1cccc(CN2C(=O)c3nc4c([nH]c3C2(Cc2ccccc2)C(=O)OC)cccc4)c1Cl failed to sanitize.
18:33:46 <INFO> Score: 0.16 Agent NLL: 28.28 Valid:  94% Step: 24
 | Agent Prior Target Score SMILES SMILES_state QED Score QED Score (raw) SingleDock Target A SingleDock Target A (raw) boltz2_score (SingleDock Target A) reasons (SingleDock Target A) targetA_score (SingleDock Target A) total_reward (SingleDock Target A) canonical_smiles (SingleDock Target A) target_score_raw (SingleDock Target A)
 | 24.2002 24.5100 22.9809 0.3710228 OCCN1CCN(c2nc3ccccc3c(=Nc3ccccc3Br)[nH]2)CC1 1 0.6708621 0.6709 0.3199576 0.3200 0.3199576200726448 ok 0.3199576200726448 0.3199576200726448 OCCN1CCN(c2nc3ccccc3c(=Nc3ccccc3Br)[nH]2)CC1 0.4057541787624359
 | 24.7780 25.0762 -12.1132 0.1012729 CCCCNC(=S)Nc1ccc2c(c1)CCO2 1 0.6356889 0.6357 0.0639816 0.0640 0.06398162181472809 ok 0.06398162181472809 0.06398162181472809 CCCCNC(=S)Nc1ccc2c(c1)CCO2 0.16462009648482004
 | 20.1918 19.9822 -9.8208 0.0793859 N#CC1CCCN1C(=O)C(N)Cc1ccc(Cl)cc1 1 0.9145237 0.9145 0.0430904 0.0431 0.043090408089118785 ok 0.043090408089118785 0.043090408089118785 N#CC1CCCN1C(=O)C(N)Cc1ccc(Cl)cc1 0.11244893819093704
 | 25.9363 26.4158 -13.6924 0.0994020 CC1(C)C2CCC1(CS(=O)(=O)N1CCC3(CC1)CC3)C(NC(=O)CCN=C(N)N)C2 1 0.4046984 0.4047 0.0699780 0.0700 0.06997796144628941 ok 0.06997796144628941 0.06997796144628941 CC1(C)C2CCC1(CS(=O)(=O)N1CCC3(CC1)CC3)C(NC(=O)CCN=C(N)N)C2 0.17662150909503302
 | 27.7716 27.2629 -0.0792 0.2123730 Cn1c(=O)oc2cc(C=O)ccc2c1=O 1 0.6278088 0.6278 0.1619636 0.1620 0.16196358478252534 ok 0.16196358478252534 0.16196358478252534 Cn1c(=O)oc2cc(C=O)ccc2c1=O 0.29453874627749127
 | 35.3236 35.0546 -20.8180 0.1112233 C[N+](C)(CCO)CCC1Cc2cc3c(cc2C1=O)OCO3 1 0.8294165 0.8294 0.0673056 0.0673 0.06730564681914827 ok 0.06730564681914827 0.06730564681914827 C[N+](C)(CCO)CCC1Cc2cc3c(cc2C1=O)OCO3 0.17139582335948944
 | 23.4902 24.0320 2.3566 0.2061608 COc1ccc(-c2nccc(-c3ccccc3Br)n2)cc1 1 0.6993322 0.6993 0.1519102 0.1519 0.1519101604317326 ok 0.1519101604317326 0.1519101604317326 COc1ccc(-c2nccc(-c3ccccc3Br)n2)cc1 0.2850378404061
 | 19.5175 19.6742 -8.9927 0.0834491 O=S(=O)(c1ccc(Br)cc1)N1CCSCC1 1 0.8375405 0.8375 0.0468841 0.0469 0.046884124108345984 ok 0.046884124108345984 0.046884124108345984 O=S(=O)(c1ccc(Br)cc1)N1CCSCC1 0.12349282825986545
 | 35.7979 35.9480 -23.4117 0.0979403 N#Cc1ccc(NNS(=O)(=O)c2cc(C(=O)N3CCCCC3)c3ccccc3c2)cc1 1 0.5970546 0.5971 0.0623301 0.0623 0.062330146396958455 ok 0.062330146396958455 0.062330146396958455 N#Cc1ccc(NNS(=O)(=O)c2cc(C(=O)N3CCCCC3)c3ccccc3c2)cc1 0.16113091011842093
 | 35.7287 35.6505 -15.0296 0.1611008 O=C1CC2(CCN(Cc3ccc4c(c3)OCCO4)CC2)Oc2cc(N3CCN(c4cnccn4)CC3)ccc21 1 0.5058702 0.5059 0.1210215 0.1210 0.12102148346268883 ok 0.12102148346268883 0.12102148346268883 O=C1CC2(CCN(Cc3ccc4c(c3)OCCO4)CC2)Oc2cc(N3CCN(c4cnccn4)CC3)ccc21 0.2521509528160095
18:39:32 <INFO> Score: 0.17 Agent NLL: 32.17 Valid: 100% Step: 25
 | Agent Prior Target Score SMILES SMILES_state QED Score QED Score (raw) SingleDock Target A SingleDock Target A (raw) boltz2_score (SingleDock Target A) reasons (SingleDock Target A) targetA_score (SingleDock Target A) total_reward (SingleDock Target A) canonical_smiles (SingleDock Target A) target_score_raw (SingleDock Target A)
 | 34.3785 34.2415 -21.4309 0.1000828 Cc1cc(SCC(=O)NCCNC(=O)C(C#N)=Cc2cccnc2)nc2c(C)cccc12 1 0.2386396 0.2386 0.0805404 0.0805 0.08054037220554895 ok 0.08054037220554895 0.08054037220554895 Cc1cc(SCC(=O)NCCNC(=O)C(C#N)=Cc2cccnc2)nc2c(C)cccc12 0.19562155505021414
 | 25.6647 25.9502 -13.8902 0.0942184 O=C(CCCN1CCC(O)(C#CC(O)(c2ccc(F)cc2)c2ccc(F)cc2)CC1)c1ccc(F)cc1 1 0.3552878 0.3553 0.0676122 0.0676 0.06761216284328217 ok 0.06761216284328217 0.06761216284328217 O=C(CCCN1CCC(O)(C#CC(O)(c2ccc(F)cc2)c2ccc(F)cc2)CC1)c1ccc(F)cc1 0.17200487852096558
 | 33.3629 33.5729 -16.4567 0.1337204 CC12C3=CC(O)CC1C(=O)CC2CC3c1ccccn1 1 0.7967823 0.7968 0.0855878 0.0856 0.0855878415112031 ok 0.0855878415112031 0.0855878415112031 CC12C3=CC(O)CC1C(=O)CC2CC3c1ccccn1 0.20390772819519043
 | 42.9158 43.2018 -24.1790 0.1486158 CCNCCC(=O)OC1CC2(C)C(CCC3C4(C)C(O)CCC4CCC32C)C(C)(C)C1O 1 0.4308194 0.4308 0.1138958 0.1139 0.11389576875589492 ok 0.11389576875589492 0.11389576875589492 CCNCCC(=O)OC1CC2(C)C(CCC3C4(C)C(O)CCC4CCC32C)C(C)(C)C1O 0.24355614185333252
 | 25.2829 24.7956 -17.2397 0.0590304 CC(C)CCNC(=O)CN1C(=O)CCc2cc(S(=O)(=O)N3CCCCCC3)ccc21 1 0.7133992 0.7134 0.0316600 0.0317 0.03166002479872634 ok 0.03166002479872634 0.03166002479872634 CC(C)CCNC(=O)CN1C(=O)CCc2cc(S(=O)(=O)N3CCCCCC3)ccc21 0.07243394975860913
 | 21.1352 21.4033 13.2945 0.2710759 O=C(Nc1ccc(OC2CCN(c3cnccn3)CC2)cc1)N1Cc2ccccc2C1 1 0.6955355 0.6955 0.2141824 0.2142 0.21418238644239096 ok 0.21418238644239096 0.21418238644239096 O=C(Nc1ccc(OC2CCN(c3cnccn3)CC2)cc1)N1Cc2ccccc2C1 0.33751290043195087
 | 22.2961 22.2333 -11.4434 0.0842959 COc1ccccc1NC(=O)N1CCN(c2cccc(C(F)(F)F)c2)CC1 1 0.8745576 0.8746 0.0469690 0.0470 0.04696898935984339 ok 0.04696898935984339 0.04696898935984339 COc1ccccc1NC(=O)N1CCN(c2cccc(C(F)(F)F)c2)CC1 0.12373001749316852
 | 40.1590 40.2595 -20.0106 0.1581945 COc1ccc2c(=O)n(Cc3ccc(OC)c(COc4cc5c(cc4OC)C(=O)N4CCCC4C=N5)c3)ncc2c1 1 0.3185885 0.3186 0.1327950 0.1328 0.13279502210038852 ok 0.13279502210038852 0.13279502210038852 COc1ccc2c(=O)n(Cc3ccc(OC)c(COc4cc5c(cc4OC)C(=O)N4CCCC4C=N5)c3)ncc2c1 0.2654414226611455
 | 42.2328 42.5776 -14.4790 0.2195206 Oc1ccc(-c2nc(Cc3c[nH]c(-c4ccc5c(c4)CCO5)n3)c(-c3ccsc3)o2)c(O)c1 1 0.3265499 0.3265 0.1987727 0.1988 0.19877274237709955 ok 0.19877274237709955 0.19877274237709955 Oc1ccc(-c2nc(Cc3c[nH]c(-c4ccc5c(c4)CCO5)n3)c(-c3ccsc3)o2)c(O)c1 0.32575219372908276
 | 27.0132 26.8119 -14.3007 0.0977435 CCOC(=O)Cc1csc(=NC(=O)CSc2nc3ccccc3c(=O)n2CC(C)C)[nH]1 1 0.3147317 0.3147 0.0729667 0.0730 0.07296673817491293 ok 0.07296673817491293 0.07296673817491293 CCOC(=O)Cc1csc(=NC(=O)CSc2nc3ccccc3c(=O)n2CC(C)C)[nH]1 0.18225178122520447
18:46:00 <INFO> Score: 0.15 Agent NLL: 29.42 Valid: 100% Step: 26
 | Agent Prior Target Score SMILES SMILES_state QED Score QED Score (raw) SingleDock Target A SingleDock Target A (raw) boltz2_score (SingleDock Target A) reasons (SingleDock Target A) targetA_score (SingleDock Target A) total_reward (SingleDock Target A) canonical_smiles (SingleDock Target A) target_score_raw (SingleDock Target A)
 | 47.0084 46.7464 -28.6630 0.1412765 Cc1cccc(C=C2CC(O)C(OCCCCCCNC(=O)NCC3CCCCC3)=N2)n1 1 0.4694832 0.4695 0.1046363 0.1046 0.1046362659146503 ok 0.1046362659146503 0.1046362659146503 Cc1cccc(C=C2CC(O)C(OCCCCCCNC(=O)NCC3CCCCC3)=N2)n1 0.23165751993656158
 | 18.2741 18.1312 -6.8500 0.0881343 O=C(NC1CCCCCCC1)NC1CCCCC1 1 0.7721717 0.7722 0.0512275 0.0512 0.0512274615725907 ok 0.0512274615725907 0.0512274615725907 O=C(NC1CCCCCCC1)NC1CCCCC1 0.13513833284378052
 | 21.2536 21.0445 -4.1355 0.1321022 Cc1ccc(C)n2nc(CCc3nc(N4CCCC4)nn3C)nc12 1 0.7324655 0.7325 0.0860876 0.0861 0.08608760650912366 ok 0.08608760650912366 0.08608760650912366 Cc1ccc(C)n2nc(CCc3nc(N4CCCC4)nn3C)nc12 0.20470384260018668
 | 39.0007 38.6198 -15.9004 0.1774947 CN(C)C1CN(Cc2csc3c2nc2c(N4CCOCC4)nc(-c4cnc(=N)[nH]c4)cn23)CC1O 1 0.3710163 0.3710 0.1476160 0.1476 0.14761604069696102 ok 0.14761604069696102 0.14761604069696102 CN(C)C1CN(Cc2csc3c2nc2c(N4CCOCC4)nc(-c4cnc(=N)[nH]c4)cn23)CC1O 0.28082218766212463
 | 36.6530 35.9736 -19.9182 0.1254331 CC[n+]1c(C)c(C(=O)c2ccc(Cl)cc2Cl)cc(C)c1O 1 0.6877267 0.6877 0.0819712 0.0820 0.08197122725957223 ok 0.08197122725957223 0.08197122725957223 CC[n+]1c(C)c(C(=O)c2ccc(Cl)cc2Cl)cc(C)c1O 0.19801744570334753
 | 28.8627 28.6950 -6.9066 0.1702216 COCc1nc2c(C(=O)Nc3ccccc3)cc(NC(=O)c3cccc(F)c3F)cc2[nH]1 1 0.4149443 0.4149 0.1362295 0.1362 0.13622945295803687 ok 0.13622945295803687 0.13622945295803687 COCc1nc2c(C(=O)Nc3ccccc3)cc(NC(=O)c3cccc(F)c3F)cc2[nH]1 0.2691291819016139
 | 34.0505 33.5573 17.9575 0.4024594 O=C(c1ccc2c(O)c3cccnc3c(O)c2n1)N1CCCC(O)C1 1 0.4608664 0.4609 0.3890530 0.3891 0.3890530308090407 ok 0.3890530308090407 0.3890530308090407 O=C(c1ccc2c(O)c3cccnc3c(O)c2n1)N1CCCC(O)C1 0.44358818729718524
 | 19.3413 19.6157 -5.0230 0.1140051 O=C(CSc1nc(-c2ccccc2)cc(=O)[nH]1)N1CCOCC1 1 0.6767319 0.6767 0.0730384 0.0730 0.07303842128133951 ok 0.07303842128133951 0.07303842128133951 O=C(CSc1nc(-c2ccccc2)cc(=O)[nH]1)N1CCOCC1 0.18238418797651926
 | 24.9646 24.5943 -11.3472 0.1034934 COc1ccc(Cl)cc1-c1ccccc1CNS(C)(=O)=O 1 0.9188299 0.9188 0.0599559 0.0600 0.0599558881830969 ok 0.0599558881830969 0.0599558881830969 COc1ccc(Cl)cc1-c1ccccc1CNS(C)(=O)=O 0.15596028665701547
 | 52.1282 52.7493 -41.9618 0.0842778 Cc1cccc(-c2nccc3cc(-c4ncnn5c(=N)[nH]c(=NCCN(C)C)cc45)ccc23)n1 1 0.4266660 0.4267 0.0561849 0.0562 0.05618487329424153 ok 0.05618487329424153 0.05618487329424153 Cc1cccc(-c2nccc3cc(-c4ncnn5c(=N)[nH]c(=NCCN(C)C)cc45)ccc23)n1 0.14733965694904327
18:52:36 <INFO> Score: 0.13 Agent NLL: 27.65 Valid: 100% Step: 27
 | Agent Prior Target Score SMILES SMILES_state QED Score QED Score (raw) SingleDock Target A SingleDock Target A (raw) boltz2_score (SingleDock Target A) reasons (SingleDock Target A) targetA_score (SingleDock Target A) total_reward (SingleDock Target A) canonical_smiles (SingleDock Target A) target_score_raw (SingleDock Target A)
 | 33.8339 33.2136 -15.2898 0.1400300 CC(=O)Oc1cc(NC(O)c2cc(O)n(-c3ccc(C)c(C)c3)c2)ccc1C#N 1 0.3477268 0.3477 0.1115493 0.1115 0.11154927919060569 ok 0.11154927919060569 0.11154927919060569 CC(=O)Oc1cc(NC(O)c2cc(O)n(-c3ccc(C)c(C)c3)c2)ccc1C#N 0.24062340954939523
 | 34.5303 34.2484 -24.0804 0.0794377 CCCOC(=O)C(CCC(=O)O)NC(O)C(N)CC(=O)O 1 0.2352310 0.2352 0.0605563 0.0606 0.06055633292274345 ok 0.06055633292274345 0.06055633292274345 CCCOC(=O)C(CCC(=O)O)NC(O)C(N)CC(=O)O 0.1572857747475306
 | 30.2783 30.6545 -6.5423 0.1883765 CN(C(=O)NCCNC12CC3CC(CC(C3)C1)C2)c1cccc(Cl)c1 1 0.7770705 0.7771 0.1321808 0.1322 0.13218077084242055 ok 0.13218077084242055 0.13218077084242055 CN(C(=O)NCCNC12CC3CC(CC(C3)C1)C2)c1cccc(Cl)c1 0.2647733787695567
 | 23.1473 23.0974 -15.5352 0.0590794 CCC(=O)N(c1ccc(F)cc1)C1CCCCC1N1CCCC1 1 0.8382753 0.8383 0.0304402 0.0304 0.030440238937374745 ok 0.030440238937374745 0.030440238937374745 CCC(=O)N(c1ccc(F)cc1)C1CCCCC1N1CCCC1 0.06736540856460731
 | 30.0365 30.3712 -1.1242 0.2284922 O=C(NCCCCc1ccccc1)c1cccc2nc(C(F)(F)F)c(-c3ccccc3)nc12 1 0.3486429 0.3486 0.2055862 0.2056 0.20558619102469675 ok 0.20558619102469675 0.20558619102469675 O=C(NCCCCc1ccccc1)c1cccc2nc(C(F)(F)F)c(-c3ccccc3)nc12 0.33103260894616443
 | 20.9448 20.6890 -14.4123 0.0490367 CCC(=O)NC(CO)C(O)c1ccccc1 1 0.6845906 0.6846 0.0253685 0.0254 0.02536845015438391 ok 0.02536845015438391 0.02536845015438391 CCC(=O)NC(CO)C(O)c1ccccc1 0.04393084750821193
 | 26.7435 26.5001 -12.0287 0.1130576 COc1cccc(OC)c1C(=O)NC(CCSC)C(=O)Nc1ccc(C)cc1 1 0.6713261 0.6713 0.0724255 0.0724 0.07242548749802478 ok 0.07242548749802478 0.07242548749802478 COc1cccc(OC)c1C(=O)NC(CCSC)C(=O)Nc1ccc(C)cc1 0.18124814331531525
 | 19.4644 19.3172 8.0164 0.2135438 O=C(CN1C(=O)c2ccccc2C1=O)Nc1ccc(F)cc1 1 0.8820363 0.8820 0.1497915 0.1498 0.14979149985365095 ok 0.14979149985365095 0.14979149985365095 O=C(CN1C(=O)c2ccccc2C1=O)Nc1ccc(F)cc1 0.2829703390598297
 | 25.5974 25.2384 -2.8558 0.1748639 COc1cccc(C(=O)C2CCCN(C(=O)c3cccc(C)n3)C2)c1 1 0.8037656 0.8038 0.1194244 0.1194 0.11942436539369763 ok 0.11942436539369763 0.11942436539369763 COc1cccc(C(=O)C2CCCN(C(=O)c3cccc(C)n3)C2)c1 0.25026342769463855
 | 26.2241 25.9232 -6.2863 0.1534133 Cc1sc2ncn(CC(=O)Nc3ccc4c(c3)OCO4)c(=O)c2c1S(=O)(=O)N(C)C 1 0.6235738 0.6236 0.1080456 0.1080 0.10804556082942399 ok 0.10804556082942399 0.10804556082942399 Cc1sc2ncn(CC(=O)Nc3ccc4c(c3)OCO4)c(=O)c2c1S(=O)(=O)N(C)C 0.2361422429482142
18:59:10 <INFO> Score: 0.23 Agent NLL: 27.95 Valid: 100% Step: 28
 | Agent Prior Target Score SMILES SMILES_state QED Score QED Score (raw) SingleDock Target A SingleDock Target A (raw) boltz2_score (SingleDock Target A) reasons (SingleDock Target A) targetA_score (SingleDock Target A) total_reward (SingleDock Target A) canonical_smiles (SingleDock Target A) target_score_raw (SingleDock Target A)
 | 28.0917 27.9421 -10.2455 0.1382550 NCCC(c1ccc(Cl)cc1)c1cc(F)ccc1Cl 1 0.8758443 0.8758 0.0871454 0.0871 0.08714535721590408 ok 0.08714535721590408 0.08714535721590408 NCCC(c1ccc(Cl)cc1)c1cc(F)ccc1Cl 0.20637510468562445
 | 25.0642 24.8829 -9.4221 0.1207873 CC(CC[N+](C)(C)C)OC(=O)c1ccccc1 1 0.5791339 0.5791 0.0816266 0.0816 0.08162662629097563 ok 0.08162662629097563 0.08162662629097563 CC(CC[N+](C)(C)C)OC(=O)c1ccccc1 0.19744393477837244
 | 24.2943 24.4787 7.3560 0.2487086 CC(=O)N1N=C(c2ccnc3ccccc23)CC1c1ccc(Cl)cc1 1 0.6790897 0.6791 0.1934781 0.1935 0.1934780994998389 ok 0.1934780994998389 0.1934780994998389 CC(=O)N1N=C(c2ccnc3ccccc23)CC1c1ccc(Cl)cc1 0.32155415912469226
 | 36.1436 35.6695 -20.5870 0.1178324 CNC(=O)C(C)(Cc1ccccc1)OC(=O)NC(CSCc1ccc(OC)cc1)C(O)=NO 1 0.1700385 0.1700 0.1075088 0.1075 0.10750883403197457 ok 0.10750883403197457 0.10750883403197457 CNC(=O)C(C)(Cc1ccccc1)OC(=O)NC(CSCc1ccc(OC)cc1)C(O)=NO 0.23544455071290335
 | 26.3957 26.0228 -4.6142 0.1672546 CCN(CC(=O)Nc1cccc(S(=O)(=O)N(C)C)c1)CC(=O)NC1CCCC1 1 0.6385175 0.6385 0.1196546 0.1197 0.11965456267303899 ok 0.11965456267303899 0.11965456267303899 CCN(CC(=O)Nc1cccc(S(=O)(=O)N(C)C)c1)CC(=O)NC1CCCC1 0.25053682178258896
 | 22.0126 22.6107 24.7620 0.3700990 S=c1[nH]nc(-c2csc(-c3ccc(Cl)cc3)c2)o1 1 0.6915265 0.6915 0.3165520 0.3166 0.31655204156491984 ok 0.31655204156491984 0.31655204156491984 S=c1[nH]nc(-c2csc(-c3ccc(Cl)cc3)c2)o1 0.403792142868042
 | 31.3190 31.6864 -16.5229 0.1184649 CCOc1cccc(-c2[nH]ncc2C(=O)NCC2CCN(c3ccncc3)CC2)c1 1 0.6284530 0.6285 0.0780583 0.0781 0.0780582625955177 ok 0.0780582625955177 0.0780582625955177 CCOc1cccc(-c2[nH]ncc2C(=O)NCC2CCN(c3ccncc3)CC2)c1 0.19137168427308401
 | 33.5031 33.2340 -19.5649 0.1067900 Cc1nc(C(F)(F)F)ccc1C(=O)N1CCCC(C(=O)Nc2ccccc2)CC1 1 0.8287578 0.8288 0.0639818 0.0640 0.06398175864958516 ok 0.06398175864958516 0.06398175864958516 Cc1nc(C(F)(F)F)ccc1C(=O)N1CCCC(C(=O)Nc2ccccc2)CC1 0.1646203820904096
 | 24.6119 24.7324 23.8517 0.3795631 N#CC(=Cc1ccc(C(F)(F)F)cc1)c1cc[nH]n1 1 0.8429745 0.8430 0.3109220 0.3109 0.3109219717084618 ok 0.3109219717084618 0.3109219717084618 N#CC(=Cc1ccc(C(F)(F)F)cc1)c1cc[nH]n1 0.40052343408266705
 | 23.6377 23.4437 60.9261 0.6591391 Cn1c2c(c(=O)c3cc(Cl)ccc31)C(=O)C(=O)c1ccccc1-2 1 0.5967456 0.5967 0.6757313 0.6757 0.6757312715610895 ok 0.6757312715610895 0.6757312715610895 Cn1c2c(c(=O)c3cc(Cl)ccc31)C(=O)C(=O)c1ccccc1-2 0.5917778611183167
19:04:47 <INFO> Score: 0.19 Agent NLL: 26.13 Valid: 100% Step: 29
 | Agent Prior Target Score SMILES SMILES_state QED Score QED Score (raw) SingleDock Target A SingleDock Target A (raw) boltz2_score (SingleDock Target A) reasons (SingleDock Target A) targetA_score (SingleDock Target A) total_reward (SingleDock Target A) canonical_smiles (SingleDock Target A) target_score_raw (SingleDock Target A)
 | 26.4555 26.4979 -8.8484 0.1378871 COc1ccccc1CCNC(=O)C(=O)NCC1OCCCN1S(=O)(=O)c1cccs1 1 0.5594765 0.5595 0.0971536 0.0972 0.09715364837849545 ok 0.09715364837849545 0.09715364837849545 COc1ccccc1CCNC(=O)C(=O)NCC1OCCCN1S(=O)(=O)c1cccs1 0.22134266793727875
 | 29.5036 29.6038 -1.9179 0.2162963 O=C(CN1CCCN(CC=Cc2ccccc2)C1)Nc1cccc(Br)c1 1 0.7744644 0.7745 0.1572392 0.1572 0.15723924373052617 ok 0.15723924373052617 0.15723924373052617 O=C(CN1CCCN(CC=Cc2ccccc2)C1)Nc1cccc(Br)c1 0.2901356716950734
 | 29.7045 29.2510 -5.8812 0.1825767 CCOc1cc(C2C(C#N)=C(C)N=C(C)C2C(=O)OC)cc(OC)c1OC(C)C 1 0.6421220 0.6421 0.1333222 0.1333 0.1333221947783047 ok 0.1333221947783047 0.1333221947783047 CCOc1cc(C2C(C#N)=C(C)N=C(C)C2C(=O)OC)cc(OC)c1OC(C)C 0.2660126785437266
 | 31.3498 31.1314 -19.8278 0.0883098 Cc1c(Cc2ccc(F)cc2)[nH]c(=O)n1-c1ccc(OCC2CC2)c(Cl)c1 1 0.6701012 0.6701 0.0532079 0.0532 0.053207899151381376 ok 0.053207899151381376 0.053207899151381376 Cc1c(Cc2ccc(F)cc2)[nH]c(=O)n1-c1ccc(OCC2CC2)c(Cl)c1 0.1401409163760642
 | 23.0951 23.1007 -12.7004 0.0812526 N=c1ncc(-c2ccc(C3(c4noc(-c5ccnnc5)n4)CCC3)cn2)c[nH]1 1 0.5616588 0.5617 0.0501104 0.0501 0.0501104492534198 ok 0.0501104492534198 0.0501104492534198 N=c1ncc(-c2ccc(C3(c4noc(-c5ccnnc5)n4)CCC3)cn2)c[nH]1 0.13223547985156378
 | 21.7075 21.5363 -5.9817 0.1215203 COCC1CN(Cc2ccc(OC)cc2)Cc2nnn(C)c21 1 0.8389555 0.8390 0.0749680 0.0750 0.07496804536643951 ok 0.07496804536643951 0.07496804536643951 COCC1CN(Cc2ccc(OC)cc2)Cc2nnn(C)c21 0.1859042098124822
 | 31.7794 31.3176 -6.6994 0.1923296 CCOC(=O)c1ccc(C(F)(F)F)cc1NC(=O)CCn1cnc([N+](=O)[O-])n1 1 0.4283661 0.4284 0.1574360 0.1574 0.1574359851502214 ok 0.1574359851502214 0.1574359851502214 CCOC(=O)c1ccc(C(F)(F)F)cc1NC(=O)CCn1cnc([N+](=O)[O-])n1 0.29032116134961444
 | 24.1821 23.8967 -15.5212 0.0654342 COc1nc(C)ccc1C(=O)N1CCCC(C(C)C)C1 1 0.8521878 0.8522 0.0344447 0.0344 0.034444655679755444 ok 0.034444655679755444 0.034444655679755444 COc1nc(C)ccc1C(=O)N1CCCC(C(C)C)C1 0.08333130382622282
 | 20.8446 20.8954 -5.8026 0.1179126 O=C1OC2(CCCC2)OC1=Cc1ccccc1 1 0.5493975 0.5494 0.0802562 0.0803 0.08025617874151535 ok 0.08025617874151535 0.08025617874151535 O=C1OC2(CCCC2)OC1=Cc1ccccc1 0.19514107207457224
 | 21.2513 21.4244 -4.6422 0.1311116 O=S(=O)(c1cccc(Cl)c1Cl)N1CCCC1 1 0.8349757 0.8350 0.0825340 0.0825 0.0825340457110365 ok 0.0825340457110365 0.0825340457110365 O=S(=O)(c1cccc(Cl)c1Cl)N1CCCC1 0.1989494264125824
19:11:21 <INFO> Score: 0.17 Agent NLL: 28.25 Valid: 100% Step: 30
 | Agent Prior Target Score SMILES SMILES_state QED Score QED Score (raw) SingleDock Target A SingleDock Target A (raw) boltz2_score (SingleDock Target A) reasons (SingleDock Target A) targetA_score (SingleDock Target A) total_reward (SingleDock Target A) canonical_smiles (SingleDock Target A) target_score_raw (SingleDock Target A)
 | 38.4309 38.3706 -18.4219 0.1558490 COc1c(O)cc2c(c1C=O)C1CCC3(C)C4CC(C)C5(CC(C)=COC5=O)OC4CC3C1CC2 1 0.4563444 0.4563 0.1191398 0.1191 0.11913975049703968 ok 0.11913975049703968 0.11913975049703968 COc1c(O)cc2c(c1C=O)C1CCC3(C)C4CC(C)C5(CC(C)=COC5=O)OC4CC3C1CC2 0.24992477397123972
 | 43.7637 43.8222 -36.3566 0.0583252 CC1(O)C=C2CCNC2(CC2CC3C=CC2C3)OC1=O 1 0.5923031 0.5923 0.0326727 0.0327 0.032672655721068575 ok 0.032672655721068575 0.032672655721068575 CC1(O)C=C2CCNC2(CC2CC3C=CC2C3)OC1=O 0.07650019476811092
 | 20.5731 20.9346 18.8346 0.3106971 COc1ccc2c(Oc3ccc(Cl)cc3)ccnc2c1 1 0.6994459 0.6994 0.2536489 0.2536 0.25364890286124986 ok 0.25364890286124986 0.25364890286124986 COc1ccc2c(Oc3ccc(Cl)cc3)ccnc2c1 0.3650943636894226
 | 33.8694 33.5974 -9.4510 0.1886437 CCCc1nc2nc(-c3ccc(F)cc3)cc(C(F)(F)F)c2c(=O)n1NC(=O)CCc1ccccc1 1 0.3523400 0.3523 0.1613662 0.1614 0.16136617712198173 ok 0.16136617712198173 0.16136617712198173 CCCc1nc2nc(-c3ccc(F)cc3)cc(C(F)(F)F)c2c(=O)n1NC(=O)CCc1ccccc1 0.2939877510070801
 | 21.4589 21.5959 10.2491 0.2487891 CCCCCNC(=O)NS(=O)(=O)c1cc([N+](=O)[O-])ccc1Oc1ccc(Cl)cc1 1 0.3403743 0.3404 0.2300383 0.2300 0.2300382651743513 ok 0.2300382651743513 0.2300382651743513 CCCCCNC(=O)NS(=O)(=O)c1cc([N+](=O)[O-])ccc1Oc1ccc(Cl)cc1 0.3489881058533986
 | 26.9537 27.1272 9.5343 0.2864187 O=C(CN(c1ccc(Cl)cc1)S(=O)(=O)c1ccc(C(F)(F)F)cc1)Nc1cccnc1 1 0.5724742 0.5725 0.2408866 0.2409 0.24088662299746674 ok 0.24088662299746674 0.24088662299746674 O=C(CN(c1ccc(Cl)cc1)S(=O)(=O)c1ccc(C(F)(F)F)cc1)Nc1cccnc1 0.3565219044685364
 | 29.5156 30.2877 -7.3413 0.1792690 CSc1ccc(-c2ccc[n+](Cc3cccc(-[n+]4ccccc4)c3)c2)cc1 1 0.3653707 0.3654 0.1500369 0.1500 0.15003691683501594 ok 0.15003691683501594 0.15003691683501594 CSc1ccc(-c2ccc[n+](Cc3cccc(-[n+]4ccccc4)c3)c2)cc1 0.28321105738480884
 | 24.0674 24.6534 -8.6908 0.1247080 COc1cc(-c2cccc(F)c2)c(Cl)cc1-c1nccc2cc(S(=O)(=O)N=c3cc[nH]cn3)ccc12 1 0.3352456 0.3352 0.0973928 0.0974 0.09739284166851843 ok 0.09739284166851843 0.09739284166851843 COc1cc(-c2cccc(F)c2)c(Cl)cc1-c1nccc2cc(S(=O)(=O)N=c3cc[nH]cn3)ccc12 0.22168316195408502
 | 32.6040 32.6210 -17.3577 0.1192440 CCc1cc(=O)n2[nH]c(CN3CCOCC3)c(-c3cccc(Br)c3)c2n1 1 0.7094713 0.7095 0.0763505 0.0764 0.07635048787007441 ok 0.07635048787007441 0.07635048787007441 CCc1cc(=O)n2[nH]c(CN3CCOCC3)c(-c3cccc(Br)c3)c2n1 0.18837521721919379
 | 25.1947 25.7486 -8.4471 0.1351682 CCCc1oc(-c2ccccc2)nc1CCOc1ccc(CC(C(=O)O)n2cccc2)cc1 1 0.3264769 0.3265 0.1084252 0.1084 0.10842517863065496 ok 0.10842517863065496 0.10842517863065496 CCCc1oc(-c2ccccc2)nc1CCOc1ccc(CC(C(=O)O)n2cccc2)cc1 0.2366338719924291
19:11:21 <WARN> Maximum number of steps of 30 reached in stage 1. Terminating all stages.
19:11:21 <INFO> Peak main memory usage: 1781.250 MiB
19:11:21 <INFO> Finished REINVENT on 2026-02-20
