run_id,timestamp,batch_index,molecule_index,smiles,canonical_smiles,targetA_raw,targetA_score,offTargetB_raw,offTargetB_score,off_target_penalty,total_reward,aggregation_mode,targetA_reason,offTargetB_reason
single_target_b1_a6000,2026-02-20T16:10:33,1,0,CCOc1ccc(Cc2cc(C3OC(CSc4nc5cc(OC)ccc5s4)C(O)C(O)C3O)ccc2C)cc1,CCOc1ccc(Cc2cc(C3OC(CSc4nc5cc(OC)ccc5s4)C(O)C(O)C3O)ccc2C)cc1,0.20863350729147592,0.08859338514336851,0.0,0.0,0.0,0.08859338514336851,single,ok,single_mode
single_target_b1_a6000,2026-02-20T16:10:33,1,1,Cn1ccc(CNC(=O)C2CN3CCC2CC3)c1,Cn1ccc(CNC(=O)C2CN3CCC2CC3)c1,0.11615873873233795,0.04433088654708119,0.0,0.0,0.0,0.04433088654708119,single,ok,single_mode
single_target_b1_a6000,2026-02-20T16:10:33,1,2,COc1cc(NC(=O)c2n[nH]n(Cc3ccc(F)cc3)c2=N)ccc1OC1CCNCC1,COc1cc(NC(=O)c2n[nH]n(Cc3ccc(F)cc3)c2=N)ccc1OC1CCNCC1,0.25587010383605957,0.12422234567058021,0.0,0.0,0.0,0.12422234567058021,single,ok,single_mode
single_target_b1_a6000,2026-02-20T16:10:33,1,3,COc1ccc(Cn2cncc2CC(=O)N=c2[nH]c(-c3ccc(F)c(C(F)(F)F)c3)cs2)cc1,COc1ccc(Cn2cncc2CC(=O)N=c2[nH]c(-c3ccc(F)c(C(F)(F)F)c3)cs2)cc1,0.30033940076828003,0.16836144455544313,0.0,0.0,0.0,0.16836144455544313,single,ok,single_mode
single_target_b1_a6000,2026-02-20T16:10:33,1,4,CCOc1ccc(NC(=O)CSc2nccnc2-c2cccc(F)c2)cc1,CCOc1ccc(NC(=O)CSc2nccnc2-c2cccc(F)c2)cc1,0.21572176118691763,0.09328017417457808,0.0,0.0,0.0,0.09328017417457808,single,ok,single_mode
single_target_b1_a6000,2026-02-20T16:10:33,1,5,N#CN1CCN(c2ccc([N+](=O)[O-])cc2C(=O)N2CCc3ccc(C(O)=NO)cc3C2)CC1,N#CN1CCN(c2ccc([N+](=O)[O-])cc2C(=O)N2CCc3ccc(C(O)=NO)cc3C2)CC1,0.2264293134212494,0.10078202137297589,0.0,0.0,0.0,0.10078202137297589,single,ok,single_mode
single_target_b1_a6000,2026-02-20T16:10:33,1,6,CCOC(=O)C(c1ccccc1)S(=O)(=O)c1ccc(F)cc1,CCOC(=O)C(c1ccccc1)S(=O)(=O)c1ccc(F)cc1,0.14704556514819464,0.05606024237497521,0.0,0.0,0.0,0.05606024237497521,single,ok,single_mode
single_target_b1_a6000,2026-02-20T16:10:33,1,7,Cc1ccc(NC(=O)c2cccc(O)c2)cc1N=c1cc[nH]c2ccc(-c3ccsc3)cc12,Cc1ccc(NC(=O)c2cccc(O)c2)cc1N=c1cc[nH]c2ccc(-c3ccsc3)cc12,0.1558034842212995,0.05988522663553243,0.0,0.0,0.0,0.05988522663553243,single,ok,single_mode
single_target_b1_a6000,2026-02-20T16:10:33,1,8,O=C(NCCC(F)(F)F)N1CCC(c2nc(-c3ccc(F)cc3)co2)CC1,O=C(NCCC(F)(F)F)N1CCC(c2nc(-c3ccc(F)cc3)co2)CC1,0.280834823846817,0.1476287607886972,0.0,0.0,0.0,0.1476287607886972,single,ok,single_mode
single_target_b1_a6000,2026-02-20T16:10:33,1,9,O=c1c2ccccc2nc2n1CCc1c-2c2ccccc2[nH]c1=Nc1cccc(Br)c1,O=c1c2ccccc2nc2n1CCc1c-2c2ccccc2[nH]c1=Nc1cccc(Br)c1,0.3344329595565796,0.21006455751308134,0.0,0.0,0.0,0.21006455751308134,single,ok,single_mode
single_target_b1_a6000,2026-02-20T16:10:33,1,10,COc1cccc(N(CC(=O)Nc2cccc(SC)c2)S(=O)(=O)c2ccccc2)c1,COc1cccc(N(CC(=O)Nc2cccc(SC)c2)S(=O)(=O)c2ccccc2)c1,0.18726149201393127,0.07572452585673774,0.0,0.0,0.0,0.07572452585673774,single,ok,single_mode
single_target_b1_a6000,2026-02-20T16:10:33,1,11,CCOc1ccc(CNC(=O)C2CCCN(S(=O)(=O)c3c[nH]cn3)C2)cc1,CCOc1ccc(CNC(=O)C2CCCN(S(=O)(=O)c3c[nH]cn3)C2)cc1,0.11176118503014247,0.042864109112955434,0.0,0.0,0.0,0.042864109112955434,single,ok,single_mode
single_target_b1_a6000,2026-02-20T16:10:33,1,12,Cc1cccc(OCC(=O)NNC(=O)Cn2c3ccccc3c3ccccc32)c1,Cc1cccc(OCC(=O)NNC(=O)Cn2c3ccccc3c3ccccc32)c1,0.27743465701738995,0.14423859781594722,0.0,0.0,0.0,0.14423859781594722,single,ok,single_mode
single_target_b1_a6000,2026-02-20T16:10:33,1,13,O=C(C=C1SC(=S)N(c2ccc(C(=O)O)cc2)C1=O)Nc1ccccc1,O=C(C=C1SC(=S)N(c2ccc(C(=O)O)cc2)C1=O)Nc1ccccc1,0.43546272317568463,0.37371824154098493,0.0,0.0,0.0,0.37371824154098493,single,ok,single_mode
single_target_b1_a6000,2026-02-20T16:10:33,1,14,COC(C(=O)NC1Cc2ccccc2C1)C1CCN1C(=O)OCc1ccccc1,COC(C(=O)NC1Cc2ccccc2C1)C1CCN1C(=O)OCc1ccccc1,0.24868739768862724,0.11810480455105145,0.0,0.0,0.0,0.11810480455105145,single,ok,single_mode
single_target_b1_a6000,2026-02-20T16:10:33,1,15,COc1ccc(NS(=O)(=O)C=Cc2ccco2)cc1,COc1ccc(NS(=O)(=O)C=Cc2ccco2)cc1,0.3150133788585663,0.18544358621758675,0.0,0.0,0.0,0.18544358621758675,single,ok,single_mode
single_target_b1_a6000,2026-02-20T16:16:42,2,0,COc1cc(OC)cc(C(=O)NC(C)C(=O)OCC(=O)NCc2ccco2)c1,COc1cc(OC)cc(C(=O)NC(C)C(=O)OCC(=O)NCc2ccco2)c1,0.16540932158629099,0.06436078510447901,0.0,0.0,0.0,0.06436078510447901,single,ok,single_mode
single_target_b1_a6000,2026-02-20T16:16:42,2,1,CN(C)CCNc1oc(-c2cccs2)nc1S(=O)(=O)c1ccccc1,CN(C)CCNc1oc(-c2cccs2)nc1S(=O)(=O)c1ccccc1,0.20327910284201303,0.08519507823909508,0.0,0.0,0.0,0.08519507823909508,single,ok,single_mode
single_target_b1_a6000,2026-02-20T16:16:42,2,2,Cc1ccc(Cl)cc1NC(=O)CCNC(=O)c1ccoc1,Cc1ccc(Cl)cc1NC(=O)CCNC(=O)c1ccoc1,0.18524368107318878,0.07460241748759383,0.0,0.0,0.0,0.07460241748759383,single,ok,single_mode
single_target_b1_a6000,2026-02-20T16:16:42,2,3,O=C(NCCCNCc1ccc(Cl)cc1)c1ccc(Cl)cc1,O=C(NCCCNCc1ccc(Cl)cc1)c1ccc(Cl)cc1,0.261861115694046,0.12953109445044345,0.0,0.0,0.0,0.12953109445044345,single,ok,single_mode
single_target_b1_a6000,2026-02-20T16:16:42,2,4,CC(=O)N1CCN(C2(CNC(=O)C3CCC(F)(F)CC3)CCc3ccccc3C2)CC1,CC(=O)N1CCN(C2(CNC(=O)C3CCC(F)(F)CC3)CCc3ccccc3C2)CC1,0.1191706657409668,0.045362986776312376,0.0,0.0,0.0,0.045362986776312376,single,ok,single_mode
single_target_b1_a6000,2026-02-20T16:16:42,2,5,Cc1cc(-c2c[nH]c(=NC3CCN(C(=O)c4cc(C(F)(F)F)ccc4F)CC3)[nH]c2=NC2CC2)[nH]c(=Nc2cc(C(F)(F)F)ccn2)c1,Cc1cc(-c2c[nH]c(=NC3CCN(C(=O)c4cc(C(F)(F)F)ccc4F)CC3)[nH]c2=NC2CC2)[nH]c(=Nc2cc(C(F)(F)F)ccn2)c1,0.29717525839805603,0.16484689506511238,0.0,0.0,0.0,0.16484689506511238,single,ok,single_mode
single_target_b1_a6000,2026-02-20T16:16:42,2,6,CCOCC(=O)Nc1cccc(S(=O)(=O)Nc2ccc(F)c(Cl)c2)c1,CCOCC(=O)Nc1cccc(S(=O)(=O)Nc2ccc(F)c(Cl)c2)c1,0.28858249882857007,0.15559969713082517,0.0,0.0,0.0,0.15559969713082517,single,ok,single_mode
single_target_b1_a6000,2026-02-20T16:16:42,2,7,CC(c1nc2ccccc2c(=O)n1-c1cccc(F)c1)N(CCO)S(=O)(=O)c1ccc(Cl)cc1,CC(c1nc2ccccc2c(=O)n1-c1cccc(F)c1)N(CCO)S(=O)(=O)c1ccc(Cl)cc1,0.12804334859053293,0.04853797882105599,0.0,0.0,0.0,0.04853797882105599,single,ok,single_mode
single_target_b1_a6000,2026-02-20T16:16:42,2,8,COc1ccc(-c2nc3cc(Cl)ccc3c(=O)n2O)cc1,COc1ccc(-c2nc3cc(Cl)ccc3c(=O)n2O)cc1,0.27917811771233875,0.1459687711453059,0.0,0.0,0.0,0.1459687711453059,single,ok,single_mode
single_target_b1_a6000,2026-02-20T16:16:42,2,9,O=C(NCc1ccccc1)c1nc(CN2CCc3ccccc32)no1,O=C(NCc1ccccc1)c1nc(CN2CCc3ccccc32)no1,0.28386985262235004,0.15071026455120912,0.0,0.0,0.0,0.15071026455120912,single,ok,single_mode
single_target_b1_a6000,2026-02-20T16:16:42,2,10,N=c1[nH]cc(C(=O)N2CCC(F)(F)CC2)c2nc(C(=O)N3CCOCC3)sc12,N=c1[nH]cc(C(=O)N2CCC(F)(F)CC2)c2nc(C(=O)N3CCOCC3)sc12,0.12590602288643518,0.04775439811400666,0.0,0.0,0.0,0.04775439811400666,single,ok,single_mode
single_target_b1_a6000,2026-02-20T16:16:42,2,11,CCCCOC(=O)NS(=O)(=O)c1sc(-c2ccccc2)cc1-c1ccc(Cn2c(CCCC)nc(SC)c2C(=O)C(=O)OCC)cc1,CCCCOC(=O)NS(=O)(=O)c1sc(-c2ccccc2)cc1-c1ccc(Cn2c(CCCC)nc(SC)c2C(=O)C(=O)OCC)cc1,0.15300530443588892,0.05863729607906443,0.0,0.0,0.0,0.05863729607906443,single,ok,single_mode
single_target_b1_a6000,2026-02-20T16:16:42,2,12,Cn1cc(C(=O)NCCCCCCNC(=O)c2ccccc2)c2ccccc21,Cn1cc(C(=O)NCCCCCCNC(=O)c2ccccc2)c2ccccc21,0.21008425454298654,0.08953499054928765,0.0,0.0,0.0,0.08953499054928765,single,ok,single_mode
single_target_b1_a6000,2026-02-20T16:16:42,2,13,CCCn1c(-c2cccc(Cl)c2)n[nH]c1=S,CCCn1c(-c2cccc(Cl)c2)n[nH]c1=S,0.29352858165899914,0.16086969069555343,0.0,0.0,0.0,0.16086969069555343,single,ok,single_mode
single_target_b1_a6000,2026-02-20T16:16:42,2,14,N#CC(CCCN1CCC(O)(c2ccc3[nH]ncc3c2)CC1)c1ccc(Cl)cc1,N#CC(CCCN1CCC(O)(c2ccc3[nH]ncc3c2)CC1)c1ccc(Cl)cc1,0.2663809657096863,0.1336629996755623,0.0,0.0,0.0,0.1336629996755623,single,ok,single_mode
single_target_b1_a6000,2026-02-20T16:16:42,2,15,CC(=O)N1CC(C(NCc2cc(Cl)c3c(c2)OCO3)c2nn(-c3ncnc4[nH]cnc34)c3ccccc23)C1,CC(=O)N1CC(C(NCc2cc(Cl)c3c(c2)OCO3)c2nn(-c3ncnc4[nH]cnc34)c3ccccc23)C1,0.3650892376899719,0.2536411396694059,0.0,0.0,0.0,0.2536411396694059,single,ok,single_mode
single_target_b1_a6000,2026-02-20T16:22:45,3,0,CC1CCC(C(=O)O)N(C(=O)c2ccc(=O)[nH]n2)C1,CC1CCC(C(=O)O)N(C(=O)c2ccc(=O)[nH]n2)C1,0.14357799291610718,0.05461023066986377,0.0,0.0,0.0,0.05461023066986377,single,ok,single_mode
single_target_b1_a6000,2026-02-20T16:22:45,3,1,CN1C(=O)CC2(CCN(C3CCC(C(=O)N=c4cc(C#N)c(-c5cc(F)cc(F)c5)c[nH]4)CC3)CC2)C1=O,CN1C(=O)CC2(CCN(C3CCC(C(=O)N=c4cc(C#N)c(-c5cc(F)cc(F)c5)c[nH]4)CC3)CC2)C1=O,0.28604650497436523,0.1529526810553274,0.0,0.0,0.0,0.1529526810553274,single,ok,single_mode
single_target_b1_a6000,2026-02-20T16:22:45,3,2,COc1cc(OC)c(OC)cc1CNCc1ccc2c(c1)OCCO2,COc1cc(OC)c(OC)cc1CNCc1ccc2c(c1)OCCO2,0.20400974651177725,0.08565173683774852,0.0,0.0,0.0,0.08565173683774852,single,ok,single_mode
single_target_b1_a6000,2026-02-20T16:22:45,3,3,CN(c1ncnc2[nH]ccc12)C1CCC(CS(=O)(=O)N2CCN(C3CC3)CC2)CC1,CN(c1ncnc2[nH]ccc12)C1CCC(CS(=O)(=O)N2CCN(C3CC3)CC2)CC1,0.23313146581252417,0.10574614993092535,0.0,0.0,0.0,0.10574614993092535,single,ok,single_mode
single_target_b1_a6000,2026-02-20T16:22:45,3,4,CCC(C)(C)NC(=O)c1ccc(N2CC(F)(F)C2)c(OCC2CC2)n1,CCC(C)(C)NC(=O)c1ccc(N2CC(F)(F)C2)c(OCC2CC2)n1,0.23886141180992126,0.11015991288960318,0.0,0.0,0.0,0.11015991288960318,single,ok,single_mode
single_target_b1_a6000,2026-02-20T16:22:45,3,5,CC(C)(C)OC(=O)C1C(=O)N(Cc2ccccc2)CC(O)C(Cc2ccccc2)N1Cc1ccc(Oc2ccccc2)cc1,CC(C)(C)OC(=O)C1C(=O)N(Cc2ccccc2)CC(O)C(Cc2ccccc2)N1Cc1ccc(Oc2ccccc2)cc1,0.18061945339043936,0.07208832996851246,0.0,0.0,0.0,0.07208832996851246,single,ok,single_mode
single_target_b1_a6000,2026-02-20T16:22:45,3,6,COc1ccc(Br)cc1C=C1C(=O)Nc2cc(Cl)ccc21,COc1ccc(Br)cc1C=C1C(=O)Nc2cc(Cl)ccc21,0.3594673275947571,0.24522169725533627,0.0,0.0,0.0,0.24522169725533627,single,ok,single_mode
single_target_b1_a6000,2026-02-20T16:22:45,3,7,Cn1c(O)c2c(c1O)C1(C)C(=O)N(c3cccc(C#N)c3)C(=O)N1C2c1ccc(C(F)(F)F)cc1,Cn1c(O)c2c(c1O)C1(C)C(=O)N(c3cccc(C#N)c3)C(=O)N1C2c1ccc(C(F)(F)F)cc1,0.19750725974639258,0.08166461094238842,0.0,0.0,0.0,0.08166461094238842,single,ok,single_mode
single_target_b1_a6000,2026-02-20T16:22:45,3,8,Cc1ccc(-c2ccc(=O)n(CC(=O)Nc3cc(S(N)(=O)=O)ccc3Cl)n2)cc1,Cc1ccc(-c2ccc(=O)n(CC(=O)Nc3cc(S(N)(=O)=O)ccc3Cl)n2)cc1,0.29925107459227246,0.16714589858083598,0.0,0.0,0.0,0.16714589858083598,single,ok,single_mode
single_target_b1_a6000,2026-02-20T16:22:45,3,9,COc1cc2c(cc1OC)C(c1ccccc1Cl)=NCC2,COc1cc2c(cc1OC)C(c1ccccc1Cl)=NCC2,0.24600888788700104,0.1158911400754212,0.0,0.0,0.0,0.1158911400754212,single,ok,single_mode
single_target_b1_a6000,2026-02-20T16:22:45,3,10,COc1cc(CNC(=O)Cn2cccc(NS(=O)(=O)c3ccc(Br)cc3)c2=O)ccc1O,COc1cc(CNC(=O)Cn2cccc(NS(=O)(=O)c3ccc(Br)cc3)c2=O)ccc1O,0.25814121464888257,0.1262124927149989,0.0,0.0,0.0,0.1262124927149989,single,ok,single_mode
single_target_b1_a6000,2026-02-20T16:22:45,3,11,COc1cccc(Cn2nc(-c3ccc(C)cc3)ccc2=O)c1,COc1cccc(Cn2nc(-c3ccc(C)cc3)ccc2=O)c1,0.2975384593009949,0.16524730662253098,0.0,0.0,0.0,0.16524730662253098,single,ok,single_mode
single_target_b1_a6000,2026-02-20T16:22:45,3,12,O=C(N=c1c2c([nH]n1-c1ccc(Cl)cc1)CS(=O)(=O)C2)c1cccnc1,O=C(N=c1c2c([nH]n1-c1ccc(Cl)cc1)CS(=O)(=O)C2)c1cccnc1,0.23957129816214243,0.11071783781135153,0.0,0.0,0.0,0.11071783781135153,single,ok,single_mode
single_target_b1_a6000,2026-02-20T16:22:45,3,13,COc1cccc2c1C1(c3ccccc3)CCN(CC1)C2,COc1cccc2c1C1(c3ccccc3)CCN(CC1)C2,0.24351750314235687,0.11386457604038108,0.0,0.0,0.0,0.11386457604038108,single,ok,single_mode
single_target_b1_a6000,2026-02-20T16:29:24,4,0,CCN(CC)CCCCOc1ccc(NC(=O)CCCC(=O)c2ccc(-c3ccccc3)cc2)cc1,CCN(CC)CCCCOc1ccc(NC(=O)CCCC(=O)c2ccc(-c3ccccc3)cc2)cc1,0.32064732909202576,0.19234857075455508,0.0,0.0,0.0,0.19234857075455508,single,ok,single_mode
single_target_b1_a6000,2026-02-20T16:29:24,4,1,CCCN1C(=S)N(c2ccc(Cl)cc2)C(=S)C1=Nc1nc2ccc(Cl)cc2s1,CCCN1C(=S)N(c2ccc(Cl)cc2)C(=S)C1=Nc1nc2ccc(Cl)cc2s1,0.39346960186958313,0.2989625100815313,0.0,0.0,0.0,0.2989625100815313,single,ok,single_mode
single_target_b1_a6000,2026-02-20T16:29:24,4,2,Cn1nc(C(=O)OCCN2CCOCC2)cc1C(=O)Nc1cccc(-c2ccccc2)c1,Cn1nc(C(=O)OCCN2CCOCC2)cc1C(=O)Nc1cccc(-c2ccccc2)c1,0.21648778021335602,0.09379978052005727,0.0,0.0,0.0,0.09379978052005727,single,ok,single_mode
single_target_b1_a6000,2026-02-20T16:29:24,4,3,CC(C)C1C(OC(=O)NC(Cc2ccccc2)C(O)CN(C)C(=O)NC2Cc3ccccc3C2)CCS1(=O)=O,CC(C)C1C(OC(=O)NC(Cc2ccccc2)C(O)CN(C)C(=O)NC2Cc3ccccc3C2)CCS1(=O)=O,0.12539025892814,0.04756711739493069,0.0,0.0,0.0,0.04756711739493069,single,ok,single_mode
single_target_b1_a6000,2026-02-20T16:29:24,4,4,CC1(CC(=O)O)N=C(N)c2cc(Br)ccc2N1,CC1(CC(=O)O)N=C(N)c2cc(Br)ccc2N1,0.44686323404312134,0.3952984150175694,0.0,0.0,0.0,0.3952984150175694,single,ok,single_mode
single_target_b1_a6000,2026-02-20T16:29:24,4,5,CC(=O)N(O)C(C)N1CCN(c2ccc(-n3nnc(-c4ccc(C(F)(F)F)cc4)n3)cc2F)CC1,CC(=O)N(O)C(C)N1CCN(c2ccc(-n3nnc(-c4ccc(C(F)(F)F)cc4)n3)cc2F)CC1,0.16761590292056402,0.06543201090715256,0.0,0.0,0.0,0.06543201090715256,single,ok,single_mode
single_target_b1_a6000,2026-02-20T16:29:24,4,6,COc1ccccc1-n1nc(C(=O)NCc2ccc(C(=O)N=c3cccc(C)[nH]3)cc2)ccc1=O,COc1ccccc1-n1nc(C(=O)NCc2ccc(C(=O)N=c3cccc(C)[nH]3)cc2)ccc1=O,0.21050557990868887,0.08981013737218302,0.0,0.0,0.0,0.08981013737218302,single,ok,single_mode
single_target_b1_a6000,2026-02-20T16:29:24,4,7,Cc1cc(C)c(C(=O)NCC2(N3CCCCC3)CCCCC2)c(C)c1,Cc1cc(C)c(C(=O)NCC2(N3CCCCC3)CCCCC2)c(C)c1,0.16529585421085358,0.06430614405786779,0.0,0.0,0.0,0.06430614405786779,single,ok,single_mode
single_target_b1_a6000,2026-02-20T16:29:24,4,8,C=C(C)C(=O)CC1CC2(CC=C(C)C)OC34Oc5c(CC=C(C)C)c(O)cc(O)c5CC3C(CC=C(C)C)=CC2CC4(CC=C(C)C)CC1=O,C=C(C)C(=O)CC1CC2(CC=C(C)C)OC34Oc5c(CC=C(C)C)c(O)cc(O)c5CC3C(CC=C(C)C)=CC2CC4(CC=C(C)C)CC1=O,0.25639791107581306,0.12468244109460849,0.0,0.0,0.0,0.12468244109460849,single,ok,single_mode
single_target_b1_a6000,2026-02-20T16:29:24,4,9,COc1ccc2c(=N)c3c([nH]c2c1)OCC3=O,COc1ccc2c(=N)c3c([nH]c2c1)OCC3=O,0.4031257629394531,0.31539981756310104,0.0,0.0,0.0,0.31539981756310104,single,ok,single_mode
single_target_b1_a6000,2026-02-20T16:29:24,4,10,CCC(C)N1CCC(C(=O)c2ccc(OC)cc2)C2(CCc3c2[nH]c2ccc(Cl)cc32)C1=O,CCC(C)N1CCC(C(=O)c2ccc(OC)cc2)C2(CCc3c2[nH]c2ccc(Cl)cc32)C1=O,0.2771284580230713,0.14393649873343428,0.0,0.0,0.0,0.14393649873343428,single,ok,single_mode
single_target_b1_a6000,2026-02-20T16:29:24,4,11,N#Cc1c(-c2ccccc2)cc(=NCCCCN)n2c1[nH]c1ccccc12,N#Cc1c(-c2ccccc2)cc(=NCCCCN)n2c1[nH]c1ccccc12,0.27599691847960156,0.1428246745525354,0.0,0.0,0.0,0.1428246745525354,single,ok,single_mode
single_target_b1_a6000,2026-02-20T16:29:24,4,12,CCCCN1CC(=O)N2C(CC3CN(Cc4ccccc4)C(=O)C32)C1=O,CCCCN1CC(=O)N2C(CC3CN(Cc4ccccc4)C(=O)C32)C1=O,0.05451912060379982,0.027549171889516895,0.0,0.0,0.0,0.027549171889516895,single,ok,single_mode
single_target_b1_a6000,2026-02-20T16:29:24,4,13,FC(F)(F)c1nc(-c2ccccc2)nc2c1CCNCC2,FC(F)(F)c1nc(-c2ccccc2)nc2c1CCNCC2,0.2779763837655385,0.14477436225680781,0.0,0.0,0.0,0.14477436225680781,single,ok,single_mode
single_target_b1_a6000,2026-02-20T16:29:24,4,14,Nn1c(CC(=O)c2ccccc2)nc2cc3ccccc3cc2c1=O,Nn1c(CC(=O)c2ccccc2)nc2cc3ccccc3cc2c1=O,0.3519901931285858,0.23431967174348994,0.0,0.0,0.0,0.23431967174348994,single,ok,single_mode
single_target_b1_a6000,2026-02-20T16:29:24,4,15,CC(C)Cc1cc(=O)c(-c2ccccn2)c(O)[nH]1,CC(C)Cc1cc(=O)c(-c2ccccn2)c(O)[nH]1,0.25388893981774646,0.12250832497830298,0.0,0.0,0.0,0.12250832497830298,single,ok,single_mode
single_target_b1_a6000,2026-02-20T16:35:46,5,0,CCCCN(CC)c1cc(=NC(C)C)[nH]c2cc(-c3cccc(F)c3)nn12,CCCCN(CC)c1cc(=NC(C)C)[nH]c2cc(-c3cccc(F)c3)nn12,0.26823824147383374,0.13539292270997852,0.0,0.0,0.0,0.13539292270997852,single,ok,single_mode
single_target_b1_a6000,2026-02-20T16:35:46,5,1,CN1C(=O)N(c2cccc(C(F)(F)F)c2)C2=C(C(=O)CC2)C1c1ccc(C#N)cc1C(=O)N1CCC(N)C1,CN1C(=O)N(c2cccc(C(F)(F)F)c2)C2=C(C(=O)CC2)C1c1ccc(C#N)cc1C(=O)N1CCC(N)C1,0.06663205350438754,0.030267563361016214,0.0,0.0,0.0,0.030267563361016214,single,ok,single_mode
single_target_b1_a6000,2026-02-20T16:35:46,5,2,CCCCC12CCC(=O)c3cccc(c31)NC2=O,CCCCC12CCC(=O)c3cccc(c31)NC2=O,0.2569601784149806,0.12517418258859905,0.0,0.0,0.0,0.12517418258859905,single,ok,single_mode
single_target_b1_a6000,2026-02-20T16:35:46,5,3,CC(=O)OC1CC2C3CCC(O)C3(C)CCC2C2(C)CCC(O)CC12,CC(=O)OC1CC2C3CCC(O)C3(C)CCC2C2(C)CCC(O)CC12,0.23374679684638977,0.1062125590104598,0.0,0.0,0.0,0.1062125590104598,single,ok,single_mode
single_target_b1_a6000,2026-02-20T16:35:46,5,4,OC(CN(CCC12CC3CC(CC(C3)C1)C2)C(=S)SCc1ccc2c(c1)OCO2)(Cn1cncn1)c1ccc(F)cc1F,OC(CN(CCC12CC3CC(CC(C3)C1)C2)C(=S)SCc1ccc2c(c1)OCO2)(Cn1cncn1)c1ccc(F)cc1F,0.24824425826470056,0.11773605891781733,0.0,0.0,0.0,0.11773605891781733,single,ok,single_mode
single_target_b1_a6000,2026-02-20T16:35:46,5,5,CCN1CCCC1CCNC(=O)c1cccc(Cl)c1,CCN1CCCC1CCNC(=O)c1cccc(Cl)c1,0.2457127720117569,0.11564863967656594,0.0,0.0,0.0,0.11564863967656594,single,ok,single_mode
single_target_b1_a6000,2026-02-20T16:35:46,5,6,O=C(CCCCNS(=O)(=O)c1cccc2ccccc12)Nc1ccc(Br)cc1,O=C(CCCCNS(=O)(=O)c1cccc2ccccc12)Nc1ccc(Br)cc1,0.21262711783250174,0.09120721879311516,0.0,0.0,0.0,0.09120721879311516,single,ok,single_mode
single_target_b1_a6000,2026-02-20T16:35:46,5,7,CCCN1C(=O)C(=Cc2ccc(OCC(=O)O)c(OC)c2)SC1=S,CCCN1C(=O)C(=Cc2ccc(OCC(=O)O)c(OC)c2)SC1=S,0.23542851209640503,0.10749652332209113,0.0,0.0,0.0,0.10749652332209113,single,ok,single_mode
single_target_b1_a6000,2026-02-20T16:35:46,5,8,CCN(CC)CCCC(C)N=c1c2ccccc2[nH]c2ccc(Cl)cc12,CCN(CC)CCCC(C)N=c1c2ccccc2[nH]c2ccc(Cl)cc12,0.5524337490399679,0.6033564167284622,0.0,0.0,0.0,0.6033564167284622,single,ok,single_mode
single_target_b1_a6000,2026-02-20T16:35:46,5,9,CN1C(=O)CC(c2ccc(Cl)cc2)C1C(O)c1ccc([N+](=O)[O-])cc1,CN1C(=O)CC(c2ccc(Cl)cc2)C1C(O)c1ccc([N+](=O)[O-])cc1,0.21912672619024912,0.0956097471409154,0.0,0.0,0.0,0.0956097471409154,single,ok,single_mode
single_target_b1_a6000,2026-02-20T16:35:46,5,10,COc1ccccc1CCN1CC(NC(=O)Cc2ccc(OC)c(OC)c2)CC1=O,COc1ccccc1CCN1CC(NC(=O)Cc2ccc(OC)c(OC)c2)CC1=O,0.14004033307234445,0.053167377187186914,0.0,0.0,0.0,0.053167377187186914,single,ok,single_mode
single_target_b1_a6000,2026-02-20T16:35:46,5,11,Cc1cccc(-c2noc(-c3cccc(C)c3)n2)c1,Cc1cccc(-c2noc(-c3cccc(C)c3)n2)c1,0.34270867705345154,0.22126140682214057,0.0,0.0,0.0,0.22126140682214057,single,ok,single_mode
single_target_b1_a6000,2026-02-20T16:35:46,5,12,CCCC(=O)NCCCNC1NC(CNC(=O)c2ccc3ccccc3c2)c2ccccc2C1C(=O)NCc1ccc(F)cc1,CCCC(=O)NCCCNC1NC(CNC(=O)c2ccc3ccccc3c2)c2ccccc2C1C(=O)NCc1ccc(F)cc1,0.2022989938656489,0.0845859693840052,0.0,0.0,0.0,0.0845859693840052,single,ok,single_mode
single_target_b1_a6000,2026-02-20T16:35:46,5,13,S=C(NCCN1CCOCC1)Nc1cccc(Cl)c1,S=C(NCCN1CCOCC1)Nc1cccc(Cl)c1,0.19046794871489206,0.07753954737612405,0.0,0.0,0.0,0.07753954737612405,single,ok,single_mode
single_target_b1_a6000,2026-02-20T16:35:46,5,14,CC(C)CCC1C2=C(CCC34C(=O)CC5CC(C)(CNC(=O)c6cccc(Cl)c6)CCC5(C)C3CCC24)C(O)C1(C)C,CC(C)CCC1C2=C(CCC34C(=O)CC5CC(C)(CNC(=O)c6cccc(Cl)c6)CCC5(C)C3CCC24)C(O)C1(C)C,0.11133129894733429,0.04272323599823006,0.0,0.0,0.0,0.04272323599823006,single,ok,single_mode
single_target_b1_a6000,2026-02-20T16:35:46,5,15,CC(CCC(O)c1ccc(-c2ccccc2)c(O)c1)NCCCCN=c1cc[nH]c2ccccc12,CC(CCC(O)c1ccc(-c2ccccc2)c(O)c1)NCCCCN=c1cc[nH]c2ccccc12,0.2690037190914154,0.13611138941122844,0.0,0.0,0.0,0.13611138941122844,single,ok,single_mode
single_target_b1_a6000,2026-02-20T16:42:36,6,0,CCCCn1ccc2c1C(=O)NCC1(CCN(c3ccc4cccnc4n3)CC1)O2,CCCCn1ccc2c1C(=O)NCC1(CCN(c3ccc4cccnc4n3)CC1)O2,0.3041515698035558,0.17267484970978272,0.0,0.0,0.0,0.17267484970978272,single,ok,single_mode
single_target_b1_a6000,2026-02-20T16:42:36,6,1,N=C(NCCN)NCc1ccc2cccnc2c1,N=C(NCCN)NCc1ccc2cccnc2c1,0.19787555932998657,0.08188584997562127,0.0,0.0,0.0,0.08188584997562127,single,ok,single_mode
single_target_b1_a6000,2026-02-20T16:42:36,6,2,Cn1c(CCNC(=O)c2ccco2)nnc1SCC(=O)Nc1ccccc1F,Cn1c(CCNC(=O)c2ccco2)nnc1SCC(=O)Nc1ccccc1F,0.13781641547878584,0.052278837399117754,0.0,0.0,0.0,0.052278837399117754,single,ok,single_mode
single_target_b1_a6000,2026-02-20T16:42:36,6,3,O=C1C(C(=O)N2CCOCC2)=C(N2CCCC2)c2ccccc21,O=C1C(C(=O)N2CCOCC2)=C(N2CCCC2)c2ccccc21,0.18419666588306427,0.07402621254247256,0.0,0.0,0.0,0.07402621254247256,single,ok,single_mode
single_target_b1_a6000,2026-02-20T16:42:36,6,4,CC1=CC(C)(C)Nc2ccc(C)cc21,CC1=CC(C)(C)Nc2ccc(C)cc21,0.442023163040479,0.3860812630793918,0.0,0.0,0.0,0.3860812630793918,single,ok,single_mode
single_target_b1_a6000,2026-02-20T16:42:36,6,5,COC(=O)CCn1ccc(=O)c(O)c1C,COC(=O)CCn1ccc(=O)c(O)c1C,0.2291135936975479,0.10274487663195278,0.0,0.0,0.0,0.10274487663195278,single,ok,single_mode
single_target_b1_a6000,2026-02-20T16:42:36,6,6,Cc1ccc(S(=O)(=O)Nc2cccc(C(=O)O)c2)c(C)c1,Cc1ccc(S(=O)(=O)Nc2cccc(C(=O)O)c2)c(C)c1,0.1639654040336609,0.06366867156785151,0.0,0.0,0.0,0.06366867156785151,single,ok,single_mode
single_target_b1_a6000,2026-02-20T16:42:36,6,7,Brc1cccc(N=c2[nH]cnc3cnc(=NCc4ccc(-c5nc6ccccc6[nH]5)cc4)sc23)c1,Brc1cccc(N=c2[nH]cnc3cnc(=NCc4ccc(-c5nc6ccccc6[nH]5)cc4)sc23)c1,0.21796676543696472,0.09481035195120954,0.0,0.0,0.0,0.09481035195120954,single,ok,single_mode
single_target_b1_a6000,2026-02-20T16:42:36,6,8,CCN(C(=O)c1ccc(N2CCCCC2)c([N+](=O)[O-])c1)C1CC1,CCN(C(=O)c1ccc(N2CCCCC2)c([N+](=O)[O-])c1)C1CC1,0.22836878895759583,0.10219687671857527,0.0,0.0,0.0,0.10219687671857527,single,ok,single_mode
single_target_b1_a6000,2026-02-20T16:42:36,6,9,CCSc1nc(N2CCN(CC)CC2)c2cn(CCCc3c[nH]c4ccccc34)nc2n1,CCSc1nc(N2CCN(CC)CC2)c2cn(CCCc3c[nH]c4ccccc34)nc2n1,0.4559243321418762,0.41275077512465075,0.0,0.0,0.0,0.41275077512465075,single,ok,single_mode
single_target_b1_a6000,2026-02-20T16:42:36,6,10,O=C(NC1CCC(CCN2CCC(c3noc4cc(F)ccc34)CC2)CC1)c1ccc(N2CCOCC2)cc1,O=C(NC1CCC(CCN2CCC(c3noc4cc(F)ccc34)CC2)CC1)c1ccc(N2CCOCC2)cc1,0.2173239141702652,0.0943699078214552,0.0,0.0,0.0,0.0943699078214552,single,ok,single_mode
single_target_b1_a6000,2026-02-20T16:42:36,6,11,CC(=O)N=c1[nH]c(-c2ccc(N(C)C)cc2)cs1,CC(=O)N=c1[nH]c(-c2ccc(N(C)C)cc2)cs1,0.36367275814215344,0.2515019350896165,0.0,0.0,0.0,0.2515019350896165,single,ok,single_mode
single_target_b1_a6000,2026-02-20T16:42:36,6,12,COc1ccc(C(C(=O)NC2CCCC2)N(Cc2ccco2)C(=O)CCC(=O)N=c2[nH]ccs2)cc1,COc1ccc(C(C(=O)NC2CCCC2)N(Cc2ccco2)C(=O)CCC(=O)N=c2[nH]ccs2)cc1,0.12797206143538156,0.04851164810911007,0.0,0.0,0.0,0.04851164810911007,single,ok,single_mode
single_target_b1_a6000,2026-02-20T16:42:36,6,13,C=CCn1c2c(c3c(C(F)(F)F)ccc(F)c31)CCN(C(=O)c1cccc(C(F)(F)F)c1Cl)C2,C=CCn1c2c(c3c(C(F)(F)F)ccc(F)c31)CCN(C(=O)c1cccc(C(F)(F)F)c1Cl)C2,0.1891890118519465,0.07681087352002283,0.0,0.0,0.0,0.07681087352002283,single,ok,single_mode
single_target_b1_a6000,2026-02-20T16:42:36,6,14,COc1cc(C=NNC(=O)c2ccc3c(c2)OCO3)ccc1OCC(=O)Nc1ccccc1,COc1cc(C=NNC(=O)c2ccc3c(c2)OCO3)ccc1OCC(=O)Nc1ccccc1,0.34859904646873474,0.22948744480007585,0.0,0.0,0.0,0.22948744480007585,single,ok,single_mode
single_target_b1_a6000,2026-02-20T16:49:16,7,0,NNC(=O)CNC(=O)c1ccc(Cl)cc1,NNC(=O)CNC(=O)c1ccc(Cl)cc1,0.14317440489927927,0.05444377879102814,0.0,0.0,0.0,0.05444377879102814,single,ok,single_mode
single_target_b1_a6000,2026-02-20T16:49:16,7,1,CN(C)S(=O)(=O)c1ccc(-c2ccc(COc3ccc(CCC(=O)O)cc3)cc2)cc1F,CN(C)S(=O)(=O)c1ccc(-c2ccc(COc3ccc(CCC(=O)O)cc3)cc2)cc1F,0.27412432928880054,0.14100044401272388,0.0,0.0,0.0,0.14100044401272388,single,ok,single_mode
single_target_b1_a6000,2026-02-20T16:49:16,7,2,CCCC#Cc1ccc2c(c1)C1(CCN(c3ccc(-c4nc5ccncc5[nH]4)nn3)CC1)C(C#N)C(=N)O2,CCCC#Cc1ccc2c(c1)C1(CCN(c3ccc(-c4nc5ccncc5[nH]4)nn3)CC1)C(C#N)C(=N)O2,0.23555533587932587,0.10759390291879131,0.0,0.0,0.0,0.10759390291879131,single,ok,single_mode
single_target_b1_a6000,2026-02-20T16:49:16,7,3,CCOC(=O)C(C)Oc1ccc(-c2ccc(-c3cc(=O)c4cc(C)cc(C)c4[nH]3)cc2)cc1,CCOC(=O)C(C)Oc1ccc(-c2ccc(-c3cc(=O)c4cc(C)cc(C)c4[nH]3)cc2)cc1,0.28506747633218765,0.15194070774462598,0.0,0.0,0.0,0.15194070774462598,single,ok,single_mode
single_target_b1_a6000,2026-02-20T16:49:16,7,4,O=C(c1sc2ccccc2c1Cl)N(c1cc(F)c(F)c(F)c1)C(CO)c1ccc(Cl)cc1,O=C(c1sc2ccccc2c1Cl)N(c1cc(F)c(F)c(F)c1)C(CO)c1ccc(Cl)cc1,0.18144250040253004,0.07253001229616914,0.0,0.0,0.0,0.07253001229616914,single,ok,single_mode
single_target_b1_a6000,2026-02-20T16:49:16,7,5,CCCCN(C(=O)NC(C(=O)NC(CC(C)C)C(=O)OC)C(=O)C(F)(F)NC(C=O)C(=O)OCc1ccccc1)c1ccccc1,CCCCN(C(=O)NC(C(=O)NC(CC(C)C)C(=O)OC)C(=O)C(F)(F)NC(C=O)C(=O)OCc1ccccc1)c1ccccc1,0.2697073295712471,0.13677461889553,0.0,0.0,0.0,0.13677461889553,single,ok,single_mode
single_target_b1_a6000,2026-02-20T16:49:16,7,6,CNC(=O)C(NC(=O)c1cccc(OCC(=O)O)c1)C(C)(C)C,CNC(=O)C(NC(=O)c1cccc(OCC(=O)O)c1)C(C)(C)C,0.1225209819773833,0.046537922070388656,0.0,0.0,0.0,0.046537922070388656,single,ok,single_mode
single_target_b1_a6000,2026-02-20T16:49:16,7,7,COc1ccc(C(=O)N2CCCC(C(=O)c3sccc3C)C2)c(OC)c1,COc1ccc(C(=O)N2CCCC(C(=O)c3sccc3C)C2)c(OC)c1,0.12314849222699802,0.046761181634000865,0.0,0.0,0.0,0.046761181634000865,single,ok,single_mode
single_target_b1_a6000,2026-02-20T16:49:16,7,8,COc1ccc(C(=O)N=c2cc(-c3n[nH]c(-c4ccccc4)n3)cc[nH]2)cc1,COc1ccc(C(=O)N=c2cc(-c3n[nH]c(-c4ccccc4)n3)cc[nH]2)cc1,0.48943806687990826,0.4788886925849207,0.0,0.0,0.0,0.4788886925849207,single,ok,single_mode
single_target_b1_a6000,2026-02-20T16:49:16,7,9,CCN1CCN(C(CN(CCC(C)C)S(=O)(=O)c2ccccc2)c2ccccc2)CC1,CCN1CCN(C(CN(CCC(C)C)S(=O)(=O)c2ccccc2)c2ccccc2)CC1,0.1625818063815435,0.06301198476344422,0.0,0.0,0.0,0.06301198476344422,single,ok,single_mode
single_target_b1_a6000,2026-02-20T16:49:16,7,10,O=C(c1ccc(Cl)cc1)C1CCN(C2CN(CCc3ccccc3)CCC2O)CC1,O=C(c1ccc(Cl)cc1)C1CCN(C2CN(CCc3ccccc3)CCC2O)CC1,0.2157098650932312,0.09327212521006348,0.0,0.0,0.0,0.09327212521006348,single,ok,single_mode
single_target_b1_a6000,2026-02-20T16:49:16,7,11,Cc1cccc(NC(=O)Cn2nnc3c4c(ccc32)CN(C2CCCCC2)C4=O)c1,Cc1cccc(NC(=O)Cn2nnc3c4c(ccc32)CN(C2CCCCC2)C4=O)c1,0.30659201244513196,0.17548179731990185,0.0,0.0,0.0,0.17548179731990185,single,ok,single_mode
single_target_b1_a6000,2026-02-20T16:49:16,7,12,O=C(c1ccc2sc3ccccc3c2c1)N1CCC2(CCCCN2)CC1,O=C(c1ccc2sc3ccccc3c2c1)N1CCC2(CCCCN2)CC1,0.43953944245974225,0.38138247185080454,0.0,0.0,0.0,0.38138247185080454,single,ok,single_mode
single_target_b1_a6000,2026-02-20T16:49:16,7,13,COc1cccc(CC2(C)C(=O)Nc3cc(-c4nn[nH]n4)ccc32)c1,COc1cccc(CC2(C)C(=O)Nc3cc(-c4nn[nH]n4)ccc32)c1,0.2714761445919673,0.13845393630483635,0.0,0.0,0.0,0.13845393630483635,single,ok,single_mode
single_target_b1_a6000,2026-02-20T16:49:16,7,14,O=C(Nc1ccccc1)NC1(C(=O)NCc2ccc([N+](=O)[O-])cc2)CCCCC1,O=C(Nc1ccccc1)NC1(C(=O)NCc2ccc([N+](=O)[O-])cc2)CCCCC1,0.15243435402711233,0.058385676806766686,0.0,0.0,0.0,0.058385676806766686,single,ok,single_mode
single_target_b1_a6000,2026-02-20T16:49:16,7,15,CC1(C)Oc2ccc(C(N)=O)cc2C(NC(=O)c2ccccc2)C1O,CC1(C)Oc2ccc(C(N)=O)cc2C(NC(=O)c2ccccc2)C1O,0.1748209446668625,0.06904628764838018,0.0,0.0,0.0,0.06904628764838018,single,ok,single_mode
single_target_b1_a6000,2026-02-20T16:54:43,8,0,CCCCCCCCOc1cc(Cc2c[nH]c(=N)[nH]c2=N)ccc1OC,CCCCCCCCOc1cc(Cc2c[nH]c(=N)[nH]c2=N)ccc1OC,0.43119995792706806,0.3657715328306083,0.0,0.0,0.0,0.3657715328306083,single,ok,single_mode
single_target_b1_a6000,2026-02-20T16:54:43,8,1,C=CCCCCCCCCN(C(C)=O)c1ccc(C(=O)O)cc1,C=CCCCCCCCCN(C(C)=O)c1ccc(C(=O)O)cc1,0.1646785487731298,0.06400963223819423,0.0,0.0,0.0,0.06400963223819423,single,ok,single_mode
single_target_b1_a6000,2026-02-20T16:54:43,8,2,CCCCCC1CCCC(C=CC=CCCCCOCC#CCC=CCO)O1,CCCCCC1CCCC(C=CC=CCCCCOCC#CCC=CCO)O1,0.40386716028054553,0.3166818941020999,0.0,0.0,0.0,0.3166818941020999,single,ok,single_mode
single_target_b1_a6000,2026-02-20T16:54:43,8,3,CCCc1cccc(NC(=O)c2ccc3c(=O)c(C)c(C)n(Cc4ccccc4)c3c2)c1,CCCc1cccc(NC(=O)c2ccc3c(=O)c(C)c(C)n(Cc4ccccc4)c3c2)c1,0.1946093567336599,0.07994274976059242,0.0,0.0,0.0,0.07994274976059242,single,ok,single_mode
single_target_b1_a6000,2026-02-20T16:54:43,8,4,CCCOCC#CC#Cc1cc(OCc2ccccc2)nc(C(N)C(=O)O)n1,CCCOCC#CC#Cc1cc(OCc2ccccc2)nc(C(N)C(=O)O)n1,0.258492112159729,0.1265224016545798,0.0,0.0,0.0,0.1265224016545798,single,ok,single_mode
single_target_b1_a6000,2026-02-20T16:54:43,8,5,COc1ccc(C)c(OC(C=O)CCCC2CCN(CCCc3ccccc3)CC2)c1,COc1ccc(C)c(OC(C=O)CCCC2CCN(CCCc3ccccc3)CC2)c1,0.18396318207184473,0.07389827870053478,0.0,0.0,0.0,0.07389827870053478,single,ok,single_mode
single_target_b1_a6000,2026-02-20T16:54:43,8,6,CCCN(C)C(=O)c1cc(N=c2[nH]cnc3ccc(-c4ccc(OC)cc4)nc23)ccc1F,CCCN(C)C(=O)c1cc(N=c2[nH]cnc3ccc(-c4ccc(OC)cc4)nc23)ccc1F,0.23977309465408325,0.11087688782042772,0.0,0.0,0.0,0.11087688782042772,single,ok,single_mode
single_target_b1_a6000,2026-02-20T16:54:43,8,7,N#Cc1cccc(CN2CCCC(NC3CCOC3)C2)c1,N#Cc1cccc(CN2CCCC(NC3CCOC3)C2)c1,0.1855746159950892,0.07478539721860773,0.0,0.0,0.0,0.07478539721860773,single,ok,single_mode
single_target_b1_a6000,2026-02-20T16:54:43,8,8,FC(F)(F)c1cc2cc(Cl)c(Cl)c(OCc3ccccn3)n2n1,FC(F)(F)c1cc2cc(Cl)c(Cl)c(OCc3ccccn3)n2n1,0.2622848451137543,0.12991378807586929,0.0,0.0,0.0,0.12991378807586929,single,ok,single_mode
single_target_b1_a6000,2026-02-20T16:54:43,8,9,Cc1cnc(N2CCOCC2)nc1CC1COc2ccccc2O1,Cc1cnc(N2CCOCC2)nc1CC1COc2ccccc2O1,0.25577252606550854,0.1241374457929532,0.0,0.0,0.0,0.1241374457929532,single,ok,single_mode
single_target_b1_a6000,2026-02-20T16:54:43,8,10,CC(C)S(=O)(=O)N1CCC(N2CC(CC#N)(n3cc(-c4ncnc5[nH]ccc45)cn3)C2)CC1,CC(C)S(=O)(=O)N1CCC(N2CC(CC#N)(n3cc(-c4ncnc5[nH]ccc45)cn3)C2)CC1,0.09066045035918553,0.036448824331665755,0.0,0.0,0.0,0.036448824331665755,single,ok,single_mode
single_target_b1_a6000,2026-02-20T16:54:43,8,11,COCCOc1ccc(-c2noc(C3CN(C(=O)c4cccc(Cl)c4Cl)C3)n2)cc1,COCCOc1ccc(-c2noc(C3CN(C(=O)c4cccc(Cl)c4Cl)C3)n2)cc1,0.23554319640000662,0.10758457845887157,0.0,0.0,0.0,0.10758457845887157,single,ok,single_mode
single_target_b1_a6000,2026-02-20T16:54:43,8,12,c1ccc(-c2nc3cc(N4CCCNCC4)ccc3n2-c2ccc(OCCN3CCCC3)cc2)cc1,c1ccc(-c2nc3cc(N4CCCNCC4)ccc3n2-c2ccc(OCCN3CCCC3)cc2)cc1,0.2602625985940297,0.1280960147480328,0.0,0.0,0.0,0.1280960147480328,single,ok,single_mode
single_target_b1_a6000,2026-02-20T16:54:43,8,13,Cc1nc2ccccc2n1C1CC2CCC(C1)N2CCC1(c2cccc(C(N)=O)c2)CCN(C(=O)c2cccc3ccccc23)CC1,Cc1nc2ccccc2n1C1CC2CCC(C1)N2CCC1(c2cccc(C(N)=O)c2)CCN(C(=O)c2cccc3ccccc23)CC1,0.1242334817846616,0.04714961087960636,0.0,0.0,0.0,0.04714961087960636,single,ok,single_mode
single_target_b1_a6000,2026-02-20T16:54:43,8,14,CCC[n+]1cc(N(CCO)c2ccccc2)c([O-])c2cc(C(F)(F)F)ccc21,CCC[n+]1cc(N(CCO)c2ccccc2)c([O-])c2cc(C(F)(F)F)ccc21,0.16848993673920631,0.06586089435119559,0.0,0.0,0.0,0.06586089435119559,single,ok,single_mode
single_target_b1_a6000,2026-02-20T17:00:30,9,0,CC(NC(=O)c1c(F)cc(-c2cnc3c(=NC4CC(O)C4)[nH]ccn23)cc1F)C(F)(F)F,CC(NC(=O)c1c(F)cc(-c2cnc3c(=NC4CC(O)C4)[nH]ccn23)cc1F)C(F)(F)F,0.2167267973224322,0.09396244108681374,0.0,0.0,0.0,0.09396244108681374,single,ok,single_mode
single_target_b1_a6000,2026-02-20T17:00:30,9,1,NCCc1cc(F)c(CN2CCN(Cc3ccc(F)cc3)C(CCO)C2)cc1C#CCCC(F)(F)F,NCCc1cc(F)c(CN2CCN(Cc3ccc(F)cc3)C(CCO)C2)cc1C#CCCC(F)(F)F,0.1844994773467382,0.07419243691304318,0.0,0.0,0.0,0.07419243691304318,single,ok,single_mode
single_target_b1_a6000,2026-02-20T17:00:30,9,2,O=C1C(=Nc2ccccc2)C(N2CCOCC2)C(=O)c2ccccc21,O=C1C(=Nc2ccccc2)C(N2CCOCC2)C(=O)c2ccccc21,0.2145790457725525,0.0925098460484275,0.0,0.0,0.0,0.0925098460484275,single,ok,single_mode
single_target_b1_a6000,2026-02-20T17:00:30,9,3,CCC1(CC)C(=O)OCc2c1cc1n(c2=O)Cc2cc3c([N+](=O)[O-])cccc3nc2-1,CCC1(CC)C(=O)OCc2c1cc1n(c2=O)Cc2cc3c([N+](=O)[O-])cccc3nc2-1,0.24980771293242773,0.11904150533921452,0.0,0.0,0.0,0.11904150533921452,single,ok,single_mode
single_target_b1_a6000,2026-02-20T17:00:30,9,4,CN(C)C(=O)Cc1[nH]nnc1-c1ccc(-c2ccccc2)cc1,CN(C)C(=O)Cc1[nH]nnc1-c1ccc(-c2ccccc2)cc1,0.33034569025039673,0.20469013971843236,0.0,0.0,0.0,0.20469013971843236,single,ok,single_mode
single_target_b1_a6000,2026-02-20T17:00:30,9,5,CCn1c(COc2ccccc2)nnc1SCC(=O)N=c1cc(C)o[nH]1,CCn1c(COc2ccccc2)nnc1SCC(=O)N=c1cc(C)o[nH]1,0.15937709559996924,0.06151514953677641,0.0,0.0,0.0,0.06151514953677641,single,ok,single_mode
single_target_b1_a6000,2026-02-20T17:00:30,9,6,Cn1c(=NCc2ccccn2)[nH]c2cc(-c3cccc(C(=O)O)c3)sc2c1=O,Cn1c(=NCc2ccccn2)[nH]c2cc(-c3cccc(C(=O)O)c3)sc2c1=O,0.3279296060403188,0.20156153988963693,0.0,0.0,0.0,0.20156153988963693,single,ok,single_mode
single_target_b1_a6000,2026-02-20T17:00:30,9,7,O=C(NN=Cc1ccc([N+](=O)[O-])o1)c1ccc(-c2cncs2)cc1,O=C(NN=Cc1ccc([N+](=O)[O-])o1)c1ccc(-c2cncs2)cc1,0.5527836581071218,0.604026137294327,0.0,0.0,0.0,0.604026137294327,single,ok,single_mode
single_target_b1_a6000,2026-02-20T17:00:30,9,8,COc1ccc(C2=NC(Cc3ccccc3)C(=O)N(CCCCN3CCN(CCO)CC3)c3ccccc32)cc1,COc1ccc(C2=NC(Cc3ccccc3)C(=O)N(CCCCN3CCN(CCO)CC3)c3ccccc32)cc1,0.37759310007095337,0.27303959336661865,0.0,0.0,0.0,0.27303959336661865,single,ok,single_mode
single_target_b1_a6000,2026-02-20T17:00:30,9,9,CC(C)(C)c1ccc(OCc2cn(Cc3c[nH]c4cc(Cl)ccc34)nn2)cc1,CC(C)(C)c1ccc(OCc2cn(Cc3c[nH]c4cc(Cl)ccc34)nn2)cc1,0.344306359688441,0.22347155786142958,0.0,0.0,0.0,0.22347155786142958,single,ok,single_mode
single_target_b1_a6000,2026-02-20T17:00:30,9,10,COc1ccc(C#Cc2ccc(C(=O)N3CCCN(C4CCC4)CC3)cc2)cc1,COc1ccc(C#Cc2ccc(C(=O)N3CCCN(C4CCC4)CC3)cc2)cc1,0.44713133573532104,0.3958112210129639,0.0,0.0,0.0,0.3958112210129639,single,ok,single_mode
single_target_b1_a6000,2026-02-20T17:00:30,9,11,CCOC(=O)C1=CC2CC(Oc3ccccc3)(CCO2)C(=O)C1,CCOC(=O)C1=CC2CC(Oc3ccccc3)(CCO2)C(=O)C1,0.261924480398496,0.1295882615627688,0.0,0.0,0.0,0.1295882615627688,single,ok,single_mode
single_target_b1_a6000,2026-02-20T17:00:30,9,12,O=C(NCC(=O)N1CCc2ccccc2C1)c1ccc2ccccc2c1,O=C(NCC(=O)N1CCc2ccccc2C1)c1ccc2ccccc2c1,0.21417266627152762,0.09223727713666449,0.0,0.0,0.0,0.09223727713666449,single,ok,single_mode
single_target_b1_a6000,2026-02-20T17:00:30,9,13,CCCOC(=O)Nc1ccc(F)cc1,CCCOC(=O)Nc1ccc(F)cc1,0.21918528775374094,0.09565026467175623,0.0,0.0,0.0,0.09565026467175623,single,ok,single_mode
single_target_b1_a6000,2026-02-20T17:00:30,9,14,O=C(NC(=O)c1cccc(Cl)c1)Nc1ccccc1C(F)(F)F,O=C(NC(=O)c1cccc(Cl)c1)Nc1ccccc1C(F)(F)F,0.21245425442854562,0.09109265652243548,0.0,0.0,0.0,0.09109265652243548,single,ok,single_mode
single_target_b1_a6000,2026-02-20T17:00:30,9,15,COC(=O)C(CC(C)C)NC(=O)C(Cc1c[nH]c2ccccc12)NC(=O)C(Cc1c[nH]c2ccccc12)NC(=O)C(Cc1ccccc1)NC(=O)C(N)Cc1ccccc1,COC(=O)C(CC(C)C)NC(=O)C(Cc1c[nH]c2ccccc12)NC(=O)C(Cc1c[nH]c2ccccc12)NC(=O)C(Cc1ccccc1)NC(=O)C(N)Cc1ccccc1,0.2224551389614741,0.0979370935841106,0.0,0.0,0.0,0.0979370935841106,single,ok,single_mode
single_target_b1_a6000,2026-02-20T17:06:21,10,0,COc1cc(C(=O)NCCC#N)nn1-c1cccc2ccccc12,COc1cc(C(=O)NCCC#N)nn1-c1cccc2ccccc12,0.20738973716894785,0.0877932454255283,0.0,0.0,0.0,0.0877932454255283,single,ok,single_mode
single_target_b1_a6000,2026-02-20T17:06:21,10,1,CC(C)(C)OC(=O)N1C(C(=O)NCc2cc3n(n2)CCC3)CC(C)(C)C1c1cccc(C(N)=O)c1,CC(C)(C)OC(=O)N1C(C(=O)NCc2cc3n(n2)CCC3)CC(C)(C)C1c1cccc(C(N)=O)c1,0.1250003824631373,0.04742601140501429,0.0,0.0,0.0,0.04742601140501429,single,ok,single_mode
single_target_b1_a6000,2026-02-20T17:06:21,10,2,COCc1cc(=O)[nH]c(SCc2ccccn2)n1,COCc1cc(=O)[nH]c(SCc2ccccn2)n1,0.20139610767364502,0.08402835260917635,0.0,0.0,0.0,0.08402835260917635,single,ok,single_mode
single_target_b1_a6000,2026-02-20T17:06:21,10,3,Cn1cc(C(=O)N2CCCC3(COC(CC(=O)N4CCCC4)C3)C2)cn1,Cn1cc(C(=O)N2CCCC3(COC(CC(=O)N4CCCC4)C3)C2)cn1,0.05318428700168928,0.02726452683656729,0.0,0.0,0.0,0.02726452683656729,single,ok,single_mode
single_target_b1_a6000,2026-02-20T17:06:21,10,4,c1cnc(N2CCN(CCc3ccc(CN4CCOCC4)cc3)CC2)nc1,c1cnc(N2CCN(CCc3ccc(CN4CCOCC4)cc3)CC2)nc1,0.2250688225030899,0.09979994228378194,0.0,0.0,0.0,0.09979994228378194,single,ok,single_mode
single_target_b1_a6000,2026-02-20T17:06:21,10,5,O=C1COc2ccc(-c3nc4ccccc4n3-c3cccc(C(F)(F)F)c3)cc2N1,O=C1COc2ccc(-c3nc4ccccc4n3-c3cccc(C(F)(F)F)c3)cc2N1,0.3918168644110362,0.2961987988941647,0.0,0.0,0.0,0.2961987988941647,single,ok,single_mode
single_target_b1_a6000,2026-02-20T17:06:21,10,6,O=C(CN1CCN(C(=O)c2ccc(-n3cccc3)cc2)CC1)Nc1cc(C(F)(F)F)cc(C(F)(F)F)c1,O=C(CN1CCN(C(=O)c2ccc(-n3cccc3)cc2)CC1)Nc1cc(C(F)(F)F)cc(C(F)(F)F)c1,0.34857532382011414,0.2294538888517717,0.0,0.0,0.0,0.2294538888517717,single,ok,single_mode
single_target_b1_a6000,2026-02-20T17:06:21,10,7,CN=c1[nH]c(=Nc2ccc(C(=O)NC3CCN(C)CC3)cc2OC(F)(F)F)[nH]cc1Cl,CN=c1[nH]c(=Nc2ccc(C(=O)NC3CCN(C)CC3)cc2OC(F)(F)F)[nH]cc1Cl,0.25312722225983936,0.12185475312098255,0.0,0.0,0.0,0.12185475312098255,single,ok,single_mode
single_target_b1_a6000,2026-02-20T17:06:21,10,8,CNCC(=O)NCc1cncc(-c2cnc3ccccc3c2)c1,CNCC(=O)NCc1cncc(-c2cnc3ccccc3c2)c1,0.16290032863616943,0.06316260058486116,0.0,0.0,0.0,0.06316260058486116,single,ok,single_mode
single_target_b1_a6000,2026-02-20T17:06:21,10,9,COCC1C2Cc3ccc(O)c4c3C35C2CC2(C)CC6(ONNN2)C(c2ccccc2)C6(CCC13O)C5O4,COCC1C2Cc3ccc(O)c4c3C35C2CC2(C)CC6(ONNN2)C(c2ccccc2)C6(CCC13O)C5O4,0.22545614341894785,0.10007866270871821,0.0,0.0,0.0,0.10007866270871821,single,ok,single_mode
single_target_b1_a6000,2026-02-20T17:06:21,10,10,N=c1nc(-c2ccc(Cl)cc2)n(N=Cc2c(F)cccc2Cl)[nH]1,N=c1nc(-c2ccc(Cl)cc2)n(N=Cc2c(F)cccc2Cl)[nH]1,0.3545742630958557,0.23804896718631124,0.0,0.0,0.0,0.23804896718631124,single,ok,single_mode
single_target_b1_a6000,2026-02-20T17:06:21,10,11,CCCC(NC(C)=O)c1cccc(N2CCC(COc3ncccc3Cl)CC2)n1,CCCC(NC(C)=O)c1cccc(N2CCC(COc3ncccc3Cl)CC2)n1,0.17665484050909677,0.06999531738275223,0.0,0.0,0.0,0.06999531738275223,single,ok,single_mode
single_target_b1_a6000,2026-02-20T17:06:21,10,12,COc1ccc2c(=NN=Cc3ccc(F)cc3)c3ccc(Cl)cc3n(Cc3ccc(C)c(C)c3)c2c1,COc1ccc2c(=NN=Cc3ccc(F)cc3)c3ccc(Cl)cc3n(Cc3ccc(C)c(C)c3)c2c1,0.2642212469848649,0.13167491756941543,0.0,0.0,0.0,0.13167491756941543,single,ok,single_mode
single_target_b1_a6000,2026-02-20T17:06:21,10,13,CCC1(c2cccc(O)c2)CCN(CC(Cc2ccccc2)NC2CCC(N)CC2)CC1,CCC1(c2cccc(O)c2)CCN(CC(Cc2ccccc2)NC2CCC(N)CC2)CC1,0.2862742245197296,0.1531888537062392,0.0,0.0,0.0,0.1531888537062392,single,ok,single_mode
single_target_b1_a6000,2026-02-20T17:06:21,10,14,Cc1cc(-c2ccc(-c3cc(C(C)C)n[nH]3)s2)ccc1C(=O)O,Cc1cc(-c2ccc(-c3cc(C(C)C)n[nH]3)s2)ccc1C(=O)O,0.40298011402289075,0.31514828035266423,0.0,0.0,0.0,0.31514828035266423,single,ok,single_mode
single_target_b1_a6000,2026-02-20T17:06:21,10,15,O=c1c2cn(Cc3ccc(Cl)c(Cl)c3)c3cc(Br)ccc3c-2nn1CCCc1ccccc1,O=c1c2cn(Cc3ccc(Cl)c(Cl)c3)c3cc(Br)ccc3c-2nn1CCCc1ccccc1,0.29005866808195907,0.15715762785660553,0.0,0.0,0.0,0.15715762785660553,single,ok,single_mode
single_target_b1_a6000,2026-02-20T17:12:41,11,0,O=C(NCCN1CCOCC1)c1cccc(NC(=O)c2ccc(-c3ccccc3)cc2)c1,O=C(NCCN1CCOCC1)c1cccc(NC(=O)c2ccc(-c3ccccc3)cc2)c1,0.4447062114874522,0.39118108059798196,0.0,0.0,0.0,0.39118108059798196,single,ok,single_mode
single_target_b1_a6000,2026-02-20T17:12:41,11,1,Cc1ccc(Cn2nnnc2C(c2cccc(F)c2)N2CCN(CC=Cc3ccccc3)CC2)cc1,Cc1ccc(Cn2nnnc2C(c2cccc(F)c2)N2CCN(CC=Cc3ccccc3)CC2)cc1,0.4230213165283203,0.3507305671063795,0.0,0.0,0.0,0.3507305671063795,single,ok,single_mode
single_target_b1_a6000,2026-02-20T17:12:41,11,2,CC1CCC(C(O)CCC(C)C(COC2CCC(O)C(C)(C)O2)NC(=O)c2ccoc2)O1,CC1CCC(C(O)CCC(C)C(COC2CCC(O)C(C)(C)O2)NC(=O)c2ccoc2)O1,0.16532894720633826,0.06432207576847214,0.0,0.0,0.0,0.06432207576847214,single,ok,single_mode
single_target_b1_a6000,2026-02-20T17:12:41,11,3,Cc1ncc(CNC(=O)CC2C(=O)CCCN2Cc2cccc(F)c2)s1,Cc1ncc(CNC(=O)CC2C(=O)CCCN2Cc2cccc(F)c2)s1,0.06858249753713608,0.0307289222240584,0.0,0.0,0.0,0.0307289222240584,single,ok,single_mode
single_target_b1_a6000,2026-02-20T17:12:41,11,4,CS(=O)(=O)N1CCN(Cc2nc3ccccc3c3c(-c4cc[nH]c(=NC5CC5)n4)c(-c4ccc(F)cc4)nn23)CC1,CS(=O)(=O)N1CCN(Cc2nc3ccccc3c3c(-c4cc[nH]c(=NC5CC5)n4)c(-c4ccc(F)cc4)nn23)CC1,0.1132424846291542,0.04335293507043019,0.0,0.0,0.0,0.04335293507043019,single,ok,single_mode
single_target_b1_a6000,2026-02-20T17:12:41,11,5,CCCc1cc(CNC2CS(=O)(=O)CC(Cc3ccc(C)cc3)C2O)cc(C)c1OCC(F)(F)F,CCCc1cc(CNC2CS(=O)(=O)CC(Cc3ccc(C)cc3)C2O)cc(C)c1OCC(F)(F)F,0.11455982054273288,0.04379212037404662,0.0,0.0,0.0,0.04379212037404662,single,ok,single_mode
single_target_b1_a6000,2026-02-20T17:12:41,11,6,CCc1cccc(NC(=S)NN=Cc2ccc(OC)c(OC)c2OC)c1,CCc1cccc(NC(=S)NN=Cc2ccc(OC)c(OC)c2OC)c1,0.38135936856269836,0.2790608152258817,0.0,0.0,0.0,0.2790608152258817,single,ok,single_mode
single_target_b1_a6000,2026-02-20T17:12:41,11,7,COc1ccc(C(=O)NCC(=O)NN=Cc2cccc(OC)c2OC)cc1,COc1ccc(C(=O)NCC(=O)NN=Cc2cccc(OC)c2OC)cc1,0.24181791643301645,0.11249986333087504,0.0,0.0,0.0,0.11249986333087504,single,ok,single_mode
single_target_b1_a6000,2026-02-20T17:12:41,11,8,O=c1[nH]c2ccccc2n1-c1nc2ccccc2o1,O=c1[nH]c2ccccc2n1-c1nc2ccccc2o1,0.3972512185573578,0.305341348127182,0.0,0.0,0.0,0.305341348127182,single,ok,single_mode
single_target_b1_a6000,2026-02-20T17:12:41,11,9,COc1ccc(N2CCN(C(=O)c3ccc(C)c(S(=O)(=O)N4CCOCC4)c3)CC2)cc1,COc1ccc(N2CCN(C(=O)c3ccc(C)c(S(=O)(=O)N4CCOCC4)c3)CC2)cc1,0.20324051876862845,0.08517102434170473,0.0,0.0,0.0,0.08517102434170473,single,ok,single_mode
single_target_b1_a6000,2026-02-20T17:12:41,11,10,Cc1ccc(C)c(C(=O)Nc2ccc(C(=O)N3CCCc4ccccc43)cc2)c1,Cc1ccc(C)c(C(=O)Nc2ccc(C(=O)N3CCCc4ccccc43)cc2)c1,0.3060690263907115,0.17487726082724414,0.0,0.0,0.0,0.17487726082724414,single,ok,single_mode
single_target_b1_a6000,2026-02-20T17:12:41,11,11,Cc1cc(=NC(=O)CSc2nnc(C)n2C)[nH]o1,Cc1cc(=NC(=O)CSc2nnc(C)n2C)[nH]o1,0.15021844456593195,0.057418683646281145,0.0,0.0,0.0,0.057418683646281145,single,ok,single_mode
single_target_b1_a6000,2026-02-20T17:12:41,11,12,COc1cc2c(cc1OC)C1CN(c3ccccc3)C(C(C)C)CN1CC2,COc1cc2c(cc1OC)C1CN(c3ccccc3)C(C(C)C)CN1CC2,0.2291915069023768,0.10280235239068365,0.0,0.0,0.0,0.10280235239068365,single,ok,single_mode
single_target_b1_a6000,2026-02-20T17:12:41,11,13,CCOC(=O)c1ccc(NC(=O)Cc2c(O)n(-c3ccccc3)c(=O)n2Cc2cccnc2)cc1,CCOC(=O)c1ccc(NC(=O)Cc2c(O)n(-c3ccccc3)c(=O)n2Cc2cccnc2)cc1,0.23286375403404236,0.10554379390942265,0.0,0.0,0.0,0.10554379390942265,single,ok,single_mode
single_target_b1_a6000,2026-02-20T17:12:41,11,14,Cc1ccc(-c2cc(Cl)ccc2OCc2ccccc2)n1-c1cccc(C(=O)O)c1,Cc1ccc(-c2cc(Cl)ccc2OCc2ccccc2)n1-c1cccc(C(=O)O)c1,0.27250760793685913,0.13944117625853847,0.0,0.0,0.0,0.13944117625853847,single,ok,single_mode
single_target_b1_a6000,2026-02-20T17:12:41,11,15,CSc1nc2ccsc2c(=O)n1CCc1ccccn1,CSc1nc2ccsc2c(=O)n1CCc1ccccn1,0.22335993746916452,0.0985784357019784,0.0,0.0,0.0,0.0985784357019784,single,ok,single_mode
single_target_b1_a6000,2026-02-20T17:19:14,12,0,C=CC=CC1(CC=C)CC(C=C(C)C)CCC1=O,C=CC=CC1(CC=C)CC(C=C(C)C)CCC1=O,0.23850548267364502,0.10988110377535086,0.0,0.0,0.0,0.10988110377535086,single,ok,single_mode
single_target_b1_a6000,2026-02-20T17:19:14,12,1,O=C(CCCN1CCN(c2cccc(C(F)(F)F)c2)CC1)NC1c2ccccc2CSc2ccccc21,O=C(CCCN1CCN(c2cccc(C(F)(F)F)c2)CC1)NC1c2ccccc2CSc2ccccc21,0.2689914678533872,0.13609986531990143,0.0,0.0,0.0,0.13609986531990143,single,ok,single_mode
single_target_b1_a6000,2026-02-20T17:19:14,12,2,Cc1nccn1C1CC(n2cc(C(F)(F)F)c(=N)[nH]c2=O)OC1CO,Cc1nccn1C1CC(n2cc(C(F)(F)F)c(=N)[nH]c2=O)OC1CO,0.16758722563584647,0.06541798322598853,0.0,0.0,0.0,0.06541798322598853,single,ok,single_mode
single_target_b1_a6000,2026-02-20T17:19:14,12,3,c1ccc(CN2CCN(CC3CCc4ncc(-c5ccsc5)n4C3)CC2)cc1,c1ccc(CN2CCN(CC3CCc4ncc(-c5ccsc5)n4C3)CC2)cc1,0.23625186582406363,0.10813010624410851,0.0,0.0,0.0,0.10813010624410851,single,ok,single_mode
single_target_b1_a6000,2026-02-20T17:19:14,12,4,COC1OC(C)(C)OC2COC(c3ccccc3)OC21,COC1OC(C)(C)OC2COC(c3ccccc3)OC21,0.29895443717638653,0.1668158047151512,0.0,0.0,0.0,0.1668158047151512,single,ok,single_mode
single_target_b1_a6000,2026-02-20T17:19:14,12,5,CCOc1c(-c2ccc(OC)nc2)c(=O)[nH]c2c(C(N)=O)cccc12,CCOc1c(-c2ccc(OC)nc2)c(=O)[nH]c2c(C(N)=O)cccc12,0.2352022702495257,0.10732299965177361,0.0,0.0,0.0,0.10732299965177361,single,ok,single_mode
single_target_b1_a6000,2026-02-20T17:19:14,12,6,N=c1nc[nH]c(N2CCC(c3nc(-c4ccc(F)c(C(F)(F)F)c4)cn3CCN3CCC3)CC2)c1-c1nc2ccccc2o1,N=c1nc[nH]c(N2CCC(c3nc(-c4ccc(F)c(C(F)(F)F)c4)cn3CCN3CCC3)CC2)c1-c1nc2ccccc2o1,0.16767752294739088,0.06546216220958181,0.0,0.0,0.0,0.06546216220958181,single,ok,single_mode
single_target_b1_a6000,2026-02-20T17:19:14,12,7,CCN1CCCC12CCn1ncc(C(=O)Nc3ccc4c(c3)OCO4)c1N2,CCN1CCCC12CCn1ncc(C(=O)Nc3ccc4c(c3)OCO4)c1N2,0.14239619920651117,0.0541241722949928,0.0,0.0,0.0,0.0541241722949928,single,ok,single_mode
single_target_b1_a6000,2026-02-20T17:19:14,12,8,NC(=O)C1CCCCC1C(=O)N1CCn2cc(C(=O)c3cccc4ccccc34)cc2C1,NC(=O)C1CCCCC1C(=O)N1CCn2cc(C(=O)c3cccc4ccccc34)cc2C1,0.29274466385444003,0.1600249176423394,0.0,0.0,0.0,0.1600249176423394,single,ok,single_mode
single_target_b1_a6000,2026-02-20T17:19:14,12,9,COc1ccccc1CCNS(=O)(=O)CCn1c(=O)[nH]c2c(=N)[nH]cnc21,COc1ccccc1CCNS(=O)(=O)CCn1c(=O)[nH]c2c(=N)[nH]cnc21,0.1430992210904757,0.05441282359605662,0.0,0.0,0.0,0.05441282359605662,single,ok,single_mode
single_target_b1_a6000,2026-02-20T17:19:14,12,10,c1ccc(Cc2noc(CN3CCn4c(Cn5cncn5)cnc4C3)n2)cc1,c1ccc(Cc2noc(CN3CCn4c(Cn5cncn5)cnc4C3)n2)cc1,0.15830071518818536,0.06101989812358013,0.0,0.0,0.0,0.06101989812358013,single,ok,single_mode
single_target_b1_a6000,2026-02-20T17:19:14,12,11,CC(NC(C)(CO)C(=O)N(C)C)c1ccc(C2CC2)c(OCC2CC2)n1,CC(NC(C)(CO)C(=O)N(C)C)c1ccc(C2CC2)c(OCC2CC2)n1,0.1874626874923706,0.07583725670675608,0.0,0.0,0.0,0.07583725670675608,single,ok,single_mode
single_target_b1_a6000,2026-02-20T17:19:14,12,12,CCC(=O)N(C)CCCN1CC2CCN(c3ccc(OC(C)C)cc3C)CC2C1,CCC(=O)N(C)CCCN1CC2CCN(c3ccc(OC(C)C)cc3C)CC2C1,0.1400126814842224,0.05315624230597355,0.0,0.0,0.0,0.05315624230597355,single,ok,single_mode
single_target_b1_a6000,2026-02-20T17:19:14,12,13,COc1ccccc1CNCCCN1CCN(Cc2cccc3ccccc23)CC1,COc1ccccc1CNCCCN1CCN(Cc2cccc3ccccc23)CC1,0.16006438185771307,0.06183333784176969,0.0,0.0,0.0,0.06183333784176969,single,ok,single_mode
single_target_b1_a6000,2026-02-20T17:19:14,12,14,O=C(Nc1ccc(N2CCOCC2)cc1)C1Cc2c(-c3ccccc3C(F)(F)F)ccnc2O1,O=C(Nc1ccc(N2CCOCC2)cc1)C1Cc2c(-c3ccccc3C(F)(F)F)ccnc2O1,0.23291983703772226,0.10558615722039608,0.0,0.0,0.0,0.10558615722039608,single,ok,single_mode
single_target_b1_a6000,2026-02-20T17:19:14,12,15,c1ccc(-c2cncnc2)cc1,c1ccc(-c2cncnc2)cc1,0.24884277085463205,0.1182343304730756,0.0,0.0,0.0,0.1182343304730756,single,ok,single_mode
single_target_b1_a6000,2026-02-20T17:25:52,13,0,CC1=CC(C)(C)N(C(=O)COC(=O)CNC(=O)c2ccccc2F)c2cc(C)ccc21,CC1=CC(C)(C)N(C(=O)COC(=O)CNC(=O)c2ccccc2F)c2cc(C)ccc21,0.24517717957496643,0.11521114325152465,0.0,0.0,0.0,0.11521114325152465,single,ok,single_mode
single_target_b1_a6000,2026-02-20T17:25:52,13,1,CCCOc1cc(=O)n(C)c(-c2ccc(S(=O)(=O)OCC(C)C)cc2)n1,CCCOc1cc(=O)n(C)c(-c2ccc(S(=O)(=O)OCC(C)C)cc2)n1,0.128934475282828,0.04886827287949201,0.0,0.0,0.0,0.04886827287949201,single,ok,single_mode
single_target_b1_a6000,2026-02-20T17:25:52,13,2,CC1CCCN1C1CCN(c2cccc(-c3ncnc4c3CCN(c3cc(C5CC5)nn3C)CC4)n2)CC1,CC1CCCN1C1CCN(c2cccc(-c3ncnc4c3CCN(c3cc(C5CC5)nn3C)CC4)n2)CC1,0.15673449138800302,0.06030592180708276,0.0,0.0,0.0,0.06030592180708276,single,ok,single_mode
single_target_b1_a6000,2026-02-20T17:25:52,13,3,COC(=O)C1C2C(=O)CCCC2=NC(N=c2nccc[nH]2)=NC1c1ccccc1Br,COC(=O)C1C2C(=O)CCCC2=NC(N=c2nccc[nH]2)=NC1c1ccccc1Br,0.3297569155693054,0.20392442335075342,0.0,0.0,0.0,0.20392442335075342,single,ok,single_mode
single_target_b1_a6000,2026-02-20T17:25:52,13,4,COCc1noc(-c2cc(C(=O)NCC3CC3)ccc2C)n1,COCc1noc(-c2cc(C(=O)NCC3CC3)ccc2C)n1,0.14928525189558664,0.05701596775856199,0.0,0.0,0.0,0.05701596775856199,single,ok,single_mode
single_target_b1_a6000,2026-02-20T17:25:52,13,5,Cc1cc(N)c(C(=O)O)cc1-c1ccc(C=C2SC(=S)N(CC(=O)O)C2=O)o1,Cc1cc(N)c(C(=O)O)cc1-c1ccc(C=C2SC(=S)N(CC(=O)O)C2=O)o1,0.51760866244634,0.5351592020453196,0.0,0.0,0.0,0.5351592020453196,single,ok,single_mode
single_target_b1_a6000,2026-02-20T17:25:52,13,6,COc1ccc(S(=O)(=O)Oc2ccc3[nH]c(C(=O)O)cc3c2)cc1OC,COc1ccc(S(=O)(=O)Oc2ccc3[nH]c(C(=O)O)cc3c2)cc1OC,0.1894294023513794,0.07694735512778289,0.0,0.0,0.0,0.07694735512778289,single,ok,single_mode
single_target_b1_a6000,2026-02-20T17:25:52,13,7,O=S(=O)(Nc1cccc(N=c2c3ccccc3[nH]c3ccccc23)c1)c1ccccc1,O=S(=O)(Nc1cccc(N=c2c3ccccc3[nH]c3ccccc23)c1)c1ccccc1,0.38764600952466327,0.28929059652689615,0.0,0.0,0.0,0.28929059652689615,single,ok,single_mode
single_target_b1_a6000,2026-02-20T17:25:52,13,8,CCc1n[nH]c(=NC(=O)CSc2nc(=O)c3sc4ccccc4c3[nH]2)s1,CCc1n[nH]c(=NC(=O)CSc2nc(=O)c3sc4ccccc4c3[nH]2)s1,0.44212330381075543,0.3862711653432483,0.0,0.0,0.0,0.3862711653432483,single,ok,single_mode
single_target_b1_a6000,2026-02-20T17:25:52,13,9,CC(C(=O)O)C(=O)OCc1ccccc1,CC(C(=O)O)C(=O)OCc1ccccc1,0.12094348669052124,0.04598114095423455,0.0,0.0,0.0,0.04598114095423455,single,ok,single_mode
single_target_b1_a6000,2026-02-20T17:25:52,13,10,CCc1ccccc1N(C)c1nc(=NC2CCN(C)CC2)c2cc(OC)c(OC)cc2[nH]1,CCc1ccccc1N(C)c1nc(=NC2CCN(C)CC2)c2cc(OC)c(OC)cc2[nH]1,0.5008752346038818,0.5017504620562161,0.0,0.0,0.0,0.5017504620562161,single,ok,single_mode
single_target_b1_a6000,2026-02-20T17:25:52,13,11,CC(C)c1cccc(N=c2nc3c(c[nH]2)CCc2c(C(N)=O)nn(C)c2-3)c1,CC(C)c1cccc(N=c2nc3c(c[nH]2)CCc2c(C(N)=O)nn(C)c2-3)c1,0.17708933850129446,0.07022192842399474,0.0,0.0,0.0,0.07022192842399474,single,ok,single_mode
single_target_b1_a6000,2026-02-20T17:25:52,13,12,COc1cccc(C(O)c2nc(-c3ccc(C(F)(F)F)cc3)cs2)c1,COc1cccc(C(O)c2nc(-c3ccc(C(F)(F)F)cc3)cs2)c1,0.1708617489784956,0.06703792746291988,0.0,0.0,0.0,0.06703792746291988,single,ok,single_mode
single_target_b1_a6000,2026-02-20T17:25:52,13,13,CS(=O)(=O)Nc1ccc(N=CCC(=O)c2ccccc2)cc1,CS(=O)(=O)Nc1ccc(N=CCC(=O)c2ccccc2)cc1,0.3365434904893239,0.21288000197767987,0.0,0.0,0.0,0.21288000197767987,single,ok,single_mode
single_target_b1_a6000,2026-02-20T17:25:52,13,14,CN(CC1CCCO1)S(=O)(=O)c1ccc(C(=O)N=c2sc3cc([N+](=O)[O-])ccc3n2C)cc1,CN(CC1CCCO1)S(=O)(=O)c1ccc(C(=O)N=c2sc3cc([N+](=O)[O-])ccc3n2C)cc1,0.21447246770064035,0.09243829156735257,0.0,0.0,0.0,0.09243829156735257,single,ok,single_mode
single_target_b1_a6000,2026-02-20T17:25:52,13,15,CN(C)C(=O)N=c1[nH]c(-c2ccccc2)ns1,CN(C)C(=O)N=c1[nH]c(-c2ccccc2)ns1,0.4634090065956116,0.42733615197355845,0.0,0.0,0.0,0.42733615197355845,single,ok,single_mode
single_target_b1_a6000,2026-02-20T17:32:06,14,0,COc1cccc(CN2CCN(CC3CC3)C3CS(=O)(=O)CC32)c1,COc1cccc(CN2CCN(CC3CC3)C3CS(=O)(=O)CC32)c1,0.0809997096657753,0.03382965669573192,0.0,0.0,0.0,0.03382965669573192,single,ok,single_mode
single_target_b1_a6000,2026-02-20T17:32:06,14,1,Cc1ccc(Cl)cc1N1CCN(C(=O)c2cc(S(=O)(=O)N(C)C)c[nH]2)CC1,Cc1ccc(Cl)cc1N1CCN(C(=O)c2cc(S(=O)(=O)N(C)C)c[nH]2)CC1,0.2249525785446167,0.09971642659388466,0.0,0.0,0.0,0.09971642659388466,single,ok,single_mode
single_target_b1_a6000,2026-02-20T17:32:06,14,2,COc1cc(C=C2SC(=S)N(c3cccc(C(F)(F)F)c3)C2=O)ccc1O,COc1cc(C=C2SC(=S)N(c3cccc(C(F)(F)F)c3)C2=O)ccc1O,0.290534829099973,0.15766286198321205,0.0,0.0,0.0,0.15766286198321205,single,ok,single_mode
single_target_b1_a6000,2026-02-20T17:32:06,14,3,CCOc1ccc(OCC)c(NC(=O)CN2CCCN(Cc3c(F)cccc3F)S2(=O)=O)c1,CCOc1ccc(OCC)c(NC(=O)CN2CCCN(Cc3c(F)cccc3F)S2(=O)=O)c1,0.09903412808974583,0.038875976235381166,0.0,0.0,0.0,0.038875976235381166,single,ok,single_mode
single_target_b1_a6000,2026-02-20T17:32:06,14,4,CSc1cc(-c2ccc(F)cc2)[nH]c(=O)c1C#N,CSc1cc(-c2ccc(F)cc2)[nH]c(=O)c1C#N,0.4208923578262329,0.3468620669565431,0.0,0.0,0.0,0.3468620669565431,single,ok,single_mode
single_target_b1_a6000,2026-02-20T17:32:06,14,5,O=C1CN2CCC=CC2c2[nH]c(=Nc3ccccc3)sc21,O=C1CN2CCC=CC2c2[nH]c(=Nc3ccccc3)sc21,0.4960542619228363,0.49210917904012424,0.0,0.0,0.0,0.49210917904012424,single,ok,single_mode
single_target_b1_a6000,2026-02-20T17:32:06,14,6,COc1ccc(CCn2c(=O)cc(O)n(CCc3cccc(Cl)c3)c2=O)cc1OC,COc1ccc(CCn2c(=O)cc(O)n(CCc3cccc(Cl)c3)c2=O)cc1OC,0.2676394333442052,0.13483312166866124,0.0,0.0,0.0,0.13483312166866124,single,ok,single_mode
single_target_b1_a6000,2026-02-20T17:32:06,14,7,COc1ccc(-n2nc(CNc3ccc(Cl)c(NS(C)(=O)=O)c3)c3c2C(=O)N(O)CC3)cc1,COc1ccc(-n2nc(CNc3ccc(Cl)c(NS(C)(=O)=O)c3)c3c2C(=O)N(O)CC3)cc1,0.24951954185962677,0.11879995214533812,0.0,0.0,0.0,0.11879995214533812,single,ok,single_mode
single_target_b1_a6000,2026-02-20T17:32:06,14,8,COc1cc2cccc(C(=O)c3cc(OC)c(OC)c(OC)c3)c2cc1OC,COc1cc2cccc(C(=O)c3cc(OC)c(OC)c(OC)c3)c2cc1OC,0.29337359468142193,0.16070238674393386,0.0,0.0,0.0,0.16070238674393386,single,ok,single_mode
single_target_b1_a6000,2026-02-20T17:32:06,14,9,Cc1csc2nc(COc3ccc(Cl)cc3)cc(=O)n12,Cc1csc2nc(COc3ccc(Cl)cc3)cc(=O)n12,0.39146801829338074,0.29561735213251766,0.0,0.0,0.0,0.29561735213251766,single,ok,single_mode
single_target_b1_a6000,2026-02-20T17:32:06,14,10,Cc1ccc(N=c2[nH]c(-c3c(-c4ccc(F)cc4)ncn3C(C)C)cs2)cc1C,Cc1ccc(N=c2[nH]c(-c3c(-c4ccc(F)cc4)ncn3C(C)C)cs2)cc1C,0.26763784388701123,0.13483163835402873,0.0,0.0,0.0,0.13483163835402873,single,ok,single_mode
single_target_b1_a6000,2026-02-20T17:32:06,14,11,CC1(C(=O)N2CCN(c3ccc(Cl)c(Cl)c3)CC2)CCCCC1,CC1(C(=O)N2CCN(c3ccc(Cl)c(Cl)c3)CC2)CCCCC1,0.3009170815348625,0.1690095124572788,0.0,0.0,0.0,0.1690095124572788,single,ok,single_mode
single_target_b1_a6000,2026-02-20T17:32:06,14,12,O=S(=O)(NC1Cc2ccccc2CC1Sc1nc[nH]n1)c1cccc(Br)c1,O=S(=O)(NC1Cc2ccccc2CC1Sc1nc[nH]n1)c1cccc(Br)c1,0.21304535865783691,0.09148493710470158,0.0,0.0,0.0,0.09148493710470158,single,ok,single_mode
single_target_b1_a6000,2026-02-20T17:32:06,14,13,COc1ccc(CNC(=O)CCS(=O)(=O)c2ccc(C)cc2)cc1,COc1ccc(CNC(=O)CCS(=O)(=O)c2ccc(C)cc2)cc1,0.16433997452259064,0.06384754538373481,0.0,0.0,0.0,0.06384754538373481,single,ok,single_mode
single_target_b1_a6000,2026-02-20T17:32:06,14,14,CCCCN1c2nccc[n+]2CC1c1ccccc1,CCCCN1c2nccc[n+]2CC1c1ccccc1,0.3980379601319631,0.3066779748211137,0.0,0.0,0.0,0.3066779748211137,single,ok,single_mode
single_target_b1_a6000,2026-02-20T17:32:06,14,15,COc1ccc(S(=O)(=O)Nc2cccc3cccc(O)c23)cc1,COc1ccc(S(=O)(=O)Nc2cccc3cccc(O)c23)cc1,0.31931406259536743,0.1906970159266825,0.0,0.0,0.0,0.1906970159266825,single,ok,single_mode
single_target_b1_a6000,2026-02-20T17:38:38,15,0,O=C(Cc1ccc(F)cc1)N1CCN(c2cccc3ccccc23)CC1,O=C(Cc1ccc(F)cc1)N1CCN(c2cccc3ccccc23)CC1,0.275785098473231,0.14261734224339923,0.0,0.0,0.0,0.14261734224339923,single,ok,single_mode
single_target_b1_a6000,2026-02-20T17:38:38,15,1,Cc1ccc(OCc2nnc(SCc3csc(=N)[nH]3)n2C)cc1,Cc1ccc(OCc2nnc(SCc3csc(=N)[nH]3)n2C)cc1,0.19391904771327972,0.07953750250834049,0.0,0.0,0.0,0.07953750250834049,single,ok,single_mode
single_target_b1_a6000,2026-02-20T17:38:38,15,2,CC12CC(=O)C(=O)C=C1CC1C3CCC14C(=NO)CN(Cc1cccs1)CC2CCC34C,CC12CC(=O)C(=O)C=C1CC1C3CCC14C(=NO)CN(Cc1cccs1)CC2CCC34C,0.15540950000286102,0.05970802529665785,0.0,0.0,0.0,0.05970802529665785,single,ok,single_mode
single_target_b1_a6000,2026-02-20T17:38:38,15,3,Cc1cccc(-c2ncc[nH]2)c1C(=O)N1CCC(C(=O)N2CCOCC2)CC1,Cc1cccc(-c2ncc[nH]2)c1C(=O)N1CCC(C(=O)N2CCOCC2)CC1,0.08561743547519048,0.03505812337119218,0.0,0.0,0.0,0.03505812337119218,single,ok,single_mode
single_target_b1_a6000,2026-02-20T17:38:38,15,4,C[N+](C)(Cc1cccc(Cl)c1)CC1Cc2ccccc2-c2ccccc21,C[N+](C)(Cc1cccc(Cl)c1)CC1Cc2ccccc2-c2ccccc21,0.29916995267073315,0.16705557543594243,0.0,0.0,0.0,0.16705557543594243,single,ok,single_mode
single_target_b1_a6000,2026-02-20T17:38:38,15,5,Cc1ocnc1CN1CCC(n2[nH]ccc2=NC(=O)CCc2ccccc2)CC1,Cc1ocnc1CN1CCC(n2[nH]ccc2=NC(=O)CCc2ccccc2)CC1,0.07858497773607571,0.033203903142102205,0.0,0.0,0.0,0.033203903142102205,single,ok,single_mode
single_target_b1_a6000,2026-02-20T17:38:38,15,6,O=C(NCCc1ccccc1O)C(NS(=O)(=O)c1ccc(F)cc1)c1ccccc1,O=C(NCCc1ccccc1O)C(NS(=O)(=O)c1ccc(F)cc1)c1ccccc1,0.1701440835992495,0.06667973442346245,0.0,0.0,0.0,0.06667973442346245,single,ok,single_mode
single_target_b1_a6000,2026-02-20T17:38:38,15,7,CCOC(=O)C1CC(O)(c2ccc(-c3ccoc3)cc2)N(Cc2cccs2)C1C(=O)OCC,CCOC(=O)C1CC(O)(c2ccc(-c3ccoc3)cc2)N(Cc2cccs2)C1C(=O)OCC,0.20102347681919733,0.08379919295760481,0.0,0.0,0.0,0.08379919295760481,single,ok,single_mode
single_target_b1_a6000,2026-02-20T17:38:38,15,8,CCN(CC)Cc1ccc2cc(CN(CC#N)c3ccc(C(=O)NC(CCC(=O)O)C(=O)O)cc3)ccc2n1,CCN(CC)Cc1ccc2cc(CN(CC#N)c3ccc(C(=O)NC(CCC(=O)O)C(=O)O)cc3)ccc2n1,0.16697140038013458,0.06511742242358395,0.0,0.0,0.0,0.06511742242358395,single,ok,single_mode
single_target_b1_a6000,2026-02-20T17:38:38,15,9,C=CCNNC(=O)c1cc(C)cc(C)c1O,C=CCNNC(=O)c1cc(C)cc(C)c1O,0.2119345416625341,0.09074900521269895,0.0,0.0,0.0,0.09074900521269895,single,ok,single_mode
single_target_b1_a6000,2026-02-20T17:38:38,15,10,NC(=S)NNC(O)c1c[nH]c2cc(OCCOc3ccccc3)ccc2c1=Nc1ccc(-c2ccccc2)cc1,NC(=S)NNC(O)c1c[nH]c2cc(OCCOc3ccccc3)ccc2c1=Nc1ccc(-c2ccccc2)cc1,0.33703649044036865,0.2135416152149949,0.0,0.0,0.0,0.2135416152149949,single,ok,single_mode
single_target_b1_a6000,2026-02-20T17:38:38,15,11,N=c1[nH]c2nccnc2n2c(-c3nccs3)nnc12,N=c1[nH]c2nccnc2n2c(-c3nccs3)nnc12,0.5334164003531138,0.5664376022019689,0.0,0.0,0.0,0.5664376022019689,single,ok,single_mode
single_target_b1_a6000,2026-02-20T17:38:38,15,12,O=C(O)c1ccc(CN2CCCC(Nc3ccc(F)c(CO)c3)C2)cc1,O=C(O)c1ccc(CN2CCCC(Nc3ccc(F)c(CO)c3)C2)cc1,0.10255945349733035,0.039943569382354695,0.0,0.0,0.0,0.039943569382354695,single,ok,single_mode
single_target_b1_a6000,2026-02-20T17:38:38,15,13,Oc1ccccc1-c1c(O)ccc2ccc(C#CCc3cccc(-c4cccs4)c3)cc12,Oc1ccccc1-c1c(O)ccc2ccc(C#CCc3cccc(-c4cccs4)c3)cc12,0.18393893299313882,0.07388500346164024,0.0,0.0,0.0,0.07388500346164024,single,ok,single_mode
single_target_b1_a6000,2026-02-20T17:38:38,15,14,O=[N+]([O-])c1ccc2[nH]ccc2c1,O=[N+]([O-])c1ccc2[nH]ccc2c1,0.41293324033419293,0.3325811149408445,0.0,0.0,0.0,0.3325811149408445,single,ok,single_mode
single_target_b1_a6000,2026-02-20T17:38:38,15,15,O=c1cc(-c2ccccc2)n(-c2ccc(Cl)cc2)n1-c1ccc(Cl)cc1,O=c1cc(-c2ccccc2)n(-c2ccc(Cl)cc2)n1-c1ccc(Cl)cc1,0.2803000311056773,0.14709120894350242,0.0,0.0,0.0,0.14709120894350242,single,ok,single_mode
single_target_b1_a6000,2026-02-20T17:44:33,16,0,Cc1ccccc1NC(=O)CCCC1=NS(=O)(=O)c2cc(Br)ccc2N1,Cc1ccccc1NC(=O)CCCC1=NS(=O)(=O)c2cc(Br)ccc2N1,0.216631218791008,0.0938973658139455,0.0,0.0,0.0,0.0938973658139455,single,ok,single_mode
single_target_b1_a6000,2026-02-20T17:44:33,16,1,CCN(Cc1ccccc1)C(=O)Cn1c(=O)oc2ccccc21,CCN(Cc1ccccc1)C(=O)Cn1c(=O)oc2ccccc21,0.18839832643667856,0.07636352638904563,0.0,0.0,0.0,0.07636352638904563,single,ok,single_mode
single_target_b1_a6000,2026-02-20T17:44:33,16,2,COc1cc(C=Cc2cccnc2)cc(OC)c1,COc1cc(C=Cc2cccnc2)cc(OC)c1,0.34971428910891217,0.23106885505452432,0.0,0.0,0.0,0.23106885505452432,single,ok,single_mode
single_target_b1_a6000,2026-02-20T17:44:33,16,3,CCCN1C(=O)C(=O)N(CC(=O)N=c2ccc(Cl)c[nH]2)C1=O,CCCN1C(=O)C(=O)N(CC(=O)N=c2ccc(Cl)c[nH]2)C1=O,0.1816749299565951,0.07265519495297239,0.0,0.0,0.0,0.07265519495297239,single,ok,single_mode
single_target_b1_a6000,2026-02-20T17:44:33,16,4,CC1CCC2=C(C1)c1ccc(-c3cccnc3)cc1CC2(C)C,CC1CCC2=C(C1)c1ccc(-c3cccnc3)cc1CC2(C)C,0.3992850085099538,0.3088033014152405,0.0,0.0,0.0,0.3088033014152405,single,ok,single_mode
single_target_b1_a6000,2026-02-20T17:44:33,16,5,COc1ccc(NC(=O)CCN=c2[nH]c(=NCc3ccccc3OC)[nH]c(=NC3CC3)[nH]2)cc1Cl,COc1ccc(NC(=O)CCN=c2[nH]c(=NCc3ccccc3OC)[nH]c(=NC3CC3)[nH]2)cc1Cl,0.347892165184021,0.22848903207995205,0.0,0.0,0.0,0.22848903207995205,single,ok,single_mode
single_target_b1_a6000,2026-02-20T17:44:33,16,6,CC(C)C(S)C(=O)NC(CC(=O)O)C(=O)NCC(=O)NC(CCCN=C(N)N)C(=O)NC(CCCCN)C(=O)O,CC(C)C(S)C(=O)NC(CC(=O)O)C(=O)NCC(=O)NC(CCCN=C(N)N)C(=O)NC(CCCCN)C(=O)O,0.3501443962256114,0.23168077852805583,0.0,0.0,0.0,0.23168077852805583,single,ok,single_mode
single_target_b1_a6000,2026-02-20T17:44:33,16,7,O=c1c(CN2CCN(Cc3ccccc3)CC2)c(O)[nH]c2ccccc12,O=c1c(CN2CCN(Cc3ccccc3)CC2)c(O)[nH]c2ccccc12,0.2253587245941162,0.10000849398866209,0.0,0.0,0.0,0.10000849398866209,single,ok,single_mode
single_target_b1_a6000,2026-02-20T17:44:33,16,8,O=C(CSCC(=O)N=c1[nH]ccs1)N=c1ccc(Cl)c[nH]1,O=C(CSCC(=O)N=c1[nH]ccs1)N=c1ccc(Cl)c[nH]1,0.22086957097053528,0.09682217325786052,0.0,0.0,0.0,0.09682217325786052,single,ok,single_mode
single_target_b1_a6000,2026-02-20T17:44:33,16,9,O=C(CCCCCCS)N=c1[nH]c(-c2ccccc2)cs1,O=C(CCCCCCS)N=c1[nH]c(-c2ccccc2)cs1,0.3590781092643738,0.2446458373690429,0.0,0.0,0.0,0.2446458373690429,single,ok,single_mode
single_target_b1_a6000,2026-02-20T17:44:33,16,10,CC(=O)Oc1ccc2c(C)nn(CCCn3cnc(C)c3)c(=O)c2c1,CC(=O)Oc1ccc2c(C)nn(CCCn3cnc(C)c3)c(=O)c2c1,0.19756140808264414,0.08169710388355479,0.0,0.0,0.0,0.08169710388355479,single,ok,single_mode
single_target_b1_a6000,2026-02-20T17:44:33,16,11,Clc1ccc(-c2nnc(N3CCOCC3)c3nn(-c4ccc(Cl)cc4)cc23)cc1,Clc1ccc(-c2nnc(N3CCOCC3)c3nn(-c4ccc(Cl)cc4)cc23)cc1,0.3198338399330775,0.19133958625396547,0.0,0.0,0.0,0.19133958625396547,single,ok,single_mode
single_target_b1_a6000,2026-02-20T17:44:33,16,12,COc1cccc2c(C(=O)C3CCN(CCC4OCCc5cc(C(N)=O)ccc54)CC3)cc(C(F)(F)F)nc12,COc1cccc2c(C(=O)C3CCN(CCC4OCCc5cc(C(N)=O)ccc54)CC3)cc(C(F)(F)F)nc12,0.1516230727235476,0.058029884690689856,0.0,0.0,0.0,0.058029884690689856,single,ok,single_mode
single_target_b1_a6000,2026-02-20T17:44:33,16,13,COc1ccc(N=C2C(=O)c3ccccc3C(=O)C2NC(=O)c2ccccc2)cc1,COc1ccc(N=C2C(=O)c3ccccc3C(=O)C2NC(=O)c2ccccc2)cc1,0.29370589057604474,0.16106126316275005,0.0,0.0,0.0,0.16106126316275005,single,ok,single_mode
single_target_b1_a6000,2026-02-20T17:44:33,16,14,Cc1cccc(OCC(=O)N2CCCCC2c2nccs2)n1,Cc1cccc(OCC(=O)N2CCCCC2c2nccs2)n1,0.060042381286621094,0.028757964408334235,0.0,0.0,0.0,0.028757964408334235,single,ok,single_mode
single_target_b1_a6000,2026-02-20T17:44:33,16,15,Cc1csc(-c2nc(-c3cccc(NS(C)(=O)=O)c3)no2)n1,Cc1csc(-c2nc(-c3cccc(NS(C)(=O)=O)c3)no2)n1,0.3629301091035207,0.25038516534691213,0.0,0.0,0.0,0.25038516534691213,single,ok,single_mode
single_target_b1_a6000,2026-02-20T17:50:06,17,0,c1cc2c(s1)C(NC1CC3CCC1C3)CCC2,c1cc2c(s1)C(NC1CC3CCC1C3)CCC2,0.12218581388394038,0.0464190896136333,0.0,0.0,0.0,0.0464190896136333,single,ok,single_mode
single_target_b1_a6000,2026-02-20T17:50:06,17,1,O=[N+]([O-])c1ccc2[nH]c3c(c2c1)CCN(Cc1ccc(Cl)c(Cl)c1)CC3C(O)=NO,O=[N+]([O-])c1ccc2[nH]c3c(c2c1)CCN(Cc1ccc(Cl)c(Cl)c1)CC3C(O)=NO,0.1439979982872804,0.05478396264307254,0.0,0.0,0.0,0.05478396264307254,single,ok,single_mode
single_target_b1_a6000,2026-02-20T17:50:06,17,2,O=C(NC1CCC(c2ccncc2)CC1)N1CCc2cc(Br)ccc21,O=C(NC1CCC(c2ccncc2)CC1)N1CCc2cc(Br)ccc21,0.19792968531449637,0.08191840964348049,0.0,0.0,0.0,0.08191840964348049,single,ok,single_mode
single_target_b1_a6000,2026-02-20T17:50:06,17,3,O=C(NC(CN1CCC(O)C1)c1ccccn1)c1ccc2c(-c3nc4ccccc4[nH]3)[nH]nc2c1,O=C(NC(CN1CCC(O)C1)c1ccccn1)c1ccc2c(-c3nc4ccccc4[nH]3)[nH]nc2c1,0.5178366899490356,0.535612972775741,0.0,0.0,0.0,0.535612972775741,single,ok,single_mode
single_target_b1_a6000,2026-02-20T17:50:06,17,4,CCOC(=O)C(Cc1c[nH]c2ccccc12)N1C(=O)C(=Cc2ccc(F)cc2)SC1=S,CCOC(=O)C(Cc1c[nH]c2ccccc12)N1C(=O)C(=Cc2ccc(F)cc2)SC1=S,0.20839972669879595,0.08844248913301864,0.0,0.0,0.0,0.08844248913301864,single,ok,single_mode
single_target_b1_a6000,2026-02-20T17:50:06,17,5,CCCc1ccccc1OCCC1(C(=O)NC2Cc3ccccc32)NCCC1=O,CCCc1ccccc1OCCC1(C(=O)NC2Cc3ccccc32)NCCC1=O,0.15921327968438467,0.06143953489922873,0.0,0.0,0.0,0.06143953489922873,single,ok,single_mode
single_target_b1_a6000,2026-02-20T17:50:06,17,6,COC(=O)C1C(=O)CC(=Nc2cc(C(C)C)ccc2C)CC1C,COC(=O)C1C(=O)CC(=Nc2cc(C(C)C)ccc2C)CC1C,0.20059151947498322,0.0835342595353522,0.0,0.0,0.0,0.0835342595353522,single,ok,single_mode
single_target_b1_a6000,2026-02-20T17:50:06,17,7,CCOC(=O)C1C(C)=Nc2[nH]c3c(c(=N)c2C1c1cccc(OC)c1)CCCC3,CCOC(=O)C1C(C)=Nc2[nH]c3c(c(=N)c2C1c1cccc(OC)c1)CCCC3,0.3839336136976878,0.283222819417096,0.0,0.0,0.0,0.283222819417096,single,ok,single_mode
single_target_b1_a6000,2026-02-20T17:50:06,17,8,Cc1cc([N+](=O)[O-])cc(NC(=S)NCc2cc3n(n2)CCCNC3)c1C,Cc1cc([N+](=O)[O-])cc(NC(=S)NCc2cc3n(n2)CCCNC3)c1C,0.2061658650636673,0.08701228736660377,0.0,0.0,0.0,0.08701228736660377,single,ok,single_mode
single_target_b1_a6000,2026-02-20T17:50:06,17,9,CCSCc1cc[n+](Cc2ccccc2C[n+]2ccccc2)cc1,CCSCc1cc[n+](Cc2ccccc2C[n+]2ccccc2)cc1,0.219715083638827,0.09601751774040766,0.0,0.0,0.0,0.09601751774040766,single,ok,single_mode
single_target_b1_a6000,2026-02-20T17:50:06,17,10,CCOC(C)C(=O)OC(=O)c1c(C(=O)N=c2[nH]c(C)cs2)ccn1-c1ccccc1,CCOC(C)C(=O)OC(=O)c1c(C(=O)N=c2[nH]c(C)cs2)ccn1-c1ccccc1,0.2653873786330223,0.1327452401044239,0.0,0.0,0.0,0.1327452401044239,single,ok,single_mode
single_target_b1_a6000,2026-02-20T17:50:06,17,11,CC(C)(O)c1ccc(COc2cnc(N3CCN(S(=O)(=O)c4ccccc4)CC3)nn2)cn1,CC(C)(O)c1ccc(COc2cnc(N3CCN(S(=O)(=O)c4ccccc4)CC3)nn2)cn1,0.23417335748672485,0.10653694677122383,0.0,0.0,0.0,0.10653694677122383,single,ok,single_mode
single_target_b1_a6000,2026-02-20T17:50:06,17,12,O=C(OCc1ccccc1)C1CN=CNC1,O=C(OCc1ccccc1)C1CN=CNC1,0.15259222934643427,0.05845515137331155,0.0,0.0,0.0,0.05845515137331155,single,ok,single_mode
single_target_b1_a6000,2026-02-20T17:50:06,17,13,CC(C)Cc1cc(-c2ccccc2)nc2ccc(-n3cnnc3)cc12,CC(C)Cc1cc(-c2ccccc2)nc2ccc(-n3cnnc3)cc12,0.5069543818632761,0.5139051772340977,0.0,0.0,0.0,0.5139051772340977,single,ok,single_mode
single_target_b1_a6000,2026-02-20T17:55:48,18,0,O=S1(=O)NCC2OC(c3ccccc3)OC2C(O)C(Cc2ccccc2)N1CC1CCCCC1,O=S1(=O)NCC2OC(c3ccccc3)OC2C(O)C(Cc2ccccc2)N1CC1CCCCC1,0.22063222279151282,0.09665625602039493,0.0,0.0,0.0,0.09665625602039493,single,ok,single_mode
single_target_b1_a6000,2026-02-20T17:55:48,18,1,O=C(c1cc2ccncc2n1Cc1ccccc1)N1CCOCC1,O=C(c1cc2ccncc2n1Cc1ccccc1)N1CCOCC1,0.1780776927868525,0.07073992959717354,0.0,0.0,0.0,0.07073992959717354,single,ok,single_mode
single_target_b1_a6000,2026-02-20T17:55:48,18,2,CC1=Nn2c(nn(Cc3ccc(Cl)cc3)c2=O)NC(c2ccco2)C1,CC1=Nn2c(nn(Cc3ccc(Cl)cc3)c2=O)NC(c2ccco2)C1,0.26492971181869507,0.13232429932966508,0.0,0.0,0.0,0.13232429932966508,single,ok,single_mode
single_target_b1_a6000,2026-02-20T17:55:48,18,3,CCc1ccc(C=CC(=O)Nc2ccc3c(C)nc(N4CCN(C)CC4)nc3c2)cc1,CCc1ccc(C=CC(=O)Nc2ccc3c(C)nc(N4CCN(C)CC4)nc3c2)cc1,0.23514636854330698,0.10728016197285986,0.0,0.0,0.0,0.10728016197285986,single,ok,single_mode
single_target_b1_a6000,2026-02-20T17:55:48,18,4,CNCCN=c1[nH]c(=O)[nH]c2ccccc12,CNCCN=c1[nH]c(=O)[nH]c2ccccc12,0.21862219522396723,0.09526130796180951,0.0,0.0,0.0,0.09526130796180951,single,ok,single_mode
single_target_b1_a6000,2026-02-20T17:55:48,18,5,O=C(Nc1cc2cc3c(cc2oc1=O)OCO3)C1CCCCC1,O=C(Nc1cc2cc3c(cc2oc1=O)OCO3)C1CCCCC1,0.2825874139865239,0.1494017819211252,0.0,0.0,0.0,0.1494017819211252,single,ok,single_mode
single_target_b1_a6000,2026-02-20T17:55:48,18,6,COc1cccc(-c2ncccc2CN2CC(C)(C)c3cc(C(=O)O)ccc32)c1,COc1cccc(-c2ncccc2CN2CC(C)(C)c3cc(C(=O)O)ccc32)c1,0.11829259743293126,0.045059757130447145,0.0,0.0,0.0,0.045059757130447145,single,ok,single_mode
single_target_b1_a6000,2026-02-20T17:55:48,18,7,O=C(Nc1ccc(C(F)(F)F)c(Cl)c1)Nc1cnc2ccccn12,O=C(Nc1ccc(C(F)(F)F)c(Cl)c1)Nc1cnc2ccccn12,0.4662594695885976,0.432925693290627,0.0,0.0,0.0,0.432925693290627,single,ok,single_mode
single_target_b1_a6000,2026-02-20T17:55:48,18,8,O=C(NCCc1nccc(C(F)(F)F)n1)c1cnn2cccnc12,O=C(NCCc1nccc(C(F)(F)F)n1)c1cnn2cccnc12,0.23698639869689941,0.10869810753300202,0.0,0.0,0.0,0.10869810753300202,single,ok,single_mode
single_target_b1_a6000,2026-02-20T17:55:48,18,9,Clc1ccc(CN=c2nc(-c3cnc4ncccn34)cc[nH]2)cc1,Clc1ccc(CN=c2nc(-c3cnc4ncccn34)cc[nH]2)cc1,0.2841312785943349,0.15097815340164022,0.0,0.0,0.0,0.15097815340164022,single,ok,single_mode
single_target_b1_a6000,2026-02-20T17:55:48,18,10,O=C(O)c1cn(-c2ccc(F)cc2F)c2c(F)c(N3CCOCC3)ccc2c1=O,O=C(O)c1cn(-c2ccc(F)cc2F)c2c(F)c(N3CCOCC3)ccc2c1=O,0.14582587406039238,0.05554612952173842,0.0,0.0,0.0,0.05554612952173842,single,ok,single_mode
single_target_b1_a6000,2026-02-20T17:55:48,18,11,CCN1C(=O)c2cccc3c(NS(=O)(=O)c4ccc(OC)cc4)ccc1c23,CCN1C(=O)c2cccc3c(NS(=O)(=O)c4ccc(OC)cc4)ccc1c23,0.23654857277870178,0.10835922982905531,0.0,0.0,0.0,0.10835922982905531,single,ok,single_mode
single_target_b1_a6000,2026-02-20T17:55:48,18,12,COc1ccc2cc(CN3CCC(CNS(C)(=O)=O)CC3)cnc2c1,COc1ccc2cc(CN3CCC(CNS(C)(=O)=O)CC3)cnc2c1,0.1881040632724762,0.0761976518084797,0.0,0.0,0.0,0.0761976518084797,single,ok,single_mode
single_target_b1_a6000,2026-02-20T17:55:48,18,13,Cc1ccc(N(C(=O)c2snc(C(N)=O)c2N)C(C(=O)NC2CCCC2)c2cccnc2)cc1C,Cc1ccc(N(C(=O)c2snc(C(N)=O)c2N)C(C(=O)NC2CCCC2)c2cccnc2)cc1C,0.13134421035647392,0.04977214480430791,0.0,0.0,0.0,0.04977214480430791,single,ok,single_mode
single_target_b1_a6000,2026-02-20T17:55:48,18,14,COc1ccc(-c2cc(C(=O)NCc3ccccc3Br)[nH]n2)cc1,COc1ccc(-c2cc(C(=O)NCc3ccccc3Br)[nH]n2)cc1,0.34694283207257587,0.22715299230806504,0.0,0.0,0.0,0.22715299230806504,single,ok,single_mode
single_target_b1_a6000,2026-02-20T17:55:48,18,15,OC(Cn1cnc2ccc(Cl)cc21)C1CCCCC1,OC(Cn1cnc2ccc(Cl)cc21)C1CCCCC1,0.3215108811855316,0.19342407901904551,0.0,0.0,0.0,0.19342407901904551,single,ok,single_mode
single_target_b1_a6000,2026-02-20T18:02:31,19,0,Cc1ccc(Oc2ccc(C#N)cc2)c(Br)c1,Cc1ccc(Oc2ccc(C#N)cc2)c(Br)c1,0.22712024549643198,0.10128405369457306,0.0,0.0,0.0,0.10128405369457306,single,ok,single_mode
single_target_b1_a6000,2026-02-20T18:02:31,19,1,Cc1ccc(CN2CCN(CC=Cc3ccccc3)C(CCO)C2)o1,Cc1ccc(CN2CCN(CC=Cc3ccccc3)C(CCO)C2)o1,0.14804732302824655,0.05648583837972089,0.0,0.0,0.0,0.05648583837972089,single,ok,single_mode
single_target_b1_a6000,2026-02-20T18:02:31,19,2,NC(=S)NN=C(CCc1ccccc1)Cc1cccnc1,NC(=S)NN=C(CCc1ccccc1)Cc1cccnc1,0.365629901488622,0.254460824713358,0.0,0.0,0.0,0.254460824713358,single,ok,single_mode
single_target_b1_a6000,2026-02-20T18:02:31,19,3,CC12CC(O)CCC1CCC1C2CCC2(C)C1CCC2(O)C(=O)CO,CC12CC(O)CCC1CCC1C2CCC2(C)C1CCC2(O)C(=O)CO,0.11519518742958705,0.044005459328831716,0.0,0.0,0.0,0.044005459328831716,single,ok,single_mode
single_target_b1_a6000,2026-02-20T18:02:31,19,4,CC(C)CNC(=O)CC[N+]1(C)CCC(Cc2cc(-c3cccc(NS(C)(=O)=O)c3)nn2-c2ccc(Cl)c(Cl)c2)CC1,CC(C)CNC(=O)CC[N+]1(C)CCC(Cc2cc(-c3cccc(NS(C)(=O)=O)c3)nn2-c2ccc(Cl)c(Cl)c2)CC1,0.1811161165436109,0.07235456302835483,0.0,0.0,0.0,0.07235456302835483,single,ok,single_mode
single_target_b1_a6000,2026-02-20T18:02:31,19,5,CCCCCCCCCCCCOc1cc2oc(-c3ccccc3)cc(=O)c2c(O)c1OC,CCCCCCCCCCCCOc1cc2oc(-c3ccccc3)cc(=O)c2c(O)c1OC,0.39939342935880023,0.30898846619421544,0.0,0.0,0.0,0.30898846619421544,single,ok,single_mode
single_target_b1_a6000,2026-02-20T18:02:31,19,6,Cc1cc(=O)[nH]c(SCC(=O)NC2CCOCC2)c1C#N,Cc1cc(=O)[nH]c(SCC(=O)NC2CCOCC2)c1C#N,0.14750463018814722,0.05625490008495852,0.0,0.0,0.0,0.05625490008495852,single,ok,single_mode
single_target_b1_a6000,2026-02-20T18:02:31,19,7,CC1CNCCC1n1nccc1-c1c[nH]c(=N)c(-c2nc3ccc(-c4cnn(C)c4)nc3o2)n1,CC1CNCCC1n1nccc1-c1c[nH]c(=N)c(-c2nc3ccc(-c4cnn(C)c4)nc3o2)n1,0.04646588986118635,0.025874735330314414,0.0,0.0,0.0,0.025874735330314414,single,ok,single_mode
single_target_b1_a6000,2026-02-20T18:02:31,19,8,CCn1c(C)c(C)c(C#N)c1NC(=O)Cn1cc(C(=O)Nc2ccc(Cl)cc2)nn1,CCn1c(C)c(C)c(C#N)c1NC(=O)Cn1cc(C(=O)Nc2ccc(Cl)cc2)nn1,0.5768213967482249,0.6489828421570698,0.0,0.0,0.0,0.6489828421570698,single,ok,single_mode
single_target_b1_a6000,2026-02-20T18:02:31,19,9,Oc1ccc(Cl)cc1-c1ccsc1-c1ccc(Cl)cc1,Oc1ccc(Cl)cc1-c1ccsc1-c1ccc(Cl)cc1,0.23939424256483713,0.1105784523908433,0.0,0.0,0.0,0.1105784523908433,single,ok,single_mode
single_target_b1_a6000,2026-02-20T18:02:31,19,10,CCCc1c(OCC(=O)NCCCCCCn2c(C)nc(-c3ccccc3)c2-c2ccc(C(C)C)cc2)ccc(C(C)=O)c1O,CCCc1c(OCC(=O)NCCCCCCn2c(C)nc(-c3ccccc3)c2-c2ccc(C(C)C)cc2)ccc(C(C)=O)c1O,0.28661831716696423,0.1535462858847315,0.0,0.0,0.0,0.1535462858847315,single,ok,single_mode
single_target_b1_a6000,2026-02-20T18:02:31,19,11,CCC[S+]([O-])C1(C)C(=O)c2c(ncc3ccccc23)C1(C)C,CCC[S+]([O-])C1(C)C(=O)c2c(ncc3ccccc23)C1(C)C,0.299602746963501,0.1675379106936172,0.0,0.0,0.0,0.1675379106936172,single,ok,single_mode
single_target_b1_a6000,2026-02-20T18:02:31,19,12,O=C(N=c1[nH]ncs1)NC(c1ccccc1)c1ccccc1,O=C(N=c1[nH]ncs1)NC(c1ccccc1)c1ccccc1,0.22331923246383667,0.09854950287314156,0.0,0.0,0.0,0.09854950287314156,single,ok,single_mode
single_target_b1_a6000,2026-02-20T18:02:31,19,13,Cc1cn(CC(O)(c2ccccc2)c2ccc(-c3cccnc3)cc2)cn1,Cc1cn(CC(O)(c2ccccc2)c2ccc(-c3cccnc3)cc2)cn1,0.32100608944892883,0.19279483357974844,0.0,0.0,0.0,0.19279483357974844,single,ok,single_mode
single_target_b1_a6000,2026-02-20T18:02:31,19,14,Cc1cc(C)c2nc(-n3c(N)c(-c4cccs4)c4ncccc4c3=S)sc2c1,Cc1cc(C)c2nc(-n3c(N)c(-c4cccs4)c4ncccc4c3=S)sc2c1,0.38943958779176074,0.29224959169273584,0.0,0.0,0.0,0.29224959169273584,single,ok,single_mode
single_target_b1_a6000,2026-02-20T18:02:31,19,15,Cc1cc(C#N)c(=S)n(CC(=O)OCc2ccccc2)n1,Cc1cc(C#N)c(=S)n(CC(=O)OCc2ccccc2)n1,0.27595826983451843,0.1427868260063385,0.0,0.0,0.0,0.1427868260063385,single,ok,single_mode
single_target_b1_a6000,2026-02-20T18:08:23,20,0,COc1ccc(-c2cn(C3c4ccccc4N(Cc4ccccc4)C(=O)C4C3N4C)nn2)cc1,COc1ccc(-c2cn(C3c4ccccc4N(Cc4ccccc4)C(=O)C4C3N4C)nn2)cc1,0.17628899092475572,0.06980503431962067,0.0,0.0,0.0,0.06980503431962067,single,ok,single_mode
single_target_b1_a6000,2026-02-20T18:08:23,20,1,CC(C)CCOC(=O)C1=COC2CC1C1(O2)C(=O)N(C)c2ccccc21,CC(C)CCOC(=O)C1=COC2CC1C1(O2)C(=O)N(C)c2ccccc21,0.2511111795902252,0.12013941980073153,0.0,0.0,0.0,0.12013941980073153,single,ok,single_mode
single_target_b1_a6000,2026-02-20T18:08:23,20,2,CC(C)(C)c1ccc(-c2cn3nc(N4CCN(CCO)CC4)sc3n2)cc1,CC(C)(C)c1ccc(-c2cn3nc(N4CCN(CCO)CC4)sc3n2)cc1,0.5649846792221069,0.6271191057843227,0.0,0.0,0.0,0.6271191057843227,single,ok,single_mode
single_target_b1_a6000,2026-02-20T18:08:23,20,3,Cn1c(C(=O)Nc2ccccc2Cl)cc2sccc21,Cn1c(C(=O)Nc2ccccc2Cl)cc2sccc21,0.2908344517151515,0.15798145499217348,0.0,0.0,0.0,0.15798145499217348,single,ok,single_mode
single_target_b1_a6000,2026-02-20T18:08:23,20,4,COc1ccc2c(=O)c(-c3ccc(O)c(O)c3)c(C)oc2c1,COc1ccc2c(=O)c(-c3ccc(O)c(O)c3)c(C)oc2c1,0.27504683037598926,0.14189667606616557,0.0,0.0,0.0,0.14189667606616557,single,ok,single_mode
single_target_b1_a6000,2026-02-20T18:08:23,20,5,CCN(CC)C(CN=c1[nH]cccc1C#N)Cc1ccc(C(C)(C)C)cc1,CCN(CC)C(CN=c1[nH]cccc1C#N)Cc1ccc(C(C)(C)C)cc1,0.37306254108746845,0.26590493648173924,0.0,0.0,0.0,0.26590493648173924,single,ok,single_mode
single_target_b1_a6000,2026-02-20T18:08:23,20,6,O=[N+]([O-])c1cc(Cl)cc2[nH]c3cnccc3c12,O=[N+]([O-])c1cc(Cl)cc2[nH]c3cnccc3c12,0.5541457931200663,0.6066295083577212,0.0,0.0,0.0,0.6066295083577212,single,ok,single_mode
single_target_b1_a6000,2026-02-20T18:08:23,20,7,O=C(Nc1ccc(-c2ncnc3c2ncn3C2CCCCC2O)c(Cl)c1)OCc1ccccc1,O=C(Nc1ccc(-c2ncnc3c2ncn3C2CCCCC2O)c(Cl)c1)OCc1ccccc1,0.31272292137145996,0.18269165791485087,0.0,0.0,0.0,0.18269165791485087,single,ok,single_mode
single_target_b1_a6000,2026-02-20T18:08:23,20,8,Cc1ccccc1-c1nnc(C2(c3ccc(Cl)cc3)CCC2)n1C,Cc1ccccc1-c1nnc(C2(c3ccc(Cl)cc3)CCC2)n1C,0.2149578034877777,0.092764539386785,0.0,0.0,0.0,0.092764539386785,single,ok,single_mode
single_target_b1_a6000,2026-02-20T18:08:23,20,9,COCC#Cc1ccc(C2CC(=O)N=C(C)C2C(=O)OC(C)C)c(F)c1,COCC#Cc1ccc(C2CC(=O)N=C(C)C2C(=O)OC(C)C)c(F)c1,0.15286611020565033,0.0585758592624769,0.0,0.0,0.0,0.0585758592624769,single,ok,single_mode
single_target_b1_a6000,2026-02-20T18:08:23,20,10,CC1(C)C(Nc2cccc(-c3cc(O)c(O)c(O)c3)c2)CCC2(C)C1CCC1(C)C3(C)CCC(O)C(C)(CO)C3CCC21O,CC1(C)C(Nc2cccc(-c3cc(O)c(O)c(O)c3)c2)CCC2(C)C1CCC1(C)C3(C)CCC(O)C(C)(CO)C3CCC21O,0.19276175275444984,0.0788623192418154,0.0,0.0,0.0,0.0788623192418154,single,ok,single_mode
single_target_b1_a6000,2026-02-20T18:08:23,20,11,OCCN=c1[nH]c2ccccc2n2cccc12,OCCN=c1[nH]c2ccccc2n2cccc12,0.3966890623172124,0.3043882813475572,0.0,0.0,0.0,0.3043882813475572,single,ok,single_mode
single_target_b1_a6000,2026-02-20T18:08:23,20,12,CN(CCCN1CCOCC1)Cc1c2ccccc2cc2ccc(Cl)c(Cl)c12,CN(CCCN1CCOCC1)Cc1c2ccccc2cc2ccc(Cl)c(Cl)c12,0.44111117720603943,0.38435341736685946,0.0,0.0,0.0,0.38435341736685946,single,ok,single_mode
single_target_b1_a6000,2026-02-20T18:08:23,20,13,O=C1c2ccccc2C2(C=C(Br)CCO2)N1c1ccccc1,O=C1c2ccccc2C2(C=C(Br)CCO2)N1c1ccccc1,0.2732026030619939,0.14010969521236835,0.0,0.0,0.0,0.14010969521236835,single,ok,single_mode
single_target_b1_a6000,2026-02-20T18:15:02,21,0,C=C(C)C12CC3CC4(C)C5CC(OC(C)=O)C(C3OCC3(C1)C(C2)OC(O)C3OC)C4(C)CCC1C(C)(C)C(=O)CCC15C,C=C(C)C12CC3CC4(C)C5CC(OC(C)=O)C(C3OCC3(C1)C(C2)OC(O)C3OC)C4(C)CCC1C(C)(C)C(=O)CCC15C,0.2319879358013471,0.10488417158810316,0.0,0.0,0.0,0.10488417158810316,single,ok,single_mode
single_target_b1_a6000,2026-02-20T18:15:02,21,1,COc1cccc(C(=O)NC2CCC(C(N)C(=O)N3CCCC3C#N)CC2)c1,COc1cccc(C(=O)NC2CCC(C(N)C(=O)N3CCCC3C#N)CC2)c1,0.24469050765037537,0.11481485634682632,0.0,0.0,0.0,0.11481485634682632,single,ok,single_mode
single_target_b1_a6000,2026-02-20T18:15:02,21,2,C=CC(C)(C)c1ccccc1C=Cc1cc(C)ccc1OCC=C(C)CCC=C(C)CCC=C(C)C,C=CC(C)(C)c1ccccc1C=Cc1cc(C)ccc1OCC=C(C)CCC=C(C)CCC=C(C)C,0.29448938742280006,0.16190999557186397,0.0,0.0,0.0,0.16190999557186397,single,ok,single_mode
single_target_b1_a6000,2026-02-20T18:15:02,21,3,CC(=O)Nc1ccc(C(=O)Oc2cccc3ccc(C)nc23)cc1,CC(=O)Nc1ccc(C(=O)Oc2cccc3ccc(C)nc23)cc1,0.26293619970480603,0.13050393798073084,0.0,0.0,0.0,0.13050393798073084,single,ok,single_mode
single_target_b1_a6000,2026-02-20T18:15:02,21,4,CC(NC(=O)C(OC(=O)c1ccco1)C(=O)NCc1ccc2ccccc2c1)c1ccccc1,CC(NC(=O)C(OC(=O)c1ccco1)C(=O)NCc1ccc2ccccc2c1)c1ccccc1,0.17138564586639404,0.0673005358135937,0.0,0.0,0.0,0.0673005358135937,single,ok,single_mode
single_target_b1_a6000,2026-02-20T18:15:02,21,5,Cc1c(C)c2c(OCC(=O)NCC3COC(C)(C)O3)cc3c(c2oc1=O)CCC(C)(C)O3,Cc1c(C)c2c(OCC(=O)NCC3COC(C)(C)O3)cc3c(c2oc1=O)CCC(C)(C)O3,0.15748336414496103,0.060646321135300316,0.0,0.0,0.0,0.060646321135300316,single,ok,single_mode
single_target_b1_a6000,2026-02-20T18:15:02,21,6,N=c1[nH]cc(-c2cccc(C(F)(F)F)c2)nc1C(=O)NC1CCCNC1,N=c1[nH]cc(-c2cccc(C(F)(F)F)c2)nc1C(=O)NC1CCCNC1,0.13314551239212355,0.0504581224222534,0.0,0.0,0.0,0.0504581224222534,single,ok,single_mode
single_target_b1_a6000,2026-02-20T18:15:02,21,7,COc1ccc2ccc(S(=O)(=O)NC(Cc3ccccc3)C(=O)O)cc2c1,COc1ccc2ccc(S(=O)(=O)NC(Cc3ccccc3)C(=O)O)cc2c1,0.17291530966758728,0.06807276553029022,0.0,0.0,0.0,0.06807276553029022,single,ok,single_mode
single_target_b1_a6000,2026-02-20T18:15:02,21,8,CC(C)C1=NC(Nc2cccnc2)N(NSc2ccc(F)cc2)C2(C)C=c3ccccc3=CN12,CC(C)C1=NC(Nc2cccnc2)N(NSc2ccc(F)cc2)C2(C)C=c3ccccc3=CN12,0.43732205033302307,0.37720617650900934,0.0,0.0,0.0,0.37720617650900934,single,ok,single_mode
single_target_b1_a6000,2026-02-20T18:15:02,21,9,O=S(=O)(NC(=NC(=S)NNc1ccccc1Cl)c1ccccc1)c1ccc(Cl)cc1,O=S(=O)(NC(=NC(=S)NNc1ccccc1Cl)c1ccccc1)c1ccc(Cl)cc1,0.3342602749665578,0.20983541062255973,0.0,0.0,0.0,0.20983541062255973,single,ok,single_mode
single_target_b1_a6000,2026-02-20T18:15:02,21,10,COc1ccccc1C(=O)C=Cc1ccc(O)cc1,COc1ccccc1C(=O)C=Cc1ccc(O)cc1,0.4006843864917755,0.3111979106349643,0.0,0.0,0.0,0.3111979106349643,single,ok,single_mode
single_target_b1_a6000,2026-02-20T18:15:02,21,11,COc1ccc(-c2ccc3c(SC)nn(-c4ccccc4)c3n2)cc1,COc1ccc(-c2ccc3c(SC)nn(-c4ccccc4)c3n2)cc1,0.45269930362701416,0.40651151144244796,0.0,0.0,0.0,0.40651151144244796,single,ok,single_mode
single_target_b1_a6000,2026-02-20T18:15:02,21,12,Clc1ccccc1N=c1[nH]cnc2c1nnn2Cc1ccccc1,Clc1ccccc1N=c1[nH]cnc2c1nnn2Cc1ccccc1,0.42268283168474835,0.3501141821718132,0.0,0.0,0.0,0.3501141821718132,single,ok,single_mode
single_target_b1_a6000,2026-02-20T18:15:02,21,13,O=[N+]([O-])c1cccc(C23CCC2CCN(CCCC(c2ccccc2)c2ccc(F)cc2)C3)c1,O=[N+]([O-])c1cccc(C23CCC2CCN(CCCC(c2ccccc2)c2ccc(F)cc2)C3)c1,0.27574040989081067,0.1425736325148498,0.0,0.0,0.0,0.1425736325148498,single,ok,single_mode
single_target_b1_a6000,2026-02-20T18:15:02,21,14,CCC(C)C(NC(=O)c1cc(=Nc2cc(OC)c(OC)c(OC)c2)[nH]c2ccccc12)C(=O)OC,CCC(C)C(NC(=O)c1cc(=Nc2cc(OC)c(OC)c(OC)c2)[nH]c2ccccc12)C(=O)OC,0.29715147117773694,0.16482069798703974,0.0,0.0,0.0,0.16482069798703974,single,ok,single_mode
single_target_b1_a6000,2026-02-20T18:15:02,21,15,Cc1nc(-c2ccccc2Cl)nc2c(OCCN3CCCC3)nc(N3CCOCC3)nc12,Cc1nc(-c2ccccc2Cl)nc2c(OCCN3CCCC3)nc(N3CCOCC3)nc12,0.35979852080345154,0.24571242738650814,0.0,0.0,0.0,0.24571242738650814,single,ok,single_mode
single_target_b1_a6000,2026-02-20T18:21:11,22,0,COC1C(CC(O)c2ccccc2)OC(n2ccc(=N)[nH]c2=O)C1O,COC1C(CC(O)c2ccccc2)OC(n2ccc(=N)[nH]c2=O)C1O,0.12493159125248592,0.04740115547059865,0.0,0.0,0.0,0.04740115547059865,single,ok,single_mode
single_target_b1_a6000,2026-02-20T18:21:11,22,1,CCCCCCCN(C)C,CCCCCCCN(C)C,0.11380057285229365,0.043538479838190605,0.0,0.0,0.0,0.043538479838190605,single,ok,single_mode
single_target_b1_a6000,2026-02-20T18:21:11,22,2,CCCCCC[N+]1(C)CCCCC1,CCCCCC[N+]1(C)CCCCC1,0.10475996881723404,0.040624148049455,0.0,0.0,0.0,0.040624148049455,single,ok,single_mode
single_target_b1_a6000,2026-02-20T18:21:11,22,3,O=C(Cc1ccccc1)NCC1OC(n2cnc3c(=Nc4ccc(Br)cc4)[nH]cnc32)C(O)C1O,O=C(Cc1ccccc1)NCC1OC(n2cnc3c(=Nc4ccc(Br)cc4)[nH]cnc32)C(O)C1O,0.36958784858385724,0.2605142959783203,0.0,0.0,0.0,0.2605142959783203,single,ok,single_mode
single_target_b1_a6000,2026-02-20T18:21:11,22,4,NC(=S)NC(=O)C=Cc1ccc(Cl)cc1Cl,NC(=S)NC(=O)C=Cc1ccc(Cl)cc1Cl,0.4038759569327037,0.3166971226737492,0.0,0.0,0.0,0.3166971226737492,single,ok,single_mode
single_target_b1_a6000,2026-02-20T18:21:11,22,5,Cc1[nH][nH]c(=S)c1CCC(=O)NN=Cc1ccc([N+](=O)[O-])cc1,Cc1[nH][nH]c(=S)c1CCC(=O)NN=Cc1ccc([N+](=O)[O-])cc1,0.2708517014980316,0.1378591210719507,0.0,0.0,0.0,0.1378591210719507,single,ok,single_mode
single_target_b1_a6000,2026-02-20T18:21:11,22,6,CC(=O)NCC1CC2(CC=C(C)CC2)Oc2ccc(F)cc21,CC(=O)NCC1CC2(CC=C(C)CC2)Oc2ccc(F)cc21,0.25990324715773266,0.1277752775914068,0.0,0.0,0.0,0.1277752775914068,single,ok,single_mode
single_target_b1_a6000,2026-02-20T18:21:11,22,7,CCCSc1ccc2[nH]c(-c3cncnc3-c3ccccc3)nc2c1,CCCSc1ccc2[nH]c(-c3cncnc3-c3ccccc3)nc2c1,0.20329040785630545,0.08520212712358578,0.0,0.0,0.0,0.08520212712358578,single,ok,single_mode
single_target_b1_a6000,2026-02-20T18:21:11,22,8,COc1ccc(-n2nc(C(=O)N3CC4(C)CC3CC(C)(C)C4)nc2-c2cc(OC)c(OC)c(OC)c2)cc1,COc1ccc(-n2nc(C(=O)N3CC4(C)CC3CC(C)(C)C4)nc2-c2cc(OC)c(OC)c(OC)c2)cc1,0.21667191634575525,0.0939250700721877,0.0,0.0,0.0,0.0939250700721877,single,ok,single_mode
single_target_b1_a6000,2026-02-20T18:21:11,22,9,COc1ccc(-c2ncoc2C2=CN3CCC2CC3)cc1OC,COc1ccc(-c2ncoc2C2=CN3CCC2CC3)cc1OC,0.25003211696942645,0.11922990126780794,0.0,0.0,0.0,0.11922990126780794,single,ok,single_mode
single_target_b1_a6000,2026-02-20T18:21:11,22,10,CCOCCCNC(=O)N1CCC(C(=O)N=c2[nH]c(C)cs2)CC1,CCOCCCNC(=O)N1CCC(C(=O)N=c2[nH]c(C)cs2)CC1,0.11824302126963933,0.04504269435863053,0.0,0.0,0.0,0.04504269435863053,single,ok,single_mode
single_target_b1_a6000,2026-02-20T18:21:11,22,11,O=C(NNc1ccc(F)cc1)c1nc(-c2ccccc2)c2ccccc2n1,O=C(NNc1ccc(F)cc1)c1nc(-c2ccccc2)c2ccccc2n1,0.29507631063461304,0.16254814850457255,0.0,0.0,0.0,0.16254814850457255,single,ok,single_mode
single_target_b1_a6000,2026-02-20T18:21:11,22,12,COc1ccc2nc3nc[nH]c(=NC(C(=O)NC4CCC5(C)C(CCC6C7CC(O)CCC7(C)CCC65)C4)C(C)C)c3cc2c1,COc1ccc2nc3nc[nH]c(=NC(C(=O)NC4CCC5(C)C(CCC6C7CC(O)CCC7(C)CCC65)C4)C(C)C)c3cc2c1,0.25415218869845074,0.12273489913139796,0.0,0.0,0.0,0.12273489913139796,single,ok,single_mode
single_target_b1_a6000,2026-02-20T18:21:11,22,13,Cc1ccc(-c2ccc(CCC(=O)O)n2-c2cc3ccccc3s2)cc1,Cc1ccc(-c2ccc(CCC(=O)O)n2-c2cc3ccccc3s2)cc1,0.19779759148756662,0.08183896887661618,0.0,0.0,0.0,0.08183896887661618,single,ok,single_mode
single_target_b1_a6000,2026-02-20T18:21:11,22,14,CC(C)n1ncn(-c2ccc(N3CCN(c4ccc(OCC5COC(Cn6ccnc6)(c6ccc(Cl)cc6)O5)cc4)CC3)cc2)c1=O,CC(C)n1ncn(-c2ccc(N3CCN(c4ccc(OCC5COC(Cn6ccnc6)(c6ccc(Cl)cc6)O5)cc4)CC3)cc2)c1=O,0.2053228666385015,0.08647802729463112,0.0,0.0,0.0,0.08647802729463112,single,ok,single_mode
single_target_b1_a6000,2026-02-20T18:21:11,22,15,CCCCN(C(=O)c1ccccc1-c1ccccc1Cl)c1c(N)n(CCCC)c(=O)[nH]c1=O,CCCCN(C(=O)c1ccccc1-c1ccccc1Cl)c1c(N)n(CCCC)c(=O)[nH]c1=O,0.1303468644618988,0.049396142675140246,0.0,0.0,0.0,0.049396142675140246,single,ok,single_mode
single_target_b1_a6000,2026-02-20T18:27:30,23,0,O=C(COc1ccccc1C(=O)OCC(=O)N1CCOCC1)Nc1ccccc1Cl,O=C(COc1ccccc1C(=O)OCC(=O)N1CCOCC1)Nc1ccccc1Cl,0.230628435810407,0.10386747389938628,0.0,0.0,0.0,0.10386747389938628,single,ok,single_mode
single_target_b1_a6000,2026-02-20T18:27:30,23,1,CCc1ccc2c(=O)cc3n(CCO)c4ccccc4nc-3c2c1,CCc1ccc2c(=O)cc3n(CCO)c4ccccc4nc-3c2c1,0.5045544505119324,0.5091078934450327,0.0,0.0,0.0,0.5091078934450327,single,ok,single_mode
single_target_b1_a6000,2026-02-20T18:27:30,23,2,CC(C)C(NC(=O)C(F)CC(O)C(CO)NC(=O)C(Cc1ccccc1)NC(=O)OCc1cccnc1)C(=O)NCc1ccncc1,CC(C)C(NC(=O)C(F)CC(O)C(CO)NC(=O)C(Cc1ccccc1)NC(=O)OCc1cccnc1)C(=O)NCc1ccncc1,0.07708405703306198,0.032820602847824835,0.0,0.0,0.0,0.032820602847824835,single,ok,single_mode
single_target_b1_a6000,2026-02-20T18:27:30,23,3,CC(CN1CCN(c2ccccc2)CC1)N(CC(N)=O)C(=O)COCCOCC(=O)N1CCCc2ccccc2C1,CC(CN1CCN(c2ccccc2)CC1)N(CC(N)=O)C(=O)COCCOCC(=O)N1CCCc2ccccc2C1,0.2875534842411677,0.15452115614006134,0.0,0.0,0.0,0.15452115614006134,single,ok,single_mode
single_target_b1_a6000,2026-02-20T18:27:30,23,4,O=C(NC1CC1)c1cncc(-c2cc(N3CCNCC3)ccn2)c1,O=C(NC1CC1)c1cncc(-c2cc(N3CCNCC3)ccn2)c1,0.21150321265061697,0.09046468285089422,0.0,0.0,0.0,0.09046468285089422,single,ok,single_mode
single_target_b1_a6000,2026-02-20T18:27:30,23,5,CC1C(c2ccccc2)=CN2c3ccccc3N(c3ccccc3)C(C)C12,CC1C(c2ccccc2)=CN2c3ccccc3N(c3ccccc3)C(C)C12,0.3684796094894409,0.25880993800982244,0.0,0.0,0.0,0.25880993800982244,single,ok,single_mode
single_target_b1_a6000,2026-02-20T18:27:30,23,6,COc1cccc(N2CCN(S(=O)(=O)c3ccc4c(c3)CC(C)N4C(=O)N(C)C)CC2)c1,COc1cccc(N2CCN(S(=O)(=O)c3ccc4c(c3)CC(C)N4C(=O)N(C)C)CC2)c1,0.2034934014081955,0.08532878737958635,0.0,0.0,0.0,0.08532878737958635,single,ok,single_mode
single_target_b1_a6000,2026-02-20T18:27:30,23,7,COc1cc(CCC(=O)OCC(=O)c2ccc3c(c2)CCCC3)cc(OC)c1OC,COc1cc(CCC(=O)OCC(=O)c2ccc3c(c2)CCCC3)cc(OC)c1OC,0.19260942935943604,0.0787738427655822,0.0,0.0,0.0,0.0787738427655822,single,ok,single_mode
single_target_b1_a6000,2026-02-20T18:27:30,23,8,O=c1c2oc3ccccc3c2ccn1Cc1cccc2ccccc12,O=c1c2oc3ccccc3c2ccn1Cc1cccc2ccccc12,0.3344021787246068,0.21002369889094544,0.0,0.0,0.0,0.21002369889094544,single,ok,single_mode
single_target_b1_a6000,2026-02-20T18:27:30,23,9,O=C1COc2ccc(-c3ccc(Sc4ccccc4)cc3)cc2N1,O=C1COc2ccc(-c3ccc(Sc4ccccc4)cc3)cc2N1,0.29937970141569775,0.16728919486297014,0.0,0.0,0.0,0.16728919486297014,single,ok,single_mode
single_target_b1_a6000,2026-02-20T18:27:30,23,10,COc1ccc2nc3c(C#N)c4cc(O)c(C(F)(F)F)cc4cc3cc2c1,COc1ccc2nc3c(C#N)c4cc(O)c(C(F)(F)F)cc4cc3cc2c1,0.42628371715545654,0.3566967469476111,0.0,0.0,0.0,0.3566967469476111,single,ok,single_mode
single_target_b1_a6000,2026-02-20T18:27:30,23,11,CCCNC(=O)C(Sc1nc(-c2ccc(Cl)cc2)n[nH]1)C(C)C,CCCNC(=O)C(Sc1nc(-c2ccc(Cl)cc2)n[nH]1)C(C)C,0.3363167345523834,0.2125761946787476,0.0,0.0,0.0,0.2125761946787476,single,ok,single_mode
single_target_b1_a6000,2026-02-20T18:27:30,23,12,COC(=O)CN=c1[nH]c(=Nc2ccc(Cl)cc2)c2ncn(C(C)C)c2[nH]1,COC(=O)CN=c1[nH]c(=Nc2ccc(Cl)cc2)c2ncn(C(C)C)c2[nH]1,0.22003287076950073,0.09623841117912625,0.0,0.0,0.0,0.09623841117912625,single,ok,single_mode
single_target_b1_a6000,2026-02-20T18:27:30,23,13,CN(C)c1ccccc1N=C1C(=O)c2ccccc2C(=O)C1N1CCCCC1,CN(C)c1ccccc1N=C1C(=O)c2ccccc2C(=O)C1N1CCCCC1,0.16443149745464325,0.06389132272576918,0.0,0.0,0.0,0.06389132272576918,single,ok,single_mode
single_target_b1_a6000,2026-02-20T18:27:30,23,14,Cc1nc2ccc(C(=O)N(C)C3CCOCC3)cc2n2c(-c3ccsc3)nnc12,Cc1nc2ccc(C(=O)N(C)C3CCOCC3)cc2n2c(-c3ccsc3)nnc12,0.14387736096978188,0.054734008722076045,0.0,0.0,0.0,0.054734008722076045,single,ok,single_mode
single_target_b1_a6000,2026-02-20T18:33:46,24,0,OCCN1CCN(c2nc3ccccc3c(=Nc3ccccc3Br)[nH]2)CC1,OCCN1CCN(c2nc3ccccc3c(=Nc3ccccc3Br)[nH]2)CC1,0.4057541787624359,0.3199576200726448,0.0,0.0,0.0,0.3199576200726448,single,ok,single_mode
single_target_b1_a6000,2026-02-20T18:33:46,24,1,CCCCNC(=S)Nc1ccc2c(c1)CCO2,CCCCNC(=S)Nc1ccc2c(c1)CCO2,0.16462009648482004,0.06398162181472809,0.0,0.0,0.0,0.06398162181472809,single,ok,single_mode
single_target_b1_a6000,2026-02-20T18:33:46,24,2,N#CC1CCCN1C(=O)C(N)Cc1ccc(Cl)cc1,N#CC1CCCN1C(=O)C(N)Cc1ccc(Cl)cc1,0.11244893819093704,0.043090408089118785,0.0,0.0,0.0,0.043090408089118785,single,ok,single_mode
single_target_b1_a6000,2026-02-20T18:33:46,24,3,CC1(C)C2CCC1(CS(=O)(=O)N1CCC3(CC1)CC3)C(NC(=O)CCN=C(N)N)C2,CC1(C)C2CCC1(CS(=O)(=O)N1CCC3(CC1)CC3)C(NC(=O)CCN=C(N)N)C2,0.17662150909503302,0.06997796144628941,0.0,0.0,0.0,0.06997796144628941,single,ok,single_mode
single_target_b1_a6000,2026-02-20T18:33:46,24,4,Cn1c(=O)oc2cc(C=O)ccc2c1=O,Cn1c(=O)oc2cc(C=O)ccc2c1=O,0.29453874627749127,0.16196358478252534,0.0,0.0,0.0,0.16196358478252534,single,ok,single_mode
single_target_b1_a6000,2026-02-20T18:33:46,24,5,C[N+](C)(CCO)CCC1Cc2cc3c(cc2C1=O)OCO3,C[N+](C)(CCO)CCC1Cc2cc3c(cc2C1=O)OCO3,0.17139582335948944,0.06730564681914827,0.0,0.0,0.0,0.06730564681914827,single,ok,single_mode
single_target_b1_a6000,2026-02-20T18:33:46,24,6,COc1ccc(-c2nccc(-c3ccccc3Br)n2)cc1,COc1ccc(-c2nccc(-c3ccccc3Br)n2)cc1,0.2850378404061,0.1519101604317326,0.0,0.0,0.0,0.1519101604317326,single,ok,single_mode
single_target_b1_a6000,2026-02-20T18:33:46,24,7,O=S(=O)(c1ccc(Br)cc1)N1CCSCC1,O=S(=O)(c1ccc(Br)cc1)N1CCSCC1,0.12349282825986545,0.046884124108345984,0.0,0.0,0.0,0.046884124108345984,single,ok,single_mode
single_target_b1_a6000,2026-02-20T18:33:46,24,8,N#Cc1ccc(NNS(=O)(=O)c2cc(C(=O)N3CCCCC3)c3ccccc3c2)cc1,N#Cc1ccc(NNS(=O)(=O)c2cc(C(=O)N3CCCCC3)c3ccccc3c2)cc1,0.16113091011842093,0.062330146396958455,0.0,0.0,0.0,0.062330146396958455,single,ok,single_mode
single_target_b1_a6000,2026-02-20T18:33:46,24,9,O=C1CC2(CCN(Cc3ccc4c(c3)OCCO4)CC2)Oc2cc(N3CCN(c4cnccn4)CC3)ccc21,O=C1CC2(CCN(Cc3ccc4c(c3)OCCO4)CC2)Oc2cc(N3CCN(c4cnccn4)CC3)ccc21,0.2521509528160095,0.12102148346268883,0.0,0.0,0.0,0.12102148346268883,single,ok,single_mode
single_target_b1_a6000,2026-02-20T18:33:46,24,10,Cc1ccc(-c2cc(=O)oc3ccccc23)cc1,Cc1ccc(-c2cc(=O)oc3ccccc23)cc1,0.2179516702890396,0.09479998857063453,0.0,0.0,0.0,0.09479998857063453,single,ok,single_mode
single_target_b1_a6000,2026-02-20T18:33:46,24,11,CCCc1c(OC(CCC)Cc2ccc(OCCCCCOc3cccc(OC(=O)C(C)C)c3)cc2OC)ccc(C(C)=O)c1O,CCCc1c(OC(CCC)Cc2ccc(OCCCCCOc3cccc(OC(=O)C(C)C)c3)cc2OC)ccc(C(C)=O)c1O,0.34219122926394147,0.22054896001507376,0.0,0.0,0.0,0.22054896001507376,single,ok,single_mode
single_target_b1_a6000,2026-02-20T18:33:46,24,12,CC(C)(Cc1c[nH]c2ccccc12)NCC(O)COc1ccc2ccccc2c1,CC(C)(Cc1c[nH]c2ccccc12)NCC(O)COc1ccc2ccccc2c1,0.18659867097934088,0.07535423133302818,0.0,0.0,0.0,0.07535423133302818,single,ok,single_mode
single_target_b1_a6000,2026-02-20T18:33:46,24,13,COc1ccc2c(c1)Cc1c(C)nc(=N)[nH]c1-2,COc1ccc2c(c1)Cc1c(C)nc(=N)[nH]c1-2,0.488755335410436,0.47752582446001623,0.0,0.0,0.0,0.47752582446001623,single,ok,single_mode
single_target_b1_a6000,2026-02-20T18:33:46,24,14,CN(C(=O)C=Cc1cccnc1)C1CN(C(=O)CCN2CCC(N3CCCCC3)CC2)CC1c1ccccc1,CN(C(=O)C=Cc1cccnc1)C1CN(C(=O)CCN2CCC(N3CCCCC3)CC2)CC1c1ccccc1,0.23316238820552826,0.10576954534962577,0.0,0.0,0.0,0.10576954534962577,single,ok,single_mode
single_target_b1_a6000,2026-02-20T18:39:32,25,0,Cc1cc(SCC(=O)NCCNC(=O)C(C#N)=Cc2cccnc2)nc2c(C)cccc12,Cc1cc(SCC(=O)NCCNC(=O)C(C#N)=Cc2cccnc2)nc2c(C)cccc12,0.19562155505021414,0.08054037220554895,0.0,0.0,0.0,0.08054037220554895,single,ok,single_mode
single_target_b1_a6000,2026-02-20T18:39:32,25,1,O=C(CCCN1CCC(O)(C#CC(O)(c2ccc(F)cc2)c2ccc(F)cc2)CC1)c1ccc(F)cc1,O=C(CCCN1CCC(O)(C#CC(O)(c2ccc(F)cc2)c2ccc(F)cc2)CC1)c1ccc(F)cc1,0.17200487852096558,0.06761216284328217,0.0,0.0,0.0,0.06761216284328217,single,ok,single_mode
single_target_b1_a6000,2026-02-20T18:39:32,25,2,CC12C3=CC(O)CC1C(=O)CC2CC3c1ccccn1,CC12C3=CC(O)CC1C(=O)CC2CC3c1ccccn1,0.20390772819519043,0.0855878415112031,0.0,0.0,0.0,0.0855878415112031,single,ok,single_mode
single_target_b1_a6000,2026-02-20T18:39:32,25,3,CCNCCC(=O)OC1CC2(C)C(CCC3C4(C)C(O)CCC4CCC32C)C(C)(C)C1O,CCNCCC(=O)OC1CC2(C)C(CCC3C4(C)C(O)CCC4CCC32C)C(C)(C)C1O,0.24355614185333252,0.11389576875589492,0.0,0.0,0.0,0.11389576875589492,single,ok,single_mode
single_target_b1_a6000,2026-02-20T18:39:32,25,4,CC(C)CCNC(=O)CN1C(=O)CCc2cc(S(=O)(=O)N3CCCCCC3)ccc21,CC(C)CCNC(=O)CN1C(=O)CCc2cc(S(=O)(=O)N3CCCCCC3)ccc21,0.07243394975860913,0.03166002479872634,0.0,0.0,0.0,0.03166002479872634,single,ok,single_mode
single_target_b1_a6000,2026-02-20T18:39:32,25,5,O=C(Nc1ccc(OC2CCN(c3cnccn3)CC2)cc1)N1Cc2ccccc2C1,O=C(Nc1ccc(OC2CCN(c3cnccn3)CC2)cc1)N1Cc2ccccc2C1,0.33751290043195087,0.21418238644239096,0.0,0.0,0.0,0.21418238644239096,single,ok,single_mode
single_target_b1_a6000,2026-02-20T18:39:32,25,6,COc1ccccc1NC(=O)N1CCN(c2cccc(C(F)(F)F)c2)CC1,COc1ccccc1NC(=O)N1CCN(c2cccc(C(F)(F)F)c2)CC1,0.12373001749316852,0.04696898935984339,0.0,0.0,0.0,0.04696898935984339,single,ok,single_mode
single_target_b1_a6000,2026-02-20T18:39:32,25,7,COc1ccc2c(=O)n(Cc3ccc(OC)c(COc4cc5c(cc4OC)C(=O)N4CCCC4C=N5)c3)ncc2c1,COc1ccc2c(=O)n(Cc3ccc(OC)c(COc4cc5c(cc4OC)C(=O)N4CCCC4C=N5)c3)ncc2c1,0.2654414226611455,0.13279502210038852,0.0,0.0,0.0,0.13279502210038852,single,ok,single_mode
single_target_b1_a6000,2026-02-20T18:39:32,25,8,Oc1ccc(-c2nc(Cc3c[nH]c(-c4ccc5c(c4)CCO5)n3)c(-c3ccsc3)o2)c(O)c1,Oc1ccc(-c2nc(Cc3c[nH]c(-c4ccc5c(c4)CCO5)n3)c(-c3ccsc3)o2)c(O)c1,0.32575219372908276,0.19877274237709955,0.0,0.0,0.0,0.19877274237709955,single,ok,single_mode
single_target_b1_a6000,2026-02-20T18:39:32,25,9,CCOC(=O)Cc1csc(=NC(=O)CSc2nc3ccccc3c(=O)n2CC(C)C)[nH]1,CCOC(=O)Cc1csc(=NC(=O)CSc2nc3ccccc3c(=O)n2CC(C)C)[nH]1,0.18225178122520447,0.07296673817491293,0.0,0.0,0.0,0.07296673817491293,single,ok,single_mode
single_target_b1_a6000,2026-02-20T18:39:32,25,10,Cc1ccc(-c2cc(C)nc3c(-c4ccccc4)c(C)nn23)cc1,Cc1ccc(-c2cc(C)nc3c(-c4ccccc4)c(C)nn23)cc1,0.3255803684393565,0.1985539109168204,0.0,0.0,0.0,0.1985539109168204,single,ok,single_mode
single_target_b1_a6000,2026-02-20T18:39:32,25,11,CCCCOc1ccc(N2CCOCC2)c(OCC(C)C)c1,CCCCOc1ccc(N2CCOCC2)c(OCC(C)C)c1,0.21636435389518738,0.09371588291640562,0.0,0.0,0.0,0.09371588291640562,single,ok,single_mode
single_target_b1_a6000,2026-02-20T18:39:32,25,12,COc1ccc(CCc2ccc(N=c3cc[nH]c4cc5c(cc34)OCO5)cc2)cc1OC,COc1ccc(CCc2ccc(N=c3cc[nH]c4cc5c(cc34)OCO5)cc2)cc1OC,0.37411606311798096,0.2675533548433818,0.0,0.0,0.0,0.2675533548433818,single,ok,single_mode
single_target_b1_a6000,2026-02-20T18:39:32,25,13,Cc1cc(C)c2c(=O)oc3ccc(Cl)cc3c2n1,Cc1cc(C)c2c(=O)oc3ccc(Cl)cc3c2n1,0.4688749810059865,0.4380696110758991,0.0,0.0,0.0,0.4380696110758991,single,ok,single_mode
single_target_b1_a6000,2026-02-20T18:39:32,25,14,C#CCN(Cc1ccccc1)c1ccc2c(c1)C1CC3C(C(=O)NC4CCCC4)=C(C)C(CNC(=O)c4ccccc4)N3C(=O)C1=N2,C#CCN(Cc1ccccc1)c1ccc2c(c1)C1CC3C(C(=O)NC4CCCC4)=C(C)C(CNC(=O)c4ccccc4)N3C(=O)C1=N2,0.23700615266958872,0.10871341904586293,0.0,0.0,0.0,0.10871341904586293,single,ok,single_mode
single_target_b1_a6000,2026-02-20T18:39:32,25,15,CN(CC(=O)Nc1ccc(F)c(F)c1F)C(=O)c1cn(C)nc1-c1cnn(-c2ccccc2)c1,CN(CC(=O)Nc1ccc(F)c(F)c1F)C(=O)c1cn(C)nc1-c1cnn(-c2ccccc2)c1,0.230200265844663,0.10354907710967376,0.0,0.0,0.0,0.10354907710967376,single,ok,single_mode
single_target_b1_a6000,2026-02-20T18:46:00,26,0,Cc1cccc(C=C2CC(O)C(OCCCCCCNC(=O)NCC3CCCCC3)=N2)n1,Cc1cccc(C=C2CC(O)C(OCCCCCCNC(=O)NCC3CCCCC3)=N2)n1,0.23165751993656158,0.1046362659146503,0.0,0.0,0.0,0.1046362659146503,single,ok,single_mode
single_target_b1_a6000,2026-02-20T18:46:00,26,1,O=C(NC1CCCCCCC1)NC1CCCCC1,O=C(NC1CCCCCCC1)NC1CCCCC1,0.13513833284378052,0.0512274615725907,0.0,0.0,0.0,0.0512274615725907,single,ok,single_mode
single_target_b1_a6000,2026-02-20T18:46:00,26,2,Cc1ccc(C)n2nc(CCc3nc(N4CCCC4)nn3C)nc12,Cc1ccc(C)n2nc(CCc3nc(N4CCCC4)nn3C)nc12,0.20470384260018668,0.08608760650912366,0.0,0.0,0.0,0.08608760650912366,single,ok,single_mode
single_target_b1_a6000,2026-02-20T18:46:00,26,3,CN(C)C1CN(Cc2csc3c2nc2c(N4CCOCC4)nc(-c4cnc(=N)[nH]c4)cn23)CC1O,CN(C)C1CN(Cc2csc3c2nc2c(N4CCOCC4)nc(-c4cnc(=N)[nH]c4)cn23)CC1O,0.28082218766212463,0.14761604069696102,0.0,0.0,0.0,0.14761604069696102,single,ok,single_mode
single_target_b1_a6000,2026-02-20T18:46:00,26,4,CC[n+]1c(C)c(C(=O)c2ccc(Cl)cc2Cl)cc(C)c1O,CC[n+]1c(C)c(C(=O)c2ccc(Cl)cc2Cl)cc(C)c1O,0.19801744570334753,0.08197122725957223,0.0,0.0,0.0,0.08197122725957223,single,ok,single_mode
single_target_b1_a6000,2026-02-20T18:46:00,26,5,COCc1nc2c(C(=O)Nc3ccccc3)cc(NC(=O)c3cccc(F)c3F)cc2[nH]1,COCc1nc2c(C(=O)Nc3ccccc3)cc(NC(=O)c3cccc(F)c3F)cc2[nH]1,0.2691291819016139,0.13622945295803687,0.0,0.0,0.0,0.13622945295803687,single,ok,single_mode
single_target_b1_a6000,2026-02-20T18:46:00,26,6,O=C(c1ccc2c(O)c3cccnc3c(O)c2n1)N1CCCC(O)C1,O=C(c1ccc2c(O)c3cccnc3c(O)c2n1)N1CCCC(O)C1,0.44358818729718524,0.3890530308090407,0.0,0.0,0.0,0.3890530308090407,single,ok,single_mode
single_target_b1_a6000,2026-02-20T18:46:00,26,7,O=C(CSc1nc(-c2ccccc2)cc(=O)[nH]1)N1CCOCC1,O=C(CSc1nc(-c2ccccc2)cc(=O)[nH]1)N1CCOCC1,0.18238418797651926,0.07303842128133951,0.0,0.0,0.0,0.07303842128133951,single,ok,single_mode
single_target_b1_a6000,2026-02-20T18:46:00,26,8,COc1ccc(Cl)cc1-c1ccccc1CNS(C)(=O)=O,COc1ccc(Cl)cc1-c1ccccc1CNS(C)(=O)=O,0.15596028665701547,0.0599558881830969,0.0,0.0,0.0,0.0599558881830969,single,ok,single_mode
single_target_b1_a6000,2026-02-20T18:46:00,26,9,Cc1cccc(-c2nccc3cc(-c4ncnn5c(=N)[nH]c(=NCCN(C)C)cc45)ccc23)n1,Cc1cccc(-c2nccc3cc(-c4ncnn5c(=N)[nH]c(=NCCN(C)C)cc45)ccc23)n1,0.14733965694904327,0.05618487329424153,0.0,0.0,0.0,0.05618487329424153,single,ok,single_mode
single_target_b1_a6000,2026-02-20T18:46:00,26,10,Clc1ccccc1-c1noc2c1CC(N1CCOCC1)CC2,Clc1ccccc1-c1noc2c1CC(N1CCOCC1)CC2,0.18795106063286462,0.07611153572362565,0.0,0.0,0.0,0.07611153572362565,single,ok,single_mode
single_target_b1_a6000,2026-02-20T18:46:00,26,11,CCN(CC)C(=S)SCc1cc2ccccc2o1,CCN(CC)C(=S)SCc1cc2ccccc2o1,0.13508270805080733,0.05120583754393379,0.0,0.0,0.0,0.05120583754393379,single,ok,single_mode
single_target_b1_a6000,2026-02-20T18:46:00,26,12,CC(C)CCNS(=O)(=O)c1ccc(CNC(=O)CN)s1,CC(C)CCNS(=O)(=O)c1ccc(CNC(=O)CN)s1,0.042550415421525635,0.025096828367478455,0.0,0.0,0.0,0.025096828367478455,single,ok,single_mode
single_target_b1_a6000,2026-02-20T18:46:00,26,13,O=c1[nH]oc(C2CCNCC2)c1Cc1cccc(Cl)c1,O=c1[nH]oc(C2CCNCC2)c1Cc1cccc(Cl)c1,0.16962638000647226,0.06642244828142642,0.0,0.0,0.0,0.06642244828142642,single,ok,single_mode
single_target_b1_a6000,2026-02-20T18:46:00,26,14,COc1cccc(Cc2c(C)cc(=N)[nH]c2C)c1,COc1cccc(Cc2c(C)cc(=N)[nH]c2C)c1,0.18744292855262756,0.07582617885430532,0.0,0.0,0.0,0.07582617885430532,single,ok,single_mode
single_target_b1_a6000,2026-02-20T18:46:00,26,15,Cc1c(C(=O)N=c2[nH]c3ccccc3s2)sc2nc3ccccn3c(=O)c12,Cc1c(C(=O)N=c2[nH]c3ccccc3s2)sc2nc3ccccn3c(=O)c12,0.40409472584724426,0.3170759769578424,0.0,0.0,0.0,0.3170759769578424,single,ok,single_mode
single_target_b1_a6000,2026-02-20T18:52:36,27,0,CC(=O)Oc1cc(NC(O)c2cc(O)n(-c3ccc(C)c(C)c3)c2)ccc1C#N,CC(=O)Oc1cc(NC(O)c2cc(O)n(-c3ccc(C)c(C)c3)c2)ccc1C#N,0.24062340954939523,0.11154927919060569,0.0,0.0,0.0,0.11154927919060569,single,ok,single_mode
single_target_b1_a6000,2026-02-20T18:52:36,27,1,CCCOC(=O)C(CCC(=O)O)NC(O)C(N)CC(=O)O,CCCOC(=O)C(CCC(=O)O)NC(O)C(N)CC(=O)O,0.1572857747475306,0.06055633292274345,0.0,0.0,0.0,0.06055633292274345,single,ok,single_mode
single_target_b1_a6000,2026-02-20T18:52:36,27,2,CN(C(=O)NCCNC12CC3CC(CC(C3)C1)C2)c1cccc(Cl)c1,CN(C(=O)NCCNC12CC3CC(CC(C3)C1)C2)c1cccc(Cl)c1,0.2647733787695567,0.13218077084242055,0.0,0.0,0.0,0.13218077084242055,single,ok,single_mode
single_target_b1_a6000,2026-02-20T18:52:36,27,3,CCC(=O)N(c1ccc(F)cc1)C1CCCCC1N1CCCC1,CCC(=O)N(c1ccc(F)cc1)C1CCCCC1N1CCCC1,0.06736540856460731,0.030440238937374745,0.0,0.0,0.0,0.030440238937374745,single,ok,single_mode
single_target_b1_a6000,2026-02-20T18:52:36,27,4,O=C(NCCCCc1ccccc1)c1cccc2nc(C(F)(F)F)c(-c3ccccc3)nc12,O=C(NCCCCc1ccccc1)c1cccc2nc(C(F)(F)F)c(-c3ccccc3)nc12,0.33103260894616443,0.20558619102469675,0.0,0.0,0.0,0.20558619102469675,single,ok,single_mode
single_target_b1_a6000,2026-02-20T18:52:36,27,5,CCC(=O)NC(CO)C(O)c1ccccc1,CCC(=O)NC(CO)C(O)c1ccccc1,0.04393084750821193,0.02536845015438391,0.0,0.0,0.0,0.02536845015438391,single,ok,single_mode
single_target_b1_a6000,2026-02-20T18:52:36,27,6,COc1cccc(OC)c1C(=O)NC(CCSC)C(=O)Nc1ccc(C)cc1,COc1cccc(OC)c1C(=O)NC(CCSC)C(=O)Nc1ccc(C)cc1,0.18124814331531525,0.07242548749802478,0.0,0.0,0.0,0.07242548749802478,single,ok,single_mode
single_target_b1_a6000,2026-02-20T18:52:36,27,7,O=C(CN1C(=O)c2ccccc2C1=O)Nc1ccc(F)cc1,O=C(CN1C(=O)c2ccccc2C1=O)Nc1ccc(F)cc1,0.2829703390598297,0.14979149985365095,0.0,0.0,0.0,0.14979149985365095,single,ok,single_mode
single_target_b1_a6000,2026-02-20T18:52:36,27,8,COc1cccc(C(=O)C2CCCN(C(=O)c3cccc(C)n3)C2)c1,COc1cccc(C(=O)C2CCCN(C(=O)c3cccc(C)n3)C2)c1,0.25026342769463855,0.11942436539369763,0.0,0.0,0.0,0.11942436539369763,single,ok,single_mode
single_target_b1_a6000,2026-02-20T18:52:36,27,9,Cc1sc2ncn(CC(=O)Nc3ccc4c(c3)OCO4)c(=O)c2c1S(=O)(=O)N(C)C,Cc1sc2ncn(CC(=O)Nc3ccc4c(c3)OCO4)c(=O)c2c1S(=O)(=O)N(C)C,0.2361422429482142,0.10804556082942399,0.0,0.0,0.0,0.10804556082942399,single,ok,single_mode
single_target_b1_a6000,2026-02-20T18:52:36,27,10,Cc1ccc(NC(=O)COC(=O)c2ccccn2)cc1S(=O)(=O)N1CCCCC1,Cc1ccc(NC(=O)COC(=O)c2ccccn2)cc1S(=O)(=O)N1CCCCC1,0.14265811691681543,0.05423154305392888,0.0,0.0,0.0,0.05423154305392888,single,ok,single_mode
single_target_b1_a6000,2026-02-20T18:52:36,27,11,CCc1cc(N=c2[nH]n(C3CCC(N4CC5(CCC5)C4)CC3C#N)cc2C(N)=O)ccc1OC,CCc1cc(N=c2[nH]n(C3CCC(N4CC5(CCC5)C4)CC3C#N)cc2C(N)=O)ccc1OC,0.0835232064127922,0.0344957508986681,0.0,0.0,0.0,0.0344957508986681,single,ok,single_mode
single_target_b1_a6000,2026-02-20T18:52:36,27,12,FC(F)(F)c1cccc(-c2c[nH]c(=Nc3ccc4c(C(F)(F)F)n[nH]c4c3)o2)c1,FC(F)(F)c1cccc(-c2c[nH]c(=Nc3ccc4c(C(F)(F)F)n[nH]c4c3)o2)c1,0.37524015704790753,0.26931933094818106,0.0,0.0,0.0,0.26931933094818106,single,ok,single_mode
single_target_b1_a6000,2026-02-20T18:52:36,27,13,CC1OC(Nc2ccc(C(F)(F)F)cc2)C(O)C(O)C1O,CC1OC(Nc2ccc(C(F)(F)F)cc2)C(O)C(O)C1O,0.1195865273475647,0.04550727660019678,0.0,0.0,0.0,0.04550727660019678,single,ok,single_mode
single_target_b1_a6000,2026-02-20T18:52:36,27,14,COc1ccc(S(=O)(=O)C(CCCCC(=O)Nc2ccc(OC)c(Oc3ccccc3)c2)CC(O)=NO)cc1,COc1ccc(S(=O)(=O)C(CCCCC(=O)Nc2ccc(OC)c(Oc3ccccc3)c2)CC(O)=NO)cc1,0.19799207150936127,0.08195595289612866,0.0,0.0,0.0,0.08195595289612866,single,ok,single_mode
single_target_b1_a6000,2026-02-20T18:52:36,27,15,CCOc1cc(CNCCc2c[nH]c3ccccc23)cc(Br)c1OCC,CCOc1cc(CNCCc2c[nH]c3ccccc23)cc(Br)c1OCC,0.2192524497707685,0.09569675157989925,0.0,0.0,0.0,0.09569675157989925,single,ok,single_mode
single_target_b1_a6000,2026-02-20T18:59:09,28,0,NCCC(c1ccc(Cl)cc1)c1cc(F)ccc1Cl,NCCC(c1ccc(Cl)cc1)c1cc(F)ccc1Cl,0.20637510468562445,0.08714535721590408,0.0,0.0,0.0,0.08714535721590408,single,ok,single_mode
single_target_b1_a6000,2026-02-20T18:59:09,28,1,CC(CC[N+](C)(C)C)OC(=O)c1ccccc1,CC(CC[N+](C)(C)C)OC(=O)c1ccccc1,0.19744393477837244,0.08162662629097563,0.0,0.0,0.0,0.08162662629097563,single,ok,single_mode
single_target_b1_a6000,2026-02-20T18:59:09,28,2,CC(=O)N1N=C(c2ccnc3ccccc23)CC1c1ccc(Cl)cc1,CC(=O)N1N=C(c2ccnc3ccccc23)CC1c1ccc(Cl)cc1,0.32155415912469226,0.1934780994998389,0.0,0.0,0.0,0.1934780994998389,single,ok,single_mode
single_target_b1_a6000,2026-02-20T18:59:09,28,3,CNC(=O)C(C)(Cc1ccccc1)OC(=O)NC(CSCc1ccc(OC)cc1)C(O)=NO,CNC(=O)C(C)(Cc1ccccc1)OC(=O)NC(CSCc1ccc(OC)cc1)C(O)=NO,0.23544455071290335,0.10750883403197457,0.0,0.0,0.0,0.10750883403197457,single,ok,single_mode
single_target_b1_a6000,2026-02-20T18:59:09,28,4,CCN(CC(=O)Nc1cccc(S(=O)(=O)N(C)C)c1)CC(=O)NC1CCCC1,CCN(CC(=O)Nc1cccc(S(=O)(=O)N(C)C)c1)CC(=O)NC1CCCC1,0.25053682178258896,0.11965456267303899,0.0,0.0,0.0,0.11965456267303899,single,ok,single_mode
single_target_b1_a6000,2026-02-20T18:59:09,28,5,S=c1[nH]nc(-c2csc(-c3ccc(Cl)cc3)c2)o1,S=c1[nH]nc(-c2csc(-c3ccc(Cl)cc3)c2)o1,0.403792142868042,0.31655204156491984,0.0,0.0,0.0,0.31655204156491984,single,ok,single_mode
single_target_b1_a6000,2026-02-20T18:59:09,28,6,CCOc1cccc(-c2[nH]ncc2C(=O)NCC2CCN(c3ccncc3)CC2)c1,CCOc1cccc(-c2[nH]ncc2C(=O)NCC2CCN(c3ccncc3)CC2)c1,0.19137168427308401,0.0780582625955177,0.0,0.0,0.0,0.0780582625955177,single,ok,single_mode
single_target_b1_a6000,2026-02-20T18:59:09,28,7,Cc1nc(C(F)(F)F)ccc1C(=O)N1CCCC(C(=O)Nc2ccccc2)CC1,Cc1nc(C(F)(F)F)ccc1C(=O)N1CCCC(C(=O)Nc2ccccc2)CC1,0.1646203820904096,0.06398175864958516,0.0,0.0,0.0,0.06398175864958516,single,ok,single_mode
single_target_b1_a6000,2026-02-20T18:59:09,28,8,N#CC(=Cc1ccc(C(F)(F)F)cc1)c1cc[nH]n1,N#CC(=Cc1ccc(C(F)(F)F)cc1)c1cc[nH]n1,0.40052343408266705,0.3109219717084618,0.0,0.0,0.0,0.3109219717084618,single,ok,single_mode
single_target_b1_a6000,2026-02-20T18:59:09,28,9,Cn1c2c(c(=O)c3cc(Cl)ccc31)C(=O)C(=O)c1ccccc1-2,Cn1c2c(c(=O)c3cc(Cl)ccc31)C(=O)C(=O)c1ccccc1-2,0.5917778611183167,0.6757312715610895,0.0,0.0,0.0,0.6757312715610895,single,ok,single_mode
single_target_b1_a6000,2026-02-20T18:59:09,28,10,CN(C)c1cccc2nc(-c3cccc(-c4ccccc4)c3)cn12,CN(C)c1cccc2nc(-c3cccc(-c4ccccc4)c3)cn12,0.30248333017031354,0.17077659601647596,0.0,0.0,0.0,0.17077659601647596,single,ok,single_mode
single_target_b1_a6000,2026-02-20T18:59:09,28,11,CNC(=O)C1CC2(CC(C(=O)NCc3ccccc3)=NO2)CN1Cc1ccccc1OC,CNC(=O)C1CC2(CC(C(=O)NCc3ccccc3)=NO2)CN1Cc1ccccc1OC,0.20211425671974817,0.0844716042917803,0.0,0.0,0.0,0.0844716042917803,single,ok,single_mode
single_target_b1_a6000,2026-02-20T18:59:09,28,12,COc1cccc(-c2csc(=NCN(c3ccccc3)c3ccccc3)[nH]2)c1,COc1cccc(-c2csc(=NCN(c3ccccc3)c3ccccc3)[nH]2)c1,0.3259972433249156,0.1990851437407129,0.0,0.0,0.0,0.1990851437407129,single,ok,single_mode
single_target_b1_a6000,2026-02-20T18:59:09,28,13,CCC(=C(c1cc2ccccc2o1)n1cccc1)c1cccc(C=CC(=O)OC)c1,CCC(=C(c1cc2ccccc2o1)n1cccc1)c1cccc(C=CC(=O)OC)c1,0.34955887993176776,0.230848029020745,0.0,0.0,0.0,0.230848029020745,single,ok,single_mode
single_target_b1_a6000,2026-02-20T18:59:09,28,14,COc1ccc(NS(=O)(=O)c2ccc3c(c2)n(C)c(=O)c(=O)n3C)c(OC)n1,COc1ccc(NS(=O)(=O)c2ccc3c(c2)n(C)c(=O)c(=O)n3C)c(OC)n1,0.25790611406167346,0.1260052178994506,0.0,0.0,0.0,0.1260052178994506,single,ok,single_mode
single_target_b1_a6000,2026-02-20T18:59:09,28,15,COc1ccccc1CCNC(=O)c1cc(-c2ccc(Cl)c(Cl)c2)nc2ccccc12,COc1ccccc1CCNC(=O)c1cc(-c2ccc(Cl)c(Cl)c2)nc2ccccc12,0.2825635150074959,0.14937748672164286,0.0,0.0,0.0,0.14937748672164286,single,ok,single_mode
single_target_b1_a6000,2026-02-20T19:04:47,29,0,COc1ccccc1CCNC(=O)C(=O)NCC1OCCCN1S(=O)(=O)c1cccs1,COc1ccccc1CCNC(=O)C(=O)NCC1OCCCN1S(=O)(=O)c1cccs1,0.22134266793727875,0.09715364837849545,0.0,0.0,0.0,0.09715364837849545,single,ok,single_mode
single_target_b1_a6000,2026-02-20T19:04:47,29,1,O=C(CN1CCCN(CC=Cc2ccccc2)C1)Nc1cccc(Br)c1,O=C(CN1CCCN(CC=Cc2ccccc2)C1)Nc1cccc(Br)c1,0.2901356716950734,0.15723924373052617,0.0,0.0,0.0,0.15723924373052617,single,ok,single_mode
single_target_b1_a6000,2026-02-20T19:04:47,29,2,CCOc1cc(C2C(C#N)=C(C)N=C(C)C2C(=O)OC)cc(OC)c1OC(C)C,CCOc1cc(C2C(C#N)=C(C)N=C(C)C2C(=O)OC)cc(OC)c1OC(C)C,0.2660126785437266,0.1333221947783047,0.0,0.0,0.0,0.1333221947783047,single,ok,single_mode
single_target_b1_a6000,2026-02-20T19:04:47,29,3,Cc1c(Cc2ccc(F)cc2)[nH]c(=O)n1-c1ccc(OCC2CC2)c(Cl)c1,Cc1c(Cc2ccc(F)cc2)[nH]c(=O)n1-c1ccc(OCC2CC2)c(Cl)c1,0.1401409163760642,0.053207899151381376,0.0,0.0,0.0,0.053207899151381376,single,ok,single_mode
single_target_b1_a6000,2026-02-20T19:04:47,29,4,N=c1ncc(-c2ccc(C3(c4noc(-c5ccnnc5)n4)CCC3)cn2)c[nH]1,N=c1ncc(-c2ccc(C3(c4noc(-c5ccnnc5)n4)CCC3)cn2)c[nH]1,0.13223547985156378,0.0501104492534198,0.0,0.0,0.0,0.0501104492534198,single,ok,single_mode
single_target_b1_a6000,2026-02-20T19:04:47,29,5,COCC1CN(Cc2ccc(OC)cc2)Cc2nnn(C)c21,COCC1CN(Cc2ccc(OC)cc2)Cc2nnn(C)c21,0.1859042098124822,0.07496804536643951,0.0,0.0,0.0,0.07496804536643951,single,ok,single_mode
single_target_b1_a6000,2026-02-20T19:04:47,29,6,CCOC(=O)c1ccc(C(F)(F)F)cc1NC(=O)CCn1cnc([N+](=O)[O-])n1,CCOC(=O)c1ccc(C(F)(F)F)cc1NC(=O)CCn1cnc([N+](=O)[O-])n1,0.29032116134961444,0.1574359851502214,0.0,0.0,0.0,0.1574359851502214,single,ok,single_mode
single_target_b1_a6000,2026-02-20T19:04:47,29,7,COc1nc(C)ccc1C(=O)N1CCCC(C(C)C)C1,COc1nc(C)ccc1C(=O)N1CCCC(C(C)C)C1,0.08333130382622282,0.034444655679755444,0.0,0.0,0.0,0.034444655679755444,single,ok,single_mode
single_target_b1_a6000,2026-02-20T19:04:47,29,8,O=C1OC2(CCCC2)OC1=Cc1ccccc1,O=C1OC2(CCCC2)OC1=Cc1ccccc1,0.19514107207457224,0.08025617874151535,0.0,0.0,0.0,0.08025617874151535,single,ok,single_mode
single_target_b1_a6000,2026-02-20T19:04:47,29,9,O=S(=O)(c1cccc(Cl)c1Cl)N1CCCC1,O=S(=O)(c1cccc(Cl)c1Cl)N1CCCC1,0.1989494264125824,0.0825340457110365,0.0,0.0,0.0,0.0825340457110365,single,ok,single_mode
single_target_b1_a6000,2026-02-20T19:04:47,29,10,N=c1[nH]n(-c2ccc(S(N)(=O)=O)cc2)c(N)c1N=Nc1cccc(Br)c1,N=c1[nH]n(-c2ccc(S(N)(=O)=O)cc2)c(N)c1N=Nc1cccc(Br)c1,0.2791376809279124,0.14592844835625668,0.0,0.0,0.0,0.14592844835625668,single,ok,single_mode
single_target_b1_a6000,2026-02-20T19:04:47,29,11,Cc1cccc2c1c1cc(C(=O)O)ccc1n2CC(=O)Nc1cc(Cl)ccc1O,Cc1cccc2c1c1cc(C(=O)O)ccc1n2CC(=O)Nc1cc(Cl)ccc1O,0.3181759715080261,0.18929582360076788,0.0,0.0,0.0,0.18929582360076788,single,ok,single_mode
single_target_b1_a6000,2026-02-20T19:04:47,29,12,c1ccc(COc2ccc3nc4c5ccccc5c5ccccc5c4cc3c2)cc1,c1ccc(COc2ccc3nc4c5ccccc5c5ccccc5c4cc3c2)cc1,0.26986969138185185,0.1369280482546805,0.0,0.0,0.0,0.1369280482546805,single,ok,single_mode
single_target_b1_a6000,2026-02-20T19:04:47,29,13,COc1ccc(-c2nc3ccccc3s2)cc1O,COc1ccc(-c2nc3ccccc3s2)cc1O,0.4013911386330922,0.31241116243085143,0.0,0.0,0.0,0.31241116243085143,single,ok,single_mode
single_target_b1_a6000,2026-02-20T19:04:47,29,14,CC(C)(NCC(=O)N1N=CCC1C#N)c1ccccc1,CC(C)(NCC(=O)N1N=CCC1C#N)c1ccccc1,0.16577798128128052,0.06453861444982287,0.0,0.0,0.0,0.06453861444982287,single,ok,single_mode
single_target_b1_a6000,2026-02-20T19:04:47,29,15,O=[N+]([O-])c1ccc(O)c(-c2cc(-c3ccccn3)n[nH]2)c1,O=[N+]([O-])c1ccc(O)c(-c2cc(-c3ccccn3)n[nH]2)c1,0.5581812957922617,0.614306355392302,0.0,0.0,0.0,0.614306355392302,single,ok,single_mode
single_target_b1_a6000,2026-02-20T19:11:21,30,0,COc1c(O)cc2c(c1C=O)C1CCC3(C)C4CC(C)C5(CC(C)=COC5=O)OC4CC3C1CC2,COc1c(O)cc2c(c1C=O)C1CCC3(C)C4CC(C)C5(CC(C)=COC5=O)OC4CC3C1CC2,0.24992477397123972,0.11913975049703968,0.0,0.0,0.0,0.11913975049703968,single,ok,single_mode
single_target_b1_a6000,2026-02-20T19:11:21,30,1,CC1(O)C=C2CCNC2(CC2CC3C=CC2C3)OC1=O,CC1(O)C=C2CCNC2(CC2CC3C=CC2C3)OC1=O,0.07650019476811092,0.032672655721068575,0.0,0.0,0.0,0.032672655721068575,single,ok,single_mode
single_target_b1_a6000,2026-02-20T19:11:21,30,2,COc1ccc2c(Oc3ccc(Cl)cc3)ccnc2c1,COc1ccc2c(Oc3ccc(Cl)cc3)ccnc2c1,0.3650943636894226,0.25364890286124986,0.0,0.0,0.0,0.25364890286124986,single,ok,single_mode
single_target_b1_a6000,2026-02-20T19:11:21,30,3,CCCc1nc2nc(-c3ccc(F)cc3)cc(C(F)(F)F)c2c(=O)n1NC(=O)CCc1ccccc1,CCCc1nc2nc(-c3ccc(F)cc3)cc(C(F)(F)F)c2c(=O)n1NC(=O)CCc1ccccc1,0.2939877510070801,0.16136617712198173,0.0,0.0,0.0,0.16136617712198173,single,ok,single_mode
single_target_b1_a6000,2026-02-20T19:11:21,30,4,CCCCCNC(=O)NS(=O)(=O)c1cc([N+](=O)[O-])ccc1Oc1ccc(Cl)cc1,CCCCCNC(=O)NS(=O)(=O)c1cc([N+](=O)[O-])ccc1Oc1ccc(Cl)cc1,0.3489881058533986,0.2300382651743513,0.0,0.0,0.0,0.2300382651743513,single,ok,single_mode
single_target_b1_a6000,2026-02-20T19:11:21,30,5,O=C(CN(c1ccc(Cl)cc1)S(=O)(=O)c1ccc(C(F)(F)F)cc1)Nc1cccnc1,O=C(CN(c1ccc(Cl)cc1)S(=O)(=O)c1ccc(C(F)(F)F)cc1)Nc1cccnc1,0.3565219044685364,0.24088662299746674,0.0,0.0,0.0,0.24088662299746674,single,ok,single_mode
single_target_b1_a6000,2026-02-20T19:11:21,30,6,CSc1ccc(-c2ccc[n+](Cc3cccc(-[n+]4ccccc4)c3)c2)cc1,CSc1ccc(-c2ccc[n+](Cc3cccc(-[n+]4ccccc4)c3)c2)cc1,0.28321105738480884,0.15003691683501594,0.0,0.0,0.0,0.15003691683501594,single,ok,single_mode
single_target_b1_a6000,2026-02-20T19:11:21,30,7,COc1cc(-c2cccc(F)c2)c(Cl)cc1-c1nccc2cc(S(=O)(=O)N=c3cc[nH]cn3)ccc12,COc1cc(-c2cccc(F)c2)c(Cl)cc1-c1nccc2cc(S(=O)(=O)N=c3cc[nH]cn3)ccc12,0.22168316195408502,0.09739284166851843,0.0,0.0,0.0,0.09739284166851843,single,ok,single_mode
single_target_b1_a6000,2026-02-20T19:11:21,30,8,CCc1cc(=O)n2[nH]c(CN3CCOCC3)c(-c3cccc(Br)c3)c2n1,CCc1cc(=O)n2[nH]c(CN3CCOCC3)c(-c3cccc(Br)c3)c2n1,0.18837521721919379,0.07635048787007441,0.0,0.0,0.0,0.07635048787007441,single,ok,single_mode
single_target_b1_a6000,2026-02-20T19:11:21,30,9,CCCc1oc(-c2ccccc2)nc1CCOc1ccc(CC(C(=O)O)n2cccc2)cc1,CCCc1oc(-c2ccccc2)nc1CCOc1ccc(CC(C(=O)O)n2cccc2)cc1,0.2366338719924291,0.10842517863065496,0.0,0.0,0.0,0.10842517863065496,single,ok,single_mode
single_target_b1_a6000,2026-02-20T19:11:21,30,10,CCOC(=O)c1ccc(-c2nc(COc3ccc(C)cc3)co2)cc1,CCOC(=O)c1ccc(-c2nc(COc3ccc(C)cc3)co2)cc1,0.3024956285953522,0.17079052929942345,0.0,0.0,0.0,0.17079052929942345,single,ok,single_mode
single_target_b1_a6000,2026-02-20T19:11:21,30,11,O=C(Cc1cscn1)Nc1cccc(C(=O)c2ccc3nc(C=Cc4ccncc4)[nH]c3c2)c1,O=C(Cc1cscn1)Nc1cccc(C(=O)c2ccc3nc(C=Cc4ccncc4)[nH]c3c2)c1,0.255014310280482,0.1234794377038231,0.0,0.0,0.0,0.1234794377038231,single,ok,single_mode
single_target_b1_a6000,2026-02-20T19:11:21,30,12,COc1cccc(Cn2cc(CC(=O)O)nn2)c1,COc1cccc(Cn2cc(CC(=O)O)nn2)c1,0.21898044645786285,0.09550860627593726,0.0,0.0,0.0,0.09550860627593726,single,ok,single_mode
single_target_b1_a6000,2026-02-20T19:11:21,30,13,O=C1CN(c2ccccc2)CCN1CCNCc1ccccc1,O=C1CN(c2ccccc2)CCN1CCNCc1ccccc1,0.25262625018755597,0.12142654582066287,0.0,0.0,0.0,0.12142654582066287,single,ok,single_mode
single_target_b1_a6000,2026-02-20T19:11:21,30,14,CN(Cc1noc(C2CC2)n1)C1CCN(Cc2cnccn2)C1,CN(Cc1noc(C2CC2)n1)C1CCN(Cc2cnccn2)C1,0.08572271217902501,0.03508662581867238,0.0,0.0,0.0,0.03508662581867238,single,ok,single_mode
single_target_b1_a6000,2026-02-20T19:11:21,30,15,COc1cccc(-c2ccccc2-c2nnc(SCc3ccccc3)o2)c1,COc1cccc(-c2ccccc2-c2nnc(SCc3ccccc3)o2)c1,0.23632274568080902,0.1081848024817138,0.0,0.0,0.0,0.1081848024817138,single,ok,single_mode
