rank,canonical_smiles,best_smiles,best_total_reward,mean_total_reward,best_targetA_score,best_offTargetB_score,best_off_target_penalty,occurrences,best_batch_index,ranking_criterion
1,Cc1cc(=N)c2cc(NC(=O)c3ccc(-n4nc5ccccc5c4C)cc3)ccc2[nH]1,Cc1cc(=N)c2cc(NC(=O)c3ccc(-n4nc5ccccc5c4C)cc3)ccc2[nH]1,0.8438797118458509,0.8438797118458509,0.8438797118458509,0.0,0.0,1,50,best_total_reward
2,Oc1cccc2nc3c(O)cccc3nc12,Oc1cccc2nc3c(O)cccc3nc12,0.8370761055923331,0.8370761055923331,0.8370761055923331,0.0,0.0,1,30,best_total_reward
3,CCCCCCCCCCCCCCNC(=O)C[N+](C)(CC)CC,CCCCCCCCCCCCCCNC(=O)C[N+](C)(CC)CC,0.8116352001879806,0.8116352001879806,0.8116352001879806,0.0,0.0,1,68,best_total_reward
4,O=C1c2ccccc2-c2nnc(-c3ncco3)cc21,O=C1c2ccccc2-c2nnc(-c3ncco3)cc21,0.7144560534132464,0.7144560534132464,0.7144560534132464,0.0,0.0,1,75,best_total_reward
5,Cc1cc(=NN=Cc2ccc([N+](=O)[O-])o2)[nH]c2ccccc12,Cc1cc(=NN=Cc2ccc([N+](=O)[O-])o2)[nH]c2ccccc12,0.7134577056633855,0.7134577056633855,0.7134577056633855,0.0,0.0,1,70,best_total_reward
6,Clc1nnc2ccccc2n1,Clc1nnc2ccccc2n1,0.6941712717978482,0.6941712717978482,0.6941712717978482,0.0,0.0,1,24,best_total_reward
7,c1ccc(-n2ncc3c(N4CCN5CCCC5C4)nc(N4CCCC4)nc32)cc1,c1ccc(-n2ncc3c(N4CCN5CCCC5C4)nc(N4CCCC4)nc32)cc1,0.6919792791259904,0.6919792791259904,0.6919792791259904,0.0,0.0,1,70,best_total_reward
8,CCCNC(C=S)NCCCCC1CCCc2cc(OC)ccc2C1,CCCNC(C=S)NCCCCC1CCCc2cc(OC)ccc2C1,0.6872077581608186,0.6872077581608186,0.6872077581608186,0.0,0.0,1,67,best_total_reward
9,O=c1[nH]c(-c2ccccc2)nc2ccc3c[nH]nc3c12,O=c1[nH]c(-c2ccccc2)nc2ccc3c[nH]nc3c12,0.6768711200517685,0.6768711200517685,0.6768711200517685,0.0,0.0,1,14,best_total_reward
10,N=C1C(=O)c2c(c(C(=O)O)cc([N+](=O)[O-])c2[N+](=O)[O-])C(=O)C1O,N=C1C(=O)c2c(c(C(=O)O)cc([N+](=O)[O-])c2[N+](=O)[O-])C(=O)C1O,0.6413671807187428,0.6413671807187428,0.6413671807187428,0.0,0.0,1,41,best_total_reward
11,O=[N+]([O-])c1cc(Cl)cc2cccnc12,O=[N+]([O-])c1cc(Cl)cc2cccnc12,0.6274475377199027,0.6274475377199027,0.6274475377199027,0.0,0.0,1,64,best_total_reward
12,Cc1nc(-c2ccccn2)n2cc(C(=O)NC3CCCC(C)(C)C3)ccc12,Cc1nc(-c2ccccn2)n2cc(C(=O)NC3CCCC(C)(C)C3)ccc12,0.6200055377569874,0.6200055377569874,0.6200055377569874,0.0,0.0,1,10,best_total_reward
13,CN(C)CCCNc1c2cccnc2c(-c2ccccc2Cl)c2nn(CCCN=[N+]=[N-])c(O)c12,CN(C)CCCNc1c2cccnc2c(-c2ccccc2Cl)c2nn(CCCN=[N+]=[N-])c(O)c12,0.619037758486456,0.619037758486456,0.619037758486456,0.0,0.0,1,57,best_total_reward
14,CN(C)Cc1ccc2[nH]c(-c3nc4cc(F)ccc4[nH]c3=O)nc2c1,CN(C)Cc1ccc2[nH]c(-c3nc4cc(F)ccc4[nH]c3=O)nc2c1,0.6097590790588195,0.6097590790588195,0.6097590790588195,0.0,0.0,1,36,best_total_reward
15,Cc1cc(N2CCC(CCN3CCCC3)CC2)nc2ccc(NC(=O)C=Cc3ccccn3)cc12,Cc1cc(N2CCC(CCN3CCCC3)CC2)nc2ccc(NC(=O)C=Cc3ccccn3)cc12,0.6073883850824771,0.6073883850824771,0.6073883850824771,0.0,0.0,1,12,best_total_reward
16,CON(C)C(=O)CCC(C)C1CCC2C3C(C)CC(c4ccccc4)OC3CCC12C,CON(C)C(=O)CCC(C)C1CCC2C3C(C)CC(c4ccccc4)OC3CCC12C,0.5976729774476705,0.5976729774476705,0.5976729774476705,0.0,0.0,1,36,best_total_reward
17,CN(C)c1nc(=O)c2c(Cl)c(Cl)cc(Cl)c2s1,CN(C)c1nc(=O)c2c(Cl)c(Cl)cc(Cl)c2s1,0.596243045246409,0.596243045246409,0.596243045246409,0.0,0.0,1,39,best_total_reward
18,O=c1c2ccccc2[nH]c(=NN=Cc2ccc(Cl)cc2)n1O,O=c1c2ccccc2[nH]c(=NN=Cc2ccc(Cl)cc2)n1O,0.5885124118260991,0.5885124118260991,0.5885124118260991,0.0,0.0,1,3,best_total_reward
19,Nc1c(N=Cc2ccccc2)sc2nc3c(cc12)CCCC3,Nc1c(N=Cc2ccccc2)sc2nc3c(cc12)CCCC3,0.5874852949854209,0.5874852949854209,0.5874852949854209,0.0,0.0,1,1,best_total_reward
20,C=C1CC(C)(C)OC1=O,C=C1CC(C)(C)OC1=O,0.5714405759733917,0.5714405759733917,0.5714405759733917,0.0,0.0,1,68,best_total_reward
21,COc1cc(O)c2c(-c3cc(Br)c(O)c(Br)c3)c3cc(Br)c(O)cc3nc2c1Br,COc1cc(O)c2c(-c3cc(Br)c(O)c(Br)c3)c3cc(Br)c(O)cc3nc2c1Br,0.5704540259640861,0.5704540259640861,0.5704540259640861,0.0,0.0,1,50,best_total_reward
22,COc1ccc(C=CC(=O)N=c2[nH]c3ccccc3[nH]2)cc1,COc1ccc(C=CC(=O)N=c2[nH]c3ccccc3[nH]2)cc1,0.5574365364816452,0.5574365364816452,0.5574365364816452,0.0,0.0,1,11,best_total_reward
23,CCc1ccc(-c2ccc(C(=O)NCC(=O)NCc3ccccn3)cc2)cc1,CCc1ccc(-c2ccc(C(=O)NCC(=O)NCc3ccccn3)cc2)cc1,0.5570280843700564,0.5570280843700564,0.5570280843700564,0.0,0.0,1,2,best_total_reward
24,CC(C)(N)C(=O)NC(Cc1ccc(Cl)cc1)C(=O)N1CCN(c2c(CNC3CCc4ccccc43)nc3ccccn23)CC1,CC(C)(N)C(=O)NC(Cc1ccc(Cl)cc1)C(=O)N1CCN(c2c(CNC3CCc4ccccc43)nc3ccccn23)CC1,0.5525808327352414,0.5525808327352414,0.5525808327352414,0.0,0.0,1,11,best_total_reward
25,COc1ccccc1N1CCN(CCC(OC(N)=O)c2ccccc2)CC1,COc1ccccc1N1CCN(CCC(OC(N)=O)c2ccccc2)CC1,0.5484204569255354,0.5484204569255354,0.5484204569255354,0.0,0.0,1,53,best_total_reward
26,COc1ccc2ccc3c(C(=O)NCCCN(C)CCCNC(=O)c4cccc5cc6cc(O)ccc6nc45)ccnc3c2c1,COc1ccc2ccc3c(C(=O)NCCCN(C)CCCNC(=O)c4cccc5cc6cc(O)ccc6nc45)ccnc3c2c1,0.5448346243665829,0.5448346243665829,0.5448346243665829,0.0,0.0,1,4,best_total_reward
27,CCCCCc1cc[n+](CCCCCCc2cc(CCCCC[n+]3ccc(C)c(C)c3)c(CCCCC[n+]3cccc(C)c3)cc2CCCCC[n+]2ccc3ccccc3c2)cc1,CCCCCc1cc[n+](CCCCCCc2cc(CCCCC[n+]3ccc(C)c(C)c3)c(CCCCC[n+]3cccc(C)c3)cc2CCCCC[n+]2ccc3ccccc3c2)cc1,0.5396151350381239,0.5396151350381239,0.5396151350381239,0.0,0.0,1,60,best_total_reward
28,CCCCCCCc1ccc(NCc2ccc(C(=O)O)cc2)cc1,CCCCCCCc1ccc(NCc2ccc(C(=O)O)cc2)cc1,0.5365794251494247,0.5365794251494247,0.5365794251494247,0.0,0.0,1,51,best_total_reward
29,CC1c2ccccc2-c2cc3ccoc3cc21,CC1c2ccccc2-c2cc3ccoc3cc21,0.5359721282790464,0.5359721282790464,0.5359721282790464,0.0,0.0,1,58,best_total_reward
30,O=C(C=CC=Cc1ccccc1)Nc1ccc(O)cc1,O=C(C=CC=Cc1ccccc1)Nc1ccc(O)cc1,0.5323378023599556,0.5323378023599556,0.5323378023599556,0.0,0.0,1,13,best_total_reward
31,CC(=NN=c1[nH]c(-c2ccc(Cl)cc2)cs1)c1ccccn1,CC(=NN=c1[nH]c(-c2ccc(Cl)cc2)cs1)c1ccccn1,0.5209130753164412,0.5209130753164412,0.5209130753164412,0.0,0.0,1,61,best_total_reward
32,O=C(O)Cc1cc2ccc3c[nH]nc3c2[nH]1,O=C(O)Cc1cc2ccc3c[nH]nc3c2[nH]1,0.5185664126002087,0.5185664126002087,0.5185664126002087,0.0,0.0,1,22,best_total_reward
33,c1cc2c3c(c1)ccc1ccc4cccc-2c4c13,c1cc2c3c(c1)ccc1ccc4cccc-2c4c13,0.5166336684884505,0.5166336684884505,0.5166336684884505,0.0,0.0,1,51,best_total_reward
34,O=[N+]([O-])c1ccc(-c2nc3c(Cl)ccnc3[nH]2)cc1,O=[N+]([O-])c1ccc(-c2nc3c(Cl)ccnc3[nH]2)cc1,0.5158614127104517,0.5158614127104517,0.5158614127104517,0.0,0.0,1,28,best_total_reward
35,Cc1ccc(N=c2[nH]n3cnnc3c3c(C)csc23)c(C)c1,Cc1ccc(N=c2[nH]n3cnnc3c3c(C)csc23)c(C)c1,0.5153662834358703,0.5153662834358703,0.5153662834358703,0.0,0.0,1,39,best_total_reward
36,O=C(N=c1[nH]c2cc(Cl)c(Br)c(Br)c2[nH]1)c1ccc2c(c1)OCO2,O=C(N=c1[nH]c2cc(Cl)c(Br)c(Br)c2[nH]1)c1ccc2c(c1)OCO2,0.514605061683976,0.514605061683976,0.514605061683976,0.0,0.0,1,7,best_total_reward
37,Cn1nccc1-c1cc(F)cc(Nc2cc(=NC3CC3)c(Cl)c[nH]2)c1,Cn1nccc1-c1cc(F)cc(Nc2cc(=NC3CC3)c(Cl)c[nH]2)c1,0.5123957223464272,0.5123957223464272,0.5123957223464272,0.0,0.0,1,63,best_total_reward
38,Cc1cc(=NC(=O)c2ccc([N+](=O)[O-])o2)[nH]o1,Cc1cc(=NC(=O)c2ccc([N+](=O)[O-])o2)[nH]o1,0.5108321642989643,0.5108321642989643,0.5108321642989643,0.0,0.0,1,11,best_total_reward
39,N#CC(=Cc1ccc(N2C(=O)C=CC2=O)cc1)C(=O)O,N#CC(=Cc1ccc(N2C(=O)C=CC2=O)cc1)C(=O)O,0.509971289865349,0.509971289865349,0.509971289865349,0.0,0.0,1,1,best_total_reward
40,CC1=Nc2c(C(=O)NCc3ccc(F)cc3)cnn2C(c2ccc(Cl)cc2)C1C(=O)Nc1cccnc1,CC1=Nc2c(C(=O)NCc3ccc(F)cc3)cnn2C(c2ccc(Cl)cc2)C1C(=O)Nc1cccnc1,0.5079524764188983,0.5079524764188983,0.5079524764188983,0.0,0.0,1,75,best_total_reward
41,Cc1ccc(N=Cc2cc(Br)ccc2O)cc1Cl,Cc1ccc(N=Cc2cc(Br)ccc2O)cc1Cl,0.5063860718550187,0.5063860718550187,0.5063860718550187,0.0,0.0,1,31,best_total_reward
42,COc1ccc(C=NNC(=O)c2sc(-c3ccccc3C)nc2C)cc1,COc1ccc(C=NNC(=O)c2sc(-c3ccccc3C)nc2C)cc1,0.5040105913213516,0.5040105913213516,0.5040105913213516,0.0,0.0,1,73,best_total_reward
43,Cc1[nH]c2cc(NC(=O)Nc3ccccc3)ccc2c1-c1nc2ccccc2[nH]1,Cc1[nH]c2cc(NC(=O)Nc3ccccc3)ccc2c1-c1nc2ccccc2[nH]1,0.49955135595918065,0.49955135595918065,0.49955135595918065,0.0,0.0,1,74,best_total_reward
44,O=C(C=Cc1cc2ccccc2[nH]c1=O)c1ccc([N+](=O)[O-])cc1,O=C(C=Cc1cc2ccccc2[nH]c1=O)c1ccc([N+](=O)[O-])cc1,0.49741836696273456,0.49741836696273456,0.49741836696273456,0.0,0.0,1,34,best_total_reward
45,CC(Cc1ccc(C#Cc2ccnc(N3CCCC(C(=O)O)C3)n2)cc1)Oc1ccccc1F,CC(Cc1ccc(C#Cc2ccnc(N3CCCC(C(=O)O)C3)n2)cc1)Oc1ccccc1F,0.49474354083131117,0.49474354083131117,0.49474354083131117,0.0,0.0,1,22,best_total_reward
46,CC(=O)ON1C(=S)N=C(Nc2ccccc2)C12C(Cl)=C(Cl)C2Cl,CC(=O)ON1C(=S)N=C(Nc2ccccc2)C12C(Cl)=C(Cl)C2Cl,0.49318727299055115,0.49318727299055115,0.49318727299055115,0.0,0.0,1,58,best_total_reward
47,Cc1ccc(CCCCC=CCC=CCCCCCCC(=O)O)cc1,Cc1ccc(CCCCC=CCC=CCCCCCCC(=O)O)cc1,0.4927368306436246,0.4927368306436246,0.4927368306436246,0.0,0.0,1,39,best_total_reward
48,[N-]=[N+]=NC1C([N+](=O)[O-])=C2N(Cc3ccc(Cl)nc3)CCN2C1c1ccc(Cl)cc1,[N-]=[N+]=NC1C([N+](=O)[O-])=C2N(Cc3ccc(Cl)nc3)CCN2C1c1ccc(Cl)cc1,0.4865389021419433,0.4865389021419433,0.4865389021419433,0.0,0.0,1,24,best_total_reward
49,O=C(C=Cc1ccccc1)c1ccc(OCCCN2CCN(CCOC(c3ccccc3)c3ccccc3)CC2)cc1,O=C(C=Cc1ccccc1)c1ccc(OCCCN2CCN(CCOC(c3ccccc3)c3ccccc3)CC2)cc1,0.4858736449179249,0.4858736449179249,0.4858736449179249,0.0,0.0,1,26,best_total_reward
50,O=C(N=c1[nH]c(-c2ccccc2)cs1)c1cc2ccccc2oc1=O,O=C(N=c1[nH]c(-c2ccccc2)cs1)c1cc2ccccc2oc1=O,0.47950963018938253,0.47950963018938253,0.47950963018938253,0.0,0.0,1,61,best_total_reward
51,O=C1NC(=C2CCc3c2[nH]c2ccccc32)c2[nH]c3ccc(Cl)cc3c21,O=C1NC(=C2CCc3c2[nH]c2ccccc32)c2[nH]c3ccc(Cl)cc3c21,0.47733757992559706,0.47733757992559706,0.47733757992559706,0.0,0.0,1,53,best_total_reward
52,COC1CN(c2ncc[nH]2)CCC1NC(=O)c1cccc(-c2ccccn2)n1,COC1CN(c2ncc[nH]2)CCC1NC(=O)c1cccc(-c2ccccn2)n1,0.46790696696716555,0.46790696696716555,0.46790696696716555,0.0,0.0,1,22,best_total_reward
53,O=[N+]([O-])c1c(-c2ccc3[nH]cnc3c2)nc2n1CCCO2,O=[N+]([O-])c1c(-c2ccc3[nH]cnc3c2)nc2n1CCCO2,0.4664781839595404,0.4664781839595404,0.4664781839595404,0.0,0.0,1,40,best_total_reward
54,CCN(Cc1ccc(-c2ccc(CNCCc3ccccc3)cc2)cc1)C(=O)C1CCN(C(=O)CO)CC1,CCN(Cc1ccc(-c2ccc(CNCCc3ccccc3)cc2)cc1)C(=O)C1CCN(C(=O)CO)CC1,0.4656171900401225,0.4656171900401225,0.4656171900401225,0.0,0.0,1,11,best_total_reward
55,COCc1ccc(N=c2[nH][nH]c3cccnc23)c(C)c1,COCc1ccc(N=c2[nH][nH]c3cccnc23)c(C)c1,0.4654660189553004,0.4654660189553004,0.4654660189553004,0.0,0.0,1,45,best_total_reward
56,Oc1ccc(Cl)c2ccccc12,Oc1ccc(Cl)c2ccccc12,0.46194743324014437,0.46194743324014437,0.46194743324014437,0.0,0.0,1,4,best_total_reward
57,c1ccc(-c2nnc3ccccn23)cc1,c1ccc(-c2nnc3ccccn23)cc1,0.4500559545910774,0.4500559545910774,0.4500559545910774,0.0,0.0,1,71,best_total_reward
58,Cc1ccccc1-c1cc(C(=O)O)c2ccccc2n1,Cc1ccccc1-c1cc(C(=O)O)c2ccccc2n1,0.4469428576070316,0.4469428576070316,0.4469428576070316,0.0,0.0,1,68,best_total_reward
59,O=C1NC(=S)SC1=Cc1cccc2cccnc12,O=C1NC(=S)SC1=Cc1cccc2cccnc12,0.4447157218510196,0.4447157218510196,0.4447157218510196,0.0,0.0,1,17,best_total_reward
60,Cc1ccc(-c2nc3ccccc3[nH]2)cc1-c1ccc(NC(=O)c2ccncc2)cc1,Cc1ccc(-c2nc3ccccc3[nH]2)cc1-c1ccc(NC(=O)c2ccncc2)cc1,0.44412031049460976,0.44412031049460976,0.44412031049460976,0.0,0.0,1,15,best_total_reward
61,C=CCn1c(N=c2ccc(=NC(C)C)[nH][nH]2)nc2ccccc21,C=CCn1c(N=c2ccc(=NC(C)C)[nH][nH]2)nc2ccccc21,0.44313972278863073,0.44313972278863073,0.44313972278863073,0.0,0.0,1,36,best_total_reward
62,COc1cc(NCCCC(NC(=O)Cc2ccsc2)C(=O)NC(C=O)CCCN=C(N)N)c2ncccc2c1,COc1cc(NCCCC(NC(=O)Cc2ccsc2)C(=O)NC(C=O)CCCN=C(N)N)c2ncccc2c1,0.43737558393488746,0.43737558393488746,0.43737558393488746,0.0,0.0,1,66,best_total_reward
63,O=C1c2ccccc2CC12C(=O)c1cc(Cl)ccc1C21OCCO1,O=C1c2ccccc2CC12C(=O)c1cc(Cl)ccc1C21OCCO1,0.4349811133091047,0.4349811133091047,0.4349811133091047,0.0,0.0,1,70,best_total_reward
64,CN(C)c1ccc(C=C2SC(=Nc3ccccc3)N(C(C#N)c3ccccc3)C2=O)cc1,CN(C)c1ccc(C=C2SC(=Nc3ccccc3)N(C(C#N)c3ccccc3)C2=O)cc1,0.4347590056635014,0.4347590056635014,0.4347590056635014,0.0,0.0,1,63,best_total_reward
65,O=[N+]([O-])c1cccc(-c2ccc(-c3ccsc3)s2)c1,O=[N+]([O-])c1cccc(-c2ccc(-c3ccsc3)s2)c1,0.4269418973931906,0.4269418973931906,0.4269418973931906,0.0,0.0,1,45,best_total_reward
66,O=S(=O)(NC1CCCC1c1ccc(Cl)cc1)c1c(Cl)cccc1Cl,O=S(=O)(NC1CCCC1c1ccc(Cl)cc1)c1c(Cl)cccc1Cl,0.4262332546620515,0.4262332546620515,0.4262332546620515,0.0,0.0,1,11,best_total_reward
67,O=[N+]([O-])c1cccc2ncsc12,O=[N+]([O-])c1cccc2ncsc12,0.41983657882361286,0.41983657882361286,0.41983657882361286,0.0,0.0,1,30,best_total_reward
68,c1ccc(-c2cn3ccccc3n2)cc1,c1ccc(-c2cn3ccccc3n2)cc1,0.4178727820535099,0.4178727820535099,0.4178727820535099,0.0,0.0,1,49,best_total_reward
69,O=C(Cn1nnc(-c2ccc(Cl)cc2)n1)c1ccc(Cl)c(Cl)c1,O=C(Cn1nnc(-c2ccc(Cl)cc2)n1)c1ccc(Cl)c(Cl)c1,0.4153875158455858,0.4153875158455858,0.4153875158455858,0.0,0.0,1,67,best_total_reward
70,C=c1[nH]c(=Cc2sc3nc(N4CCCCC4)[nH]c(=N)c3c2OCC)c(C)c1C(=O)OCC,C=c1[nH]c(=Cc2sc3nc(N4CCCCC4)[nH]c(=N)c3c2OCC)c(C)c1C(=O)OCC,0.41507908916963665,0.41507908916963665,0.41507908916963665,0.0,0.0,1,41,best_total_reward
71,Cc1ncc2c(n1)[nH]c1sc(-c3ccccc3)cc12,Cc1ncc2c(n1)[nH]c1sc(-c3ccccc3)cc12,0.4123343472846197,0.4123343472846197,0.4123343472846197,0.0,0.0,1,16,best_total_reward
72,COC(=O)Cc1c[nH]c2cc(C)ccc2c1=O,COC(=O)Cc1c[nH]c2cc(C)ccc2c1=O,0.41173645625348787,0.41173645625348787,0.41173645625348787,0.0,0.0,1,35,best_total_reward
73,CCOC(=O)c1c(S(=O)(=O)NC(=O)N=c2cccc[nH]2)sc2sc(C(C)(C)C)cc12,CCOC(=O)c1c(S(=O)(=O)NC(=O)N=c2cccc[nH]2)sc2sc(C(C)(C)C)cc12,0.4114760023783785,0.4114760023783785,0.4114760023783785,0.0,0.0,1,10,best_total_reward
74,O=C(CN1CCC(N2CCCCC2)CC1)N1CCc2cc(N=c3cc(-c4ccc5ncsc5c4)c(Cl)c[nH]3)ccc21,O=C(CN1CCC(N2CCCCC2)CC1)N1CCc2cc(N=c3cc(-c4ccc5ncsc5c4)c(Cl)c[nH]3)ccc21,0.40807483359409497,0.40807483359409497,0.40807483359409497,0.0,0.0,1,22,best_total_reward
75,O=C(C=Cc1ccc(C(=O)Nc2ccccc2)cc1)C=Cc1ccc(-c2ccccc2)cc1,O=C(C=Cc1ccc(C(=O)Nc2ccccc2)cc1)C=Cc1ccc(-c2ccccc2)cc1,0.405726648924004,0.405726648924004,0.405726648924004,0.0,0.0,1,63,best_total_reward
76,CC(C)NCCCC1(c2ccccc2)OCCc2c1ccc1c2C(=O)c2cc(N)ccc2-1,CC(C)NCCCC1(c2ccccc2)OCCc2c1ccc1c2C(=O)c2cc(N)ccc2-1,0.4023387752848824,0.4023387752848824,0.4023387752848824,0.0,0.0,1,14,best_total_reward
77,CC(=CCc1ccoc1)C1OC(=O)C(O)C2C(c3ccoc3)OC(=O)C12,CC(=CCc1ccoc1)C1OC(=O)C(O)C2C(c3ccoc3)OC(=O)C12,0.4019751996786161,0.4019751996786161,0.4019751996786161,0.0,0.0,1,48,best_total_reward
78,CCCCCCCCCCNCC1CC(OC2(C(=O)O)OC(COC(=O)N3CCC(CCN)C3)SCC2N)CN1,CCCCCCCCCCNCC1CC(OC2(C(=O)O)OC(COC(=O)N3CCC(CCN)C3)SCC2N)CN1,0.40157630390367016,0.40157630390367016,0.40157630390367016,0.0,0.0,1,3,best_total_reward
79,O=C(C=Cc1ccc(Br)o1)c1ccc(-n2cccc2)cc1,O=C(C=Cc1ccc(Br)o1)c1ccc(-n2cccc2)cc1,0.40056342494890146,0.40056342494890146,0.40056342494890146,0.0,0.0,1,54,best_total_reward
80,O=C(O)c1csc(-n2cnc3ccccc32)n1,O=C(O)c1csc(-n2cnc3ccccc32)n1,0.4000835976984719,0.4000835976984719,0.4000835976984719,0.0,0.0,1,63,best_total_reward
81,COc1ccc(-c2nn(-c3ccccc3)cc2C=NN=c2[nH]c3ccc(C)cc3s2)cc1OC,COc1ccc(-c2nn(-c3ccccc3)cc2C=NN=c2[nH]c3ccc(C)cc3s2)cc1OC,0.3998558278793052,0.3998558278793052,0.3998558278793052,0.0,0.0,1,23,best_total_reward
82,N=c1[nH]c2c(oc3cc(Cl)ccc32)c(=O)n1Cc1ccccc1,N=c1[nH]c2c(oc3cc(Cl)ccc32)c(=O)n1Cc1ccccc1,0.3996259276516807,0.3996259276516807,0.3996259276516807,0.0,0.0,1,62,best_total_reward
83,N=c1oc2ccccc2cc1C(=O)Nc1ccccc1,N=c1oc2ccccc2cc1C(=O)Nc1ccccc1,0.3967018406758919,0.3967018406758919,0.3967018406758919,0.0,0.0,1,44,best_total_reward
84,Cc1nc(-c2ccccc2C#N)sc1-c1nc(N2CCNCC2)c2ccccc2n1,Cc1nc(-c2ccccc2C#N)sc1-c1nc(N2CCNCC2)c2ccccc2n1,0.39661005283313,0.39661005283313,0.39661005283313,0.0,0.0,1,67,best_total_reward
85,O=C(c1cc2ccccc2o1)c1c(O)c(O)n(-c2cc3ccccc3s2)c1O,O=C(c1cc2ccccc2o1)c1c(O)c(O)n(-c2cc3ccccc3s2)c1O,0.39375387012960344,0.39375387012960344,0.39375387012960344,0.0,0.0,1,4,best_total_reward
86,O=C(N=c1[nH]nc(-c2ccc(Oc3ccc([N+](=O)[O-])cc3)cc2)s1)c1ccccc1F,O=C(N=c1[nH]nc(-c2ccc(Oc3ccc([N+](=O)[O-])cc3)cc2)s1)c1ccccc1F,0.3841847474297514,0.3841847474297514,0.3841847474297514,0.0,0.0,1,37,best_total_reward
87,NC(=O)c1c(O)nc2n1Cc1cc(OCC(=O)Nc3cccc(S(=O)(=O)N4CCOCC4)c3)ccc1C1CCCN21,NC(=O)c1c(O)nc2n1Cc1cc(OCC(=O)Nc3cccc(S(=O)(=O)N4CCOCC4)c3)ccc1C1CCCN21,0.3839326030479461,0.3839326030479461,0.3839326030479461,0.0,0.0,1,4,best_total_reward
88,COc1cc(C=C2COc3cc(O)ccc3C2=O)ccc1O,COc1cc(C=C2COc3cc(O)ccc3C2=O)ccc1O,0.3814151349261755,0.3814151349261755,0.3814151349261755,0.0,0.0,1,71,best_total_reward
89,c1coc(-c2cn3ccccc3n2)c1,c1coc(-c2cn3ccccc3n2)c1,0.3788371051292909,0.3788371051292909,0.3788371051292909,0.0,0.0,1,49,best_total_reward
90,COc1cc(NC(=O)N=c2cc(C(C)(C)C)o[nH]2)ccc1NC(=O)c1cccc(C)c1,COc1cc(NC(=O)N=c2cc(C(C)(C)C)o[nH]2)ccc1NC(=O)c1cccc(C)c1,0.37827356781115873,0.37827356781115873,0.37827356781115873,0.0,0.0,1,37,best_total_reward
91,Oc1c(C=CCCCc2ccccc2)c(O)c2ccccc2c1O,Oc1c(C=CCCCc2ccccc2)c(O)c2ccccc2c1O,0.3776102783288466,0.3776102783288466,0.3776102783288466,0.0,0.0,1,6,best_total_reward
92,c1ccc2c(c1)nc1n2C(c2ccncc2)SC1,c1ccc2c(c1)nc1n2C(c2ccncc2)SC1,0.3775799554455795,0.3775799554455795,0.3775799554455795,0.0,0.0,1,33,best_total_reward
93,COc1ncc(-c2ccc3c(Cl)c[nH]c3c2)cc1CN1CCN(C)CC1,COc1ncc(-c2ccc3c(Cl)c[nH]c3c2)cc1CN1CCN(C)CC1,0.37540604892423673,0.37540604892423673,0.37540604892423673,0.0,0.0,1,20,best_total_reward
94,N#CC(=Cc1ccc(Cl)cc1)c1cc(C(N)=O)c[nH]1,N#CC(=Cc1ccc(Cl)cc1)c1cc(C(N)=O)c[nH]1,0.37395072556076936,0.37395072556076936,0.37395072556076936,0.0,0.0,1,34,best_total_reward
95,O=C(C=Cc1ccc(F)cc1)c1nc2ccccc2[nH]1,O=C(C=Cc1ccc(F)cc1)c1nc2ccccc2[nH]1,0.37173384629433753,0.37173384629433753,0.37173384629433753,0.0,0.0,1,27,best_total_reward
96,C=CCC(c1ccc(Cl)cc1)N1CCC(N2CCC(C(=O)NC(CNCc3ccc(Cl)cc3C)C(=O)NC3CCCCC3)CC2)CC1,C=CCC(c1ccc(Cl)cc1)N1CCC(N2CCC(C(=O)NC(CNCc3ccc(Cl)cc3C)C(=O)NC3CCCCC3)CC2)CC1,0.37000695310426024,0.37000695310426024,0.37000695310426024,0.0,0.0,1,7,best_total_reward
97,CCCC1CN=c2c(n3cccc3c(=O)n2Cc2ccccc2)=N1,CCCC1CN=c2c(n3cccc3c(=O)n2Cc2ccccc2)=N1,0.36956625283584726,0.36956625283584726,0.36956625283584726,0.0,0.0,1,50,best_total_reward
98,Cc1ccc(S(=O)(=O)Nc2ccc3nc4ccccc4nc3c2)cc1,Cc1ccc(S(=O)(=O)Nc2ccc3nc4ccccc4nc3c2)cc1,0.367947139658274,0.367947139658274,0.367947139658274,0.0,0.0,1,19,best_total_reward
99,COc1ccccc1-c1csc(=NC(=O)CC#N)[nH]1,COc1ccccc1-c1csc(=NC(=O)CC#N)[nH]1,0.36769799561347166,0.36769799561347166,0.36769799561347166,0.0,0.0,1,22,best_total_reward
100,CCCCOc1ccc2c(=NS(=O)(=O)c3cn(C)cn3)[nH]n(Cc3ccc(Cl)cc3)c2c1,CCCCOc1ccc2c(=NS(=O)(=O)c3cn(C)cn3)[nH]n(Cc3ccc(Cl)cc3)c2c1,0.3653932285025879,0.3653932285025879,0.3653932285025879,0.0,0.0,1,62,best_total_reward
101,O=c1c(-c2nc3ccccc3[nH]2)nc2ccccc2c2cc3c(cc12)OCO3,O=c1c(-c2nc3ccccc3[nH]2)nc2ccccc2c2cc3c(cc12)OCO3,0.36477072656592835,0.36477072656592835,0.36477072656592835,0.0,0.0,1,19,best_total_reward
102,CCN(CC)CCNC(=O)c1ccc(-c2c[nH]c(=NC3CCCc4ccccc43)[nH]c2=N)cc1,CCN(CC)CCNC(=O)c1ccc(-c2c[nH]c(=NC3CCCc4ccccc43)[nH]c2=N)cc1,0.3644877731782819,0.3644877731782819,0.3644877731782819,0.0,0.0,1,23,best_total_reward
103,CCCCCCCC(C)CC=CC#CCCCCC(=O)N(C)CC#CCN(CC)CC,CCCCCCCC(C)CC=CC#CCCCCC(=O)N(C)CC#CCN(CC)CC,0.36419423993066,0.36419423993066,0.36419423993066,0.0,0.0,1,16,best_total_reward
104,N#CC(=NNc1ccccc1C(F)(F)F)C(N)=O,N#CC(=NNc1ccccc1C(F)(F)F)C(N)=O,0.3609093523921901,0.3609093523921901,0.3609093523921901,0.0,0.0,1,41,best_total_reward
105,CN(CC(=O)CCN1CCC(N2CCCN(c3nc4ccccc4s3)CC2)CC1)C(C)(C)c1cccc(-c2ccc(Cl)cc2)n1,CN(CC(=O)CCN1CCC(N2CCCN(c3nc4ccccc4s3)CC2)CC1)C(C)(C)c1cccc(-c2ccc(Cl)cc2)n1,0.36066837517740863,0.36066837517740863,0.36066837517740863,0.0,0.0,1,12,best_total_reward
106,CC(C)C1CCCN1c1nc(SCc2c(O)ccc3ccccc23)nc(N(C)C)n1,CC(C)C1CCCN1c1nc(SCc2c(O)ccc3ccccc23)nc(N(C)C)n1,0.35977110247658173,0.35977110247658173,0.35977110247658173,0.0,0.0,1,28,best_total_reward
107,COc1ccc(-c2nc(C#CCOc3ccccc3F)[nH]c2-c2ccc(C)cc2)cc1,COc1ccc(-c2nc(C#CCOc3ccccc3F)[nH]c2-c2ccc(C)cc2)cc1,0.3592482824811964,0.3592482824811964,0.3592482824811964,0.0,0.0,1,60,best_total_reward
108,CCn1cc(-c2cc(-c3cccc(C)c3)nc(-c3ccccc3Cl)c2)c(-c2ccccc2)n1,CCn1cc(-c2cc(-c3cccc(C)c3)nc(-c3ccccc3Cl)c2)c(-c2ccccc2)n1,0.3585007023522454,0.3585007023522454,0.3585007023522454,0.0,0.0,1,61,best_total_reward
109,Cc1cn2nc(-c3cc(N=c4cc(C5CC5)cc[nH]4)ccn3)ccc2n1,Cc1cn2nc(-c3cc(N=c4cc(C5CC5)cc[nH]4)ccn3)ccc2n1,0.3566586889563022,0.3566586889563022,0.3566586889563022,0.0,0.0,1,42,best_total_reward
110,C=C1CCCC2(C)CCc3c(ccc4[nH]c(=NCc5cn(-c6ccccc6)nn5)sc34)CC12,C=C1CCCC2(C)CCc3c(ccc4[nH]c(=NCc5cn(-c6ccccc6)nn5)sc34)CC12,0.35529177554023617,0.35529177554023617,0.35529177554023617,0.0,0.0,1,64,best_total_reward
111,O=C(NCCN1CCOCC1)c1ccn2nc(-c3ccc(Br)o3)nc2c1,O=C(NCCN1CCOCC1)c1ccn2nc(-c3ccc(Br)o3)nc2c1,0.35444225077995606,0.35444225077995606,0.35444225077995606,0.0,0.0,1,34,best_total_reward
112,c1ccc(CCN=c2ccc(-c3ccnc4ccccc34)n[nH]2)cc1,c1ccc(CCN=c2ccc(-c3ccnc4ccccc34)n[nH]2)cc1,0.35402819166248806,0.35402819166248806,0.35402819166248806,0.0,0.0,1,49,best_total_reward
113,O=C1c2ccc3c4c(ccc(c24)C(=O)N1CCCN1CCCCC1)C(=O)N(CCN1CCC(O)CC1)C3=O,O=C1c2ccc3c4c(ccc(c24)C(=O)N1CCCN1CCCCC1)C(=O)N(CCN1CCC(O)CC1)C3=O,0.3533786024837165,0.3533786024837165,0.3533786024837165,0.0,0.0,1,53,best_total_reward
114,Clc1ccc2c(c1)cc(Br)n2CCCCCNCCCc1ccccc1,Clc1ccc2c(c1)cc(Br)n2CCCCCNCCCc1ccccc1,0.3528878636831571,0.3528878636831571,0.3528878636831571,0.0,0.0,1,56,best_total_reward
115,c1ccc(Oc2ccc3nncn3n2)cc1,c1ccc(Oc2ccc3nncn3n2)cc1,0.3527724855943247,0.3527724855943247,0.3527724855943247,0.0,0.0,1,8,best_total_reward
116,Cc1ccc2oc(C(=O)Nc3ccc4c(c3)C(=O)NC4=O)cc2c1,Cc1ccc2oc(C(=O)Nc3ccc4c(c3)C(=O)NC4=O)cc2c1,0.3521057237115033,0.3521057237115033,0.3521057237115033,0.0,0.0,1,47,best_total_reward
117,COc1cccc(-c2cc(-c3ccc(Cl)cc3)c(C#N)c(=N)[nH]2)c1,COc1cccc(-c2cc(-c3ccc(Cl)cc3)c(C#N)c(=N)[nH]2)c1,0.3518488291966629,0.3518488291966629,0.3518488291966629,0.0,0.0,1,63,best_total_reward
118,COc1ccc2c(c1)OCC(c1ccc(O)cc1)C2=O,COc1ccc2c(c1)OCC(c1ccc(O)cc1)C2=O,0.3516349065017401,0.3516349065017401,0.3516349065017401,0.0,0.0,1,47,best_total_reward
119,CC(=O)NCCN=c1ccc2ccc(-c3ccc(C(F)(F)F)cc3)cc2[nH]1,CC(=O)NCCN=c1ccc2ccc(-c3ccc(C(F)(F)F)cc3)cc2[nH]1,0.35152355616805103,0.35152355616805103,0.35152355616805103,0.0,0.0,1,11,best_total_reward
120,N#Cc1cc(C(=O)NCc2ccc(Cl)cc2)c(N)nc1SCc1ccc([N+](=O)[O-])cc1,N#Cc1cc(C(=O)NCc2ccc(Cl)cc2)c(N)nc1SCc1ccc([N+](=O)[O-])cc1,0.351077990523476,0.351077990523476,0.351077990523476,0.0,0.0,1,11,best_total_reward
121,O=c1ccc(-c2cnc(-n3[nH]c(C(F)(F)F)cc3=O)s2)nn1-c1cccc(Cl)c1,O=c1ccc(-c2cnc(-n3[nH]c(C(F)(F)F)cc3=O)s2)nn1-c1cccc(Cl)c1,0.34731332463666015,0.34731332463666015,0.34731332463666015,0.0,0.0,1,1,best_total_reward
122,COC(=O)c1cc(-c2ccccc2)sc1NC(=O)CCCC(=O)O,COC(=O)c1cc(-c2ccccc2)sc1NC(=O)CCCC(=O)O,0.3463053082957947,0.3463053082957947,0.3463053082957947,0.0,0.0,1,71,best_total_reward
123,COc1cc(CN2CCC3(C2)N=C(C)c2[nH]c(=N)[nH]c(=NCc4ccc(-c5ccccc5)cc4)c2N3)ccc1C,COc1cc(CN2CCC3(C2)N=C(C)c2[nH]c(=N)[nH]c(=NCc4ccc(-c5ccccc5)cc4)c2N3)ccc1C,0.3433184904416694,0.3433184904416694,0.3433184904416694,0.0,0.0,1,22,best_total_reward
124,Oc1ccc2c(c1)CCC21C=C(c2ccc(OCCCN3CCCCC3)cc2)c2cc(O)ccc21,Oc1ccc2c(c1)CCC21C=C(c2ccc(OCCCN3CCCCC3)cc2)c2cc(O)ccc21,0.3433177379184824,0.3433177379184824,0.3433177379184824,0.0,0.0,1,36,best_total_reward
125,Clc1ccc(Cn2ncc3ccccc32)cc1,Clc1ccc(Cn2ncc3ccccc32)cc1,0.3432764578525159,0.3432764578525159,0.3432764578525159,0.0,0.0,1,8,best_total_reward
126,O=S(=O)(O)c1ccc2[nH]c3c(c2c1)C(O)CNC3,O=S(=O)(O)c1ccc2[nH]c3c(c2c1)C(O)CNC3,0.3428237153199539,0.3428237153199539,0.3428237153199539,0.0,0.0,1,26,best_total_reward
127,N=C(Nc1cccnc1)SC(=N)c1ccc(Cl)cc1,N=C(Nc1cccnc1)SC(=N)c1ccc(Cl)cc1,0.3408480722466915,0.3408480722466915,0.3408480722466915,0.0,0.0,1,2,best_total_reward
128,N=C1C(=Cc2ccccc2Cl)C(=O)N=C2SCC(=O)N12,N=C1C(=Cc2ccccc2Cl)C(=O)N=C2SCC(=O)N12,0.34041071931977496,0.34041071931977496,0.34041071931977496,0.0,0.0,1,45,best_total_reward
129,CC(Oc1cccc(-n2[nH]c(=NC(O)c3c[nH]c(O)c3)cc2-c2cccc(OC(F)F)c2)c1)C(=O)O,CC(Oc1cccc(-n2[nH]c(=NC(O)c3c[nH]c(O)c3)cc2-c2cccc(OC(F)F)c2)c1)C(=O)O,0.3388363521684368,0.3388363521684368,0.3388363521684368,0.0,0.0,1,70,best_total_reward
130,Oc1ccc(O)n1-c1nc(=Nc2cccc(Cl)c2)[nH]c2ccccc12,Oc1ccc(O)n1-c1nc(=Nc2cccc(Cl)c2)[nH]c2ccccc12,0.3377595124281662,0.3377595124281662,0.3377595124281662,0.0,0.0,1,10,best_total_reward
131,O=C(N=c1cc[nH]cc1)NN=Cc1ccc(C(F)(F)F)cc1,O=C(N=c1cc[nH]cc1)NN=Cc1ccc(C(F)(F)F)cc1,0.33580971611649824,0.33580971611649824,0.33580971611649824,0.0,0.0,1,9,best_total_reward
132,CN(O)C=CC(=O)c1cccc([N+](=O)[O-])c1,CN(O)C=CC(=O)c1cccc([N+](=O)[O-])c1,0.33285770763652717,0.33285770763652717,0.33285770763652717,0.0,0.0,1,65,best_total_reward
133,COc1ccc(Cc2ccc(OCCn3ccnc3)cc2)cc1,COc1ccc(Cc2ccc(OCCn3ccnc3)cc2)cc1,0.33105238174361507,0.33105238174361507,0.33105238174361507,0.0,0.0,1,42,best_total_reward
134,O=C(Nc1ccc(Oc2ccc(-c3ccccc3)cc2)cc1)C1OC1c1cccnc1,O=C(Nc1ccc(Oc2ccc(-c3ccccc3)cc2)cc1)C1OC1c1cccnc1,0.3306008914627015,0.3306008914627015,0.3306008914627015,0.0,0.0,1,73,best_total_reward
135,O=Cc1cn(-c2cccc3ccccc23)cc1-c1nc2ccccc2o1,O=Cc1cn(-c2cccc3ccccc23)cc1-c1nc2ccccc2o1,0.33035175708225584,0.33035175708225584,0.33035175708225584,0.0,0.0,1,65,best_total_reward
136,N#CC1C(c2cccc(C(F)(F)F)c2)=NOC12C(=O)c1ccccc1C2=O,N#CC1C(c2cccc(C(F)(F)F)c2)=NOC12C(=O)c1ccccc1C2=O,0.3298053772570238,0.3298053772570238,0.3298053772570238,0.0,0.0,1,70,best_total_reward
137,O=C(NN=Cc1ccc(F)cc1)c1c[nH]c2c(C(F)(F)F)cccc2c1=O,O=C(NN=Cc1ccc(F)cc1)c1c[nH]c2c(C(F)(F)F)cccc2c1=O,0.3287650827850762,0.3287650827850762,0.3287650827850762,0.0,0.0,1,37,best_total_reward
138,Cc1c[nH]c(=O)nc1SCc1ccc(Cl)cc1,Cc1c[nH]c(=O)nc1SCc1ccc(Cl)cc1,0.32809520101451467,0.32809520101451467,0.32809520101451467,0.0,0.0,1,35,best_total_reward
139,O=C1C=CC2(CC1)OC(=O)C1=C2c2cccc3cccc(c23)C1,O=C1C=CC2(CC1)OC(=O)C1=C2c2cccc3cccc(c23)C1,0.3278077323289169,0.3278077323289169,0.3278077323289169,0.0,0.0,1,16,best_total_reward
140,O=C(Oc1ccc(Cl)cc1)c1ccc(-c2ccccc2)cc1,O=C(Oc1ccc(Cl)cc1)c1ccc(-c2ccccc2)cc1,0.32751234096984466,0.32751234096984466,0.32751234096984466,0.0,0.0,1,7,best_total_reward
141,CC(C)CC(N=c1[nH]c(N2CCc3ccccc3C2)nc(=NCCc2ccc(S(N)(=O)=O)cc2)[nH]1)C(=O)NCCOc1ccccc1,CC(C)CC(N=c1[nH]c(N2CCc3ccccc3C2)nc(=NCCc2ccc(S(N)(=O)=O)cc2)[nH]1)C(=O)NCCOc1ccccc1,0.32571130969099016,0.32571130969099016,0.32571130969099016,0.0,0.0,1,54,best_total_reward
142,CCn1c2ccc(C)cc2c2c(=O)[nH]ncc21,CCn1c2ccc(C)cc2c2c(=O)[nH]ncc21,0.325380048152612,0.325380048152612,0.325380048152612,0.0,0.0,1,45,best_total_reward
143,COc1ccc(N=c2c(C(=O)Nc3ccccc3)c[nH]c3c2c(C)nn3C)cc1,COc1ccc(N=c2c(C(=O)Nc3ccccc3)c[nH]c3c2c(C)nn3C)cc1,0.3243892622102318,0.3243892622102318,0.3243892622102318,0.0,0.0,1,13,best_total_reward
144,Oc1ccc(CNCc2ccccn2)cc1,Oc1ccc(CNCc2ccccn2)cc1,0.32420477889460864,0.32420477889460864,0.32420477889460864,0.0,0.0,1,52,best_total_reward
145,N#Cc1cccc(-c2cnc3ccc(N4CCC(N5CCCCC5)CC4)nc3n2)c1,N#Cc1cccc(-c2cnc3ccc(N4CCC(N5CCCCC5)CC4)nc3n2)c1,0.32017201072520557,0.32017201072520557,0.32017201072520557,0.0,0.0,1,58,best_total_reward
146,O=C(Oc1ccc(Cl)cc1Cl)c1cccc(Cl)c1Cl,O=C(Oc1ccc(Cl)cc1Cl)c1cccc(Cl)c1Cl,0.317974965470428,0.317974965470428,0.317974965470428,0.0,0.0,1,40,best_total_reward
147,O=C(O)Cn1c(SCc2ccc(Cl)cc2)nc(=O)c2n[nH]c(-c3cccs3)c21,O=C(O)Cn1c(SCc2ccc(Cl)cc2)nc(=O)c2n[nH]c(-c3cccs3)c21,0.31659898224107264,0.31659898224107264,0.31659898224107264,0.0,0.0,1,46,best_total_reward
148,COCCN=c1[nH]c(-c2csc(=NC(=O)Cc3cccnc3)[nH]2)cc2ccccc12,COCCN=c1[nH]c(-c2csc(=NC(=O)Cc3cccnc3)[nH]2)cc2ccccc12,0.3165216954607831,0.3165216954607831,0.3165216954607831,0.0,0.0,1,33,best_total_reward
149,OCCn1cc2c(oc3ccc(C(F)=C(Cl)Cl)cc32)c1O,OCCn1cc2c(oc3ccc(C(F)=C(Cl)Cl)cc32)c1O,0.31615165035885656,0.31615165035885656,0.31615165035885656,0.0,0.0,1,50,best_total_reward
150,O=C(c1ccc(CSCc2cccc(Cl)c2)cc1)N1CCC(N2CCCCC2=O)CC1,O=C(c1ccc(CSCc2cccc(Cl)c2)cc1)N1CCC(N2CCCCC2=O)CC1,0.31493426355089893,0.31493426355089893,0.31493426355089893,0.0,0.0,1,74,best_total_reward
151,O=C(N=c1nc(Cl)c2ccccc2[nH]1)NC(=O)c1ccccc1,O=C(N=c1nc(Cl)c2ccccc2[nH]1)NC(=O)c1ccccc1,0.3142058808631752,0.3142058808631752,0.3142058808631752,0.0,0.0,1,20,best_total_reward
152,Cc1ccc2oc(=O)c3c4ccc(O)cc4oc3c2c1,Cc1ccc2oc(=O)c3c4ccc(O)cc4oc3c2c1,0.3139689897873321,0.3139689897873321,0.3139689897873321,0.0,0.0,1,12,best_total_reward
153,C=Cc1ccc(NCc2ccc3[nH]c(=N)[nH]c(=N)c3c2)cc1Cl,C=Cc1ccc(NCc2ccc3[nH]c(=N)[nH]c(=N)c3c2)cc1Cl,0.31269179434224786,0.31269179434224786,0.31269179434224786,0.0,0.0,1,65,best_total_reward
154,CCOC(=O)c1sc(=NN=C(C)C(C)C)[nH]c1C,CCOC(=O)c1sc(=NN=C(C)C(C)C)[nH]c1C,0.31262821771384786,0.31262821771384786,0.31262821771384786,0.0,0.0,1,33,best_total_reward
155,O=C(CCC(CCCCc1nnnn1Cc1ccccc1)c1ccccc1)Nc1ccccc1,O=C(CCC(CCCCc1nnnn1Cc1ccccc1)c1ccccc1)Nc1ccccc1,0.3118933422027293,0.3118933422027293,0.3118933422027293,0.0,0.0,1,70,best_total_reward
156,C[n+]1cccc2c(-c3ccc(C=NNC4=NCCN4)cc3)cccc21,C[n+]1cccc2c(-c3ccc(C=NNC4=NCCN4)cc3)cccc21,0.3111088400034553,0.3111088400034553,0.3111088400034553,0.0,0.0,1,65,best_total_reward
157,C=CCN=c1[nH]cnc2c1cnn2-c1ccccc1,C=CCN=c1[nH]cnc2c1cnn2-c1ccccc1,0.309576805718764,0.309576805718764,0.309576805718764,0.0,0.0,1,43,best_total_reward
158,O=[N+]([O-])c1ccc(-c2cc(=S)ss2)cc1,O=[N+]([O-])c1ccc(-c2cc(=S)ss2)cc1,0.30731431706734413,0.30731431706734413,0.30731431706734413,0.0,0.0,1,13,best_total_reward
159,CCCCCC=CCC#CC#CC#CCC=CCCCCCC,CCCCCC=CCC#CC#CC#CCC=CCCCCCC,0.30719113710076046,0.30719113710076046,0.30719113710076046,0.0,0.0,1,9,best_total_reward
160,COc1ccc(N(C)c2ncc(C(=O)Nc3ccccc3)s2)cc1,COc1ccc(N(C)c2ncc(C(=O)Nc3ccccc3)s2)cc1,0.30681040382913644,0.30681040382913644,0.30681040382913644,0.0,0.0,1,50,best_total_reward
161,CCCCCCCC(=O)OC(=O)C(CC(C)C)NC(=O)C(CCCC)=NC(=O)Cc1ccccc1,CCCCCCCC(=O)OC(=O)C(CC(C)C)NC(=O)C(CCCC)=NC(=O)Cc1ccccc1,0.30679238647331497,0.30679238647331497,0.30679238647331497,0.0,0.0,1,35,best_total_reward
162,Cc1c(NC2CCCCC2)[nH]c(N2CCCC2)nc1=NCCO,Cc1c(NC2CCCCC2)[nH]c(N2CCCC2)nc1=NCCO,0.3067411095351318,0.3067411095351318,0.3067411095351318,0.0,0.0,1,25,best_total_reward
163,COc1ccc(-c2ccc(C(C)=CCn3cncn3)cc2)cc1OC1CCOCC1,COc1ccc(-c2ccc(C(C)=CCn3cncn3)cc2)cc1OC1CCOCC1,0.3065202711058253,0.3065202711058253,0.3065202711058253,0.0,0.0,1,1,best_total_reward
164,Cc1cccc(C=C2Oc3cc(O)cc(O)c3C2=O)c1O,Cc1cccc(C=C2Oc3cc(O)cc(O)c3C2=O)c1O,0.3058700996436608,0.3058700996436608,0.3058700996436608,0.0,0.0,1,31,best_total_reward
165,Cc1nc2c(C)cccn2c1C(=O)C=Cc1ccc(F)cc1F,Cc1nc2c(C)cccn2c1C(=O)C=Cc1ccc(F)cc1F,0.30200122435775767,0.30200122435775767,0.30200122435775767,0.0,0.0,1,21,best_total_reward
166,CC(=O)Nn1c(-c2cc3ccccc3cc2O)cnc1SC(C#N)=NNc1ccccc1Cl,CC(=O)Nn1c(-c2cc3ccccc3cc2O)cnc1SC(C#N)=NNc1ccccc1Cl,0.3001117202984027,0.3001117202984027,0.3001117202984027,0.0,0.0,1,21,best_total_reward
167,CC(C)(C)c1c(C#N)[n+]([O-])c2cc(Cl)c(Cl)cc2[n+]1[O-],CC(C)(C)c1c(C#N)[n+]([O-])c2cc(Cl)c(Cl)cc2[n+]1[O-],0.29775078336268723,0.29775078336268723,0.29775078336268723,0.0,0.0,1,11,best_total_reward
168,CON=C(CCl)c1ccc(C)cc1O,CON=C(CCl)c1ccc(C)cc1O,0.29762372574250573,0.29762372574250573,0.29762372574250573,0.0,0.0,1,17,best_total_reward
169,Cc1ccc(NC(=O)NC(C)c2ccc(C#N)c(C)n2)cc1Cl,Cc1ccc(NC(=O)NC(C)c2ccc(C#N)c(C)n2)cc1Cl,0.2965516054637999,0.2965516054637999,0.2965516054637999,0.0,0.0,1,52,best_total_reward
170,CS(=O)(=O)c1ccc(-c2c[nH]c3c(-c4cccc(N5CCNCC5)n4)cccc23)cc1,CS(=O)(=O)c1ccc(-c2c[nH]c3c(-c4cccc(N5CCNCC5)n4)cccc23)cc1,0.29624777422275855,0.29624777422275855,0.29624777422275855,0.0,0.0,1,25,best_total_reward
171,Cc1cc(S(=O)(=O)c2ccccc2)c(C(O)=NO)s1,Cc1cc(S(=O)(=O)c2ccccc2)c(C(O)=NO)s1,0.29615145169896107,0.29615145169896107,0.29615145169896107,0.0,0.0,1,30,best_total_reward
172,CCCCCCCCC=Cc1cc(C)n(O)c(=O)c1,CCCCCCCCC=Cc1cc(C)n(O)c(=O)c1,0.29117687160436195,0.29117687160436195,0.29117687160436195,0.0,0.0,1,4,best_total_reward
173,C=C(C)c1ccc(Oc2cccc3[nH]c(=O)[nH]c23)c(C)c1,C=C(C)c1ccc(Oc2cccc3[nH]c(=O)[nH]c23)c(C)c1,0.28522755507385966,0.28522755507385966,0.28522755507385966,0.0,0.0,1,65,best_total_reward
174,O=c1c2ccccc2[nH]c2ncc(CCCCO)cc12,O=c1c2ccccc2[nH]c2ncc(CCCCO)cc12,0.2842980960788271,0.2842980960788271,0.2842980960788271,0.0,0.0,1,65,best_total_reward
175,CCOC(=O)Cc1csc(=NC(=O)c2cc(C(C)C)n[nH]2)[nH]1,CCOC(=O)Cc1csc(=NC(=O)c2cc(C(C)C)n[nH]2)[nH]1,0.28323296756070965,0.28323296756070965,0.28323296756070965,0.0,0.0,1,47,best_total_reward
176,COc1ccccc1-c1ccc2c(c1)CC(C)(C)c1cc(C(N)=O)nn1-2,COc1ccccc1-c1ccc2c(c1)CC(C)(C)c1cc(C(N)=O)nn1-2,0.2818392539139745,0.2818392539139745,0.2818392539139745,0.0,0.0,1,38,best_total_reward
177,Clc1ccc(CNc2cnn3cc(Cl)ccc23)c(Br)c1,Clc1ccc(CNc2cnn3cc(Cl)ccc23)c(Br)c1,0.27820682403887653,0.27820682403887653,0.27820682403887653,0.0,0.0,1,38,best_total_reward
178,CCSc1oc(-c2ccccc2)nc1S(=O)(=O)c1ccccc1,CCSc1oc(-c2ccccc2)nc1S(=O)(=O)c1ccccc1,0.2777943503330473,0.2777943503330473,0.2777943503330473,0.0,0.0,1,39,best_total_reward
179,N=c1nc(-n2cnc3cc(Br)ccc32)cc[nH]1,N=c1nc(-n2cnc3cc(Br)ccc32)cc[nH]1,0.2773788123642549,0.2773788123642549,0.2773788123642549,0.0,0.0,1,40,best_total_reward
180,O=C(NN=Cc1ccc(F)cc1)c1ccc(F)cc1,O=C(NN=Cc1ccc(F)cc1)c1ccc(F)cc1,0.27702237121512524,0.27702237121512524,0.27702237121512524,0.0,0.0,1,58,best_total_reward
181,O=C(N=c1[nH]c2ccccc2s1)c1cc(O)c(O)c(O)c1,O=C(N=c1[nH]c2ccccc2s1)c1cc(O)c(O)c(O)c1,0.2764765229372474,0.2764765229372474,0.2764765229372474,0.0,0.0,1,50,best_total_reward
182,c1ccc(-c2nc3ccc(CN4CCC(N5CCCC5)CC4)cc3nc2-c2ccccc2)cc1,c1ccc(-c2nc3ccc(CN4CCC(N5CCCC5)CC4)cc3nc2-c2ccccc2)cc1,0.27599218889637556,0.27599218889637556,0.27599218889637556,0.0,0.0,1,9,best_total_reward
183,CCOC(=O)c1ccc(-n2cc(C(=O)NC(CC(=O)O)c3ccc(N4CCOCC4)s3)nc2-c2ccc(Cl)c(Cl)c2)cc1,CCOC(=O)c1ccc(-n2cc(C(=O)NC(CC(=O)O)c3ccc(N4CCOCC4)s3)nc2-c2ccc(Cl)c(Cl)c2)cc1,0.2738247776424204,0.2738247776424204,0.2738247776424204,0.0,0.0,1,15,best_total_reward
184,CCC(=O)N1CC(Nc2ccccc2)CC1C(=O)N(CCc1ccccc1)Cc1ccccc1,CCC(=O)N1CC(Nc2ccccc2)CC1C(=O)N(CCc1ccccc1)Cc1ccccc1,0.2733745823489102,0.2733745823489102,0.2733745823489102,0.0,0.0,1,63,best_total_reward
185,CC1=CC(C)(C)Nc2ccc3c(c21)C(CBr)Oc1ccccc1-3,CC1=CC(C)(C)Nc2ccc3c(c21)C(CBr)Oc1ccccc1-3,0.27317424933255247,0.27317424933255247,0.27317424933255247,0.0,0.0,1,43,best_total_reward
186,N#CCCSc1nc2[nH]c3ccc(Br)cc3c2s1,N#CCCSc1nc2[nH]c3ccc(Br)cc3c2s1,0.2721055767800677,0.2721055767800677,0.2721055767800677,0.0,0.0,1,24,best_total_reward
187,Nc1ccc(S(=O)(=O)NCCCC(NC(=O)CCC(N)C(=O)O)C(=O)O)cc1,Nc1ccc(S(=O)(=O)NCCCC(NC(=O)CCC(N)C(=O)O)C(=O)O)cc1,0.27062265057140883,0.27062265057140883,0.27062265057140883,0.0,0.0,1,9,best_total_reward
188,O=C(Cc1ccccc1)Nc1ccc2[nH]c(=NC(=O)c3ccccc3F)sc2c1,O=C(Cc1ccccc1)Nc1ccc2[nH]c(=NC(=O)c3ccccc3F)sc2c1,0.27042259587376993,0.27042259587376993,0.27042259587376993,0.0,0.0,1,71,best_total_reward
189,COc1nc(=NC2CCN(C(C)C)CC2)[nH]c(=Nc2ccc3cc(C)[nH]c3c2)[nH]1,COc1nc(=NC2CCN(C(C)C)CC2)[nH]c(=Nc2ccc3cc(C)[nH]c3c2)[nH]1,0.2694552101414557,0.2694552101414557,0.2694552101414557,0.0,0.0,1,18,best_total_reward
190,O=C(Cc1ccccc1)N=c1nc(-c2cccc(C(F)(F)F)c2)s[nH]1,O=C(Cc1ccccc1)N=c1nc(-c2cccc(C(F)(F)F)c2)s[nH]1,0.26886822307863345,0.26886822307863345,0.26886822307863345,0.0,0.0,1,46,best_total_reward
191,CCCCn1c(=O)n(CC(=O)NC(Cc2ccccc2)C(=O)C(=O)NCc2ccc(Cl)cc2)c2ccccc21,CCCCn1c(=O)n(CC(=O)NC(Cc2ccccc2)C(=O)C(=O)NCc2ccc(Cl)cc2)c2ccccc21,0.26792943644064016,0.26792943644064016,0.26792943644064016,0.0,0.0,1,25,best_total_reward
192,O=c1[nH]cnc2c1ncn2-c1ccc([N+](=O)[O-])cc1,O=c1[nH]cnc2c1ncn2-c1ccc([N+](=O)[O-])cc1,0.2676130549084076,0.2676130549084076,0.2676130549084076,0.0,0.0,1,61,best_total_reward
193,FC(F)(F)c1ccc(N2CCC(c3nnc4n3-c3ccc(Cl)cc3COC4)CC2)cc1,FC(F)(F)c1ccc(N2CCC(c3nnc4n3-c3ccc(Cl)cc3COC4)CC2)cc1,0.26737748117035537,0.26737748117035537,0.26737748117035537,0.0,0.0,1,27,best_total_reward
194,COc1ccc(C2=NN(N=Nc3ccc(Cl)cc3)C(=O)C(C#N)C2c2ccsc2)cc1,COc1ccc(C2=NN(N=Nc3ccc(Cl)cc3)C(=O)C(C#N)C2c2ccsc2)cc1,0.2664137336279946,0.2664137336279946,0.2664137336279946,0.0,0.0,1,66,best_total_reward
195,O=[N+]([O-])C=Cc1c[nH]c2ccccc12,O=[N+]([O-])C=Cc1c[nH]c2ccccc12,0.26534823470213775,0.26534823470213775,0.26534823470213775,0.0,0.0,1,46,best_total_reward
196,COc1cccc(COC(=O)c2nc(-c3ccccc3)n3ccccc23)c1F,COc1cccc(COC(=O)c2nc(-c3ccccc3)n3ccccc23)c1F,0.2646108673126927,0.2646108673126927,0.2646108673126927,0.0,0.0,1,68,best_total_reward
197,Cc1ccc2cc(CN(C)Cc3ccccc3)c(=O)[nH]c2c1,Cc1ccc2cc(CN(C)Cc3ccccc3)c(=O)[nH]c2c1,0.26433225503984736,0.26433225503984736,0.26433225503984736,0.0,0.0,1,35,best_total_reward
198,Cn1c(CNc2ccc3c(c2)OCO3)nnc1Sc1ncc([N+](=O)[O-])s1,Cn1c(CNc2ccc3c(c2)OCO3)nnc1Sc1ncc([N+](=O)[O-])s1,0.26429559895250354,0.26429559895250354,0.26429559895250354,0.0,0.0,1,9,best_total_reward
199,N=c1sc(=Nc2ccccc2)[nH]c2ccccc12,N=c1sc(=Nc2ccccc2)[nH]c2ccccc12,0.2642276269134751,0.2642276269134751,0.2642276269134751,0.0,0.0,1,50,best_total_reward
200,O=C(NN=Cc1ccccc1F)c1cccc(Cl)c1,O=C(NN=Cc1ccccc1F)c1cccc(Cl)c1,0.26395163565212054,0.26395163565212054,0.26395163565212054,0.0,0.0,1,43,best_total_reward
201,CCOC(=O)c1ccc(NC(=O)N=c2ccc(C(N)=O)c[nH]2)cc1,CCOC(=O)c1ccc(NC(=O)N=c2ccc(C(N)=O)c[nH]2)cc1,0.2636908427580196,0.2636908427580196,0.2636908427580196,0.0,0.0,1,54,best_total_reward
202,COc1cccc(C=NN=Cc2ccccc2OC)c1,COc1cccc(C=NN=Cc2ccccc2OC)c1,0.2619055392758037,0.2619055392758037,0.2619055392758037,0.0,0.0,1,69,best_total_reward
203,Cc1ccc2nc(-c3ccc(C#N)c(F)c3)oc2c1,Cc1ccc2nc(-c3ccc(C#N)c(F)c3)oc2c1,0.2613860657353611,0.2613860657353611,0.2613860657353611,0.0,0.0,1,73,best_total_reward
204,NC(CC(=O)O)CC(C(=O)O)C(=O)N=C(CCC(O)OC1CCC1)C(=O)O,NC(CC(=O)O)CC(C(=O)O)C(=O)N=C(CCC(O)OC1CCC1)C(=O)O,0.26113569458837227,0.26113569458837227,0.26113569458837227,0.0,0.0,1,59,best_total_reward
205,O=C(C=C1CCCc2ccccc21)C(F)(F)F,O=C(C=C1CCCc2ccccc21)C(F)(F)F,0.2605660936385985,0.2605660936385985,0.2605660936385985,0.0,0.0,1,56,best_total_reward
206,CC(C)(C)OC(=O)c1ccc(N=Cc2cc(O)cc(O)c2)cc1,CC(C)(C)OC(=O)c1ccc(N=Cc2cc(O)cc(O)c2)cc1,0.2599398710188854,0.2599398710188854,0.2599398710188854,0.0,0.0,1,5,best_total_reward
207,COc1cccc(C=NNC(=O)c2nn(-c3ccccn3)c3ccccc23)c1OC,COc1cccc(C=NNC(=O)c2nn(-c3ccccn3)c3ccccc23)c1OC,0.2590557186729115,0.2590557186729115,0.2590557186729115,0.0,0.0,1,7,best_total_reward
208,CC(C)=CCCC(C)=CCCC(C)=CCSc1nc(N2CCOCC2)nc(N2CCN(C)CC2)c1C(=O)NCC(C)C,CC(C)=CCCC(C)=CCCC(C)=CCSc1nc(N2CCOCC2)nc(N2CCN(C)CC2)c1C(=O)NCC(C)C,0.2589442468662205,0.2589442468662205,0.2589442468662205,0.0,0.0,1,29,best_total_reward
209,O=C(Nc1ccc(Sc2cnnc3[nH]ncc23)cc1)c1cccc(C(F)(F)F)c1,O=C(Nc1ccc(Sc2cnnc3[nH]ncc23)cc1)c1cccc(C(F)(F)F)c1,0.2583136400724462,0.2583136400724462,0.2583136400724462,0.0,0.0,1,43,best_total_reward
210,Cc1cccc(C(=O)NNC(=S)Nc2ccc(Cl)cc2)c1O,Cc1cccc(C(=O)NNC(=S)Nc2ccc(Cl)cc2)c1O,0.2566565412671783,0.2566565412671783,0.2566565412671783,0.0,0.0,1,22,best_total_reward
211,CC(C)Oc1ccc2c(c1)c(C(=O)c1c[nH]c3ccc(C#N)cc13)cn2C(=O)N(C)C,CC(C)Oc1ccc2c(c1)c(C(=O)c1c[nH]c3ccc(C#N)cc13)cn2C(=O)N(C)C,0.2565455852217306,0.2565455852217306,0.2565455852217306,0.0,0.0,1,19,best_total_reward
212,CC1Cc2ccccc2N1C(=O)COc1ccc(Cl)cc1Br,CC1Cc2ccccc2N1C(=O)COc1ccc(Cl)cc1Br,0.25620331897784393,0.25620331897784393,0.25620331897784393,0.0,0.0,1,6,best_total_reward
213,c1ccc2c(c1)-c1ccccc1C2(Sc1c[nH]nn1)c1cncnc1,c1ccc2c(c1)-c1ccccc1C2(Sc1c[nH]nn1)c1cncnc1,0.25583013750814926,0.25583013750814926,0.25583013750814926,0.0,0.0,1,8,best_total_reward
214,O=[N+]([O-])c1ccc2nc(-c3ccoc3)n(CC3COc4ccccc4O3)c2c1,O=[N+]([O-])c1ccc2nc(-c3ccoc3)n(CC3COc4ccccc4O3)c2c1,0.25507234185434396,0.25507234185434396,0.25507234185434396,0.0,0.0,1,54,best_total_reward
215,Cc1c(-c2ccc([N+](=O)[O-])cc2)c(=O)oc2cc(N)ccc12,Cc1c(-c2ccc([N+](=O)[O-])cc2)c(=O)oc2cc(N)ccc12,0.25429673313318774,0.25429673313318774,0.25429673313318774,0.0,0.0,1,60,best_total_reward
216,C[n+]1ccccc1C=c1c(=C(C#N)C#N)ccc2c(N)cc(S(C)(=O)=O)cc12,C[n+]1ccccc1C=c1c(=C(C#N)C#N)ccc2c(N)cc(S(C)(=O)=O)cc12,0.25380596062693817,0.25380596062693817,0.25380596062693817,0.0,0.0,1,18,best_total_reward
217,Cn1cc(Cl)c(C(=O)NNC(=O)Nc2ccc(Cl)c(C(F)(F)F)c2)n1,Cn1cc(Cl)c(C(=O)NNC(=O)Nc2ccc(Cl)c(C(F)(F)F)c2)n1,0.2514183216923666,0.2514183216923666,0.2514183216923666,0.0,0.0,1,63,best_total_reward
218,COc1ccc(Cl)cc1NC(=O)CSc1nc(-c2ccco2)cc(C(F)(F)F)n1,COc1ccc(Cl)cc1NC(=O)CSc1nc(-c2ccco2)cc(C(F)(F)F)n1,0.2512491319448347,0.2512491319448347,0.2512491319448347,0.0,0.0,1,18,best_total_reward
219,CCC(=NN=c1nc(C)cc(C)[nH]1)c1ccc(Br)cc1,CCC(=NN=c1nc(C)cc(C)[nH]1)c1ccc(Br)cc1,0.2511441329986113,0.2511441329986113,0.2511441329986113,0.0,0.0,1,61,best_total_reward
220,CC(c1ccc(Cl)cc1)c1nc(-c2ccccc2)nc(=NCO)[nH]1,CC(c1ccc(Cl)cc1)c1nc(-c2ccccc2)nc(=NCO)[nH]1,0.25083044617467826,0.25083044617467826,0.25083044617467826,0.0,0.0,1,56,best_total_reward
221,Cc1c(Cc2ccccc2)c(Cl)nn1-c1ccccn1,Cc1c(Cc2ccccc2)c(Cl)nn1-c1ccccn1,0.25022044920789066,0.25022044920789066,0.25022044920789066,0.0,0.0,1,12,best_total_reward
222,C=c1[nH]n(-c2ccccc2)c(=O)c1=c1ccc(=c2ccc(=CC(C#N)C#N)cc2)o1,C=c1[nH]n(-c2ccccc2)c(=O)c1=c1ccc(=c2ccc(=CC(C#N)C#N)cc2)o1,0.24991721456977292,0.24991721456977292,0.24991721456977292,0.0,0.0,1,46,best_total_reward
223,O=C(O)c1cc(COc2ccccc2)ccc1O,O=C(O)c1cc(COc2ccccc2)ccc1O,0.24984209213647982,0.24984209213647982,0.24984209213647982,0.0,0.0,1,72,best_total_reward
224,CN(C)c1ncnc2c1ncn2Cc1ccc(CN2CCCC2)cc1,CN(C)c1ncnc2c1ncn2Cc1ccc(CN2CCCC2)cc1,0.24971698855708127,0.24971698855708127,0.24971698855708127,0.0,0.0,1,75,best_total_reward
225,COc1cc(OC(C)=O)cc2c1C(=O)C1=Cc3sc(C(=O)N(C)C)cc3OC1(O)O2,COc1cc(OC(C)=O)cc2c1C(=O)C1=Cc3sc(C(=O)N(C)C)cc3OC1(O)O2,0.24866709682954435,0.24866709682954435,0.24866709682954435,0.0,0.0,1,43,best_total_reward
226,Cc1c2c3c(n[nH]c3c3[nH]c4cccc(OC(=O)c5ccccc5)c4c13)C=CN2,Cc1c2c3c(n[nH]c3c3[nH]c4cccc(OC(=O)c5ccccc5)c4c13)C=CN2,0.24814353770581887,0.24814353770581887,0.24814353770581887,0.0,0.0,1,73,best_total_reward
227,COc1cccc(CNC(=O)c2cnc3c(-c4cccc(Cl)c4)c(C)nn3c2C)c1,COc1cccc(CNC(=O)c2cnc3c(-c4cccc(Cl)c4)c(C)nn3c2C)c1,0.24802888252679242,0.24802888252679242,0.24802888252679242,0.0,0.0,1,70,best_total_reward
228,CC(C)c1cc2c(c(Cl)c1Cl)OC(O)(C(F)(F)F)OC2,CC(C)c1cc2c(c(Cl)c1Cl)OC(O)(C(F)(F)F)OC2,0.24756223788752518,0.24756223788752518,0.24756223788752518,0.0,0.0,1,6,best_total_reward
229,CCOc1ccc(C=NNC(=O)c2s[n+](C)c3ccccc23)c(O)c1,CCOc1ccc(C=NNC(=O)c2s[n+](C)c3ccccc23)c(O)c1,0.2466213555622583,0.2466213555622583,0.2466213555622583,0.0,0.0,1,53,best_total_reward
230,CC(C)(C)c1nc(-c2ccc(Cl)cc2)c(N)s1,CC(C)(C)c1nc(-c2ccc(Cl)cc2)c(N)s1,0.24644444253930473,0.24644444253930473,0.24644444253930473,0.0,0.0,1,52,best_total_reward
231,CN(CCCN1CCc2cc(O)c(O)cc2CC1=O)CCC(c1ccccc1)c1ccccc1,CN(CCCN1CCc2cc(O)c(O)cc2CC1=O)CCC(c1ccccc1)c1ccccc1,0.24639757136388354,0.24639757136388354,0.24639757136388354,0.0,0.0,1,5,best_total_reward
232,Nn1cc(COc2ccc(C=Cc3ccccc3)cc2)nn1,Nn1cc(COc2ccc(C=Cc3ccccc3)cc2)nn1,0.24563707993870032,0.24563707993870032,0.24563707993870032,0.0,0.0,1,18,best_total_reward
233,O=C(Nc1cccc(-c2ccc(CN3CCOCC3)cc2)c1)c1cn(Cc2ccccc2)nn1,O=C(Nc1cccc(-c2ccc(CN3CCOCC3)cc2)c1)c1cn(Cc2ccccc2)nn1,0.2452492712107941,0.2452492712107941,0.2452492712107941,0.0,0.0,1,38,best_total_reward
234,CNCCn1oc(=O)n2c3c(=O)[nH]c(=O)n(C)c3nc12,CNCCn1oc(=O)n2c3c(=O)[nH]c(=O)n(C)c3nc12,0.2439596119559217,0.2439596119559217,0.2439596119559217,0.0,0.0,1,24,best_total_reward
235,CCC(=O)Nc1cccc(C2=NOC3(C2)CC(C(N)=O)N(C(c2ccccc2)c2ccccc2)C3)c1,CCC(=O)Nc1cccc(C2=NOC3(C2)CC(C(N)=O)N(C(c2ccccc2)c2ccccc2)C3)c1,0.24343424139485853,0.24343424139485853,0.24343424139485853,0.0,0.0,1,12,best_total_reward
236,N=C(N)NCc1ccc(-c2nccs2)cc1,N=C(N)NCc1ccc(-c2nccs2)cc1,0.24322328417588487,0.24322328417588487,0.24322328417588487,0.0,0.0,1,68,best_total_reward
237,O=c1[nH]oc(=O)n1CCN1CCN(c2ccc(C(F)(F)F)cc2)CC1,O=c1[nH]oc(=O)n1CCN1CCN(c2ccc(C(F)(F)F)cc2)CC1,0.24272942486185559,0.24272942486185559,0.24272942486185559,0.0,0.0,1,64,best_total_reward
238,COc1cc(CCNCC(O)c2ccc(O)cc2)ccc1OCCCc1ccccc1,COc1cc(CCNCC(O)c2ccc(O)cc2)ccc1OCCCc1ccccc1,0.2427090618157371,0.2427090618157371,0.2427090618157371,0.0,0.0,1,7,best_total_reward
239,Cc1ccn2c(CNC(=O)c3ccccn3)c(-c3ccc(F)cc3)nc2c1,Cc1ccn2c(CNC(=O)c3ccccn3)c(-c3ccc(F)cc3)nc2c1,0.24247948092632285,0.24247948092632285,0.24247948092632285,0.0,0.0,1,21,best_total_reward
240,O=S(=O)(Nc1ccn(-c2ccccc2)n1)C(F)(F)F,O=S(=O)(Nc1ccn(-c2ccccc2)n1)C(F)(F)F,0.24243738327596676,0.24243738327596676,0.24243738327596676,0.0,0.0,1,28,best_total_reward
241,CC1(C)CCCC2(C)C1CCC(C)(O)C2CC(=O)OCc1cn(-c2ccc(F)c(F)c2)nn1,CC1(C)CCCC2(C)C1CCC(C)(O)C2CC(=O)OCc1cn(-c2ccc(F)c(F)c2)nn1,0.24239634139263366,0.24239634139263366,0.24239634139263366,0.0,0.0,1,28,best_total_reward
242,C(=Cc1ccccn1)c1ccccc1,C(=Cc1ccccn1)c1ccccc1,0.24232905285547043,0.24232905285547043,0.24232905285547043,0.0,0.0,1,1,best_total_reward
243,COC(=O)c1ccc(-c2nc(-c3cccc(C(F)(F)F)c3)c[nH]2)cc1,COC(=O)c1ccc(-c2nc(-c3cccc(C(F)(F)F)c3)c[nH]2)cc1,0.2415633626894561,0.2415633626894561,0.2415633626894561,0.0,0.0,1,23,best_total_reward
244,CC1CCCCC1=NN=c1[nH]c(-c2cc3ccccc3o2)cs1,CC1CCCCC1=NN=c1[nH]c(-c2cc3ccccc3o2)cs1,0.2415285362521091,0.2415285362521091,0.2415285362521091,0.0,0.0,1,75,best_total_reward
245,CN=c1nc(OCCCN(C)C)[nH]c2[nH]c(Cc3ccc(C)cc3)nc12,CN=c1nc(OCCCN(C)C)[nH]c2[nH]c(Cc3ccc(C)cc3)nc12,0.2408043209281992,0.2408043209281992,0.2408043209281992,0.0,0.0,1,3,best_total_reward
246,O=C(N=c1[nH]c(-c2ccc(O)c([N+](=O)[O-])c2)cs1)C1CC(c2ccc(Cl)cc2)=NO1,O=C(N=c1[nH]c(-c2ccc(O)c([N+](=O)[O-])c2)cs1)C1CC(c2ccc(Cl)cc2)=NO1,0.24022442890620993,0.24022442890620993,0.24022442890620993,0.0,0.0,1,48,best_total_reward
247,CCN(Cc1coc(-c2ccccc2)n1)c1ccc(OC)cc1,CCN(Cc1coc(-c2ccccc2)n1)c1ccc(OC)cc1,0.23863785523791822,0.23863785523791822,0.23863785523791822,0.0,0.0,1,73,best_total_reward
248,COc1ccc(OC)c(C=C(C(=O)Nc2cccc(C(F)(F)F)c2)c2ccc(Cl)cc2)c1,COc1ccc(OC)c(C=C(C(=O)Nc2cccc(C(F)(F)F)c2)c2ccc(Cl)cc2)c1,0.23822155676075446,0.23822155676075446,0.23822155676075446,0.0,0.0,1,17,best_total_reward
249,CCc1nc(C)nc(-c2c(Cl)c(C)nn2C)n1,CCc1nc(C)nc(-c2c(Cl)c(C)nn2C)n1,0.23809770745754258,0.23809770745754258,0.23809770745754258,0.0,0.0,1,30,best_total_reward
250,c1ccc(CCN(CCN2CCN(c3nsc4ccccc34)CC2)C2CCCc3ccccc32)cc1,c1ccc(CCN(CCN2CCN(c3nsc4ccccc34)CC2)C2CCCc3ccccc32)cc1,0.23788443117492106,0.23788443117492106,0.23788443117492106,0.0,0.0,1,19,best_total_reward
251,O=C(O)CCc1nnn(-c2ccc(Cl)cc2)c1Sc1ccccc1Br,O=C(O)CCc1nnn(-c2ccc(Cl)cc2)c1Sc1ccccc1Br,0.23771673314999822,0.23771673314999822,0.23771673314999822,0.0,0.0,1,44,best_total_reward
252,NC(=O)CC(N)C(=O)NC(CC(=O)O)C(=O)O,NC(=O)CC(N)C(=O)NC(CC(=O)O)C(=O)O,0.2356541163881509,0.2356541163881509,0.2356541163881509,0.0,0.0,1,10,best_total_reward
253,CCOc1ccc(N=c2ssnc2Cl)cc1,CCOc1ccc(N=c2ssnc2Cl)cc1,0.23561742965649457,0.23561742965649457,0.23561742965649457,0.0,0.0,1,50,best_total_reward
254,COC(=O)Nc1ccc2c(c1)nc(-c1ccccc1)n2-c1ccccc1,COC(=O)Nc1ccc2c(c1)nc(-c1ccccc1)n2-c1ccccc1,0.23420509529877845,0.23420509529877845,0.23420509529877845,0.0,0.0,1,39,best_total_reward
255,COc1cc2c(=Nc3ccc(Cl)c(Cl)c3F)[nH]cnc2cc1OCCCN1CCCC1,COc1cc2c(=Nc3ccc(Cl)c(Cl)c3F)[nH]cnc2cc1OCCCN1CCCC1,0.23418757082822625,0.23418757082822625,0.23418757082822625,0.0,0.0,1,41,best_total_reward
256,Fc1ccc(N=c2[nH]cccc2-c2ccccn2)cc1,Fc1ccc(N=c2[nH]cccc2-c2ccccn2)cc1,0.2335044568124758,0.2335044568124758,0.2335044568124758,0.0,0.0,1,75,best_total_reward
257,C=CCOc1cccc(NC(=O)Nc2ccc([N+](=O)[O-])cc2)c1,C=CCOc1cccc(NC(=O)Nc2ccc([N+](=O)[O-])cc2)c1,0.2333121599101019,0.2333121599101019,0.2333121599101019,0.0,0.0,1,29,best_total_reward
258,COc1ccc(-c2csc(=NN=C(C)c3ccc(NC(=O)C(=O)O)cc3)n2-c2ccccc2)cc1,COc1ccc(-c2csc(=NN=C(C)c3ccc(NC(=O)C(=O)O)cc3)n2-c2ccccc2)cc1,0.2332780150228541,0.2332780150228541,0.2332780150228541,0.0,0.0,1,57,best_total_reward
259,O=C([O-])CN(CCCCC=CBr)c1ccc(Cl)c(Cl)c1,O=C([O-])CN(CCCCC=CBr)c1ccc(Cl)c(Cl)c1,0.2325072566015174,0.2325072566015174,0.2325072566015174,0.0,0.0,1,21,best_total_reward
260,NCC(c1nn[nH]n1)N1c2ccccc2Sc2ccccc21,NCC(c1nn[nH]n1)N1c2ccccc2Sc2ccccc21,0.23149584981958762,0.23149584981958762,0.23149584981958762,0.0,0.0,1,6,best_total_reward
261,NC(=O)c1cc(-c2ccc(Br)cc2)nc2cc(O)ccc12,NC(=O)c1cc(-c2ccc(Br)cc2)nc2cc(O)ccc12,0.23004057369329595,0.23004057369329595,0.23004057369329595,0.0,0.0,1,13,best_total_reward
262,CC(=O)c1c(NC(=O)C=C(C)C)oc2ccccc2c1=O,CC(=O)c1c(NC(=O)C=C(C)C)oc2ccccc2c1=O,0.2297623875513223,0.2297623875513223,0.2297623875513223,0.0,0.0,1,7,best_total_reward
263,Cc1ccc2[nH]c(=O)c(C=NNC(=O)c3cccs3)cc2c1,Cc1ccc2[nH]c(=O)c(C=NNC(=O)c3cccs3)cc2c1,0.22930302101592748,0.22930302101592748,0.22930302101592748,0.0,0.0,1,21,best_total_reward
264,O=C(O)c1c(-c2ccccc2)sc2c1C(c1ccccc1)c1ccc(O)cc1O2,O=C(O)c1c(-c2ccccc2)sc2c1C(c1ccccc1)c1ccc(O)cc1O2,0.22903905248584625,0.22903905248584625,0.22903905248584625,0.0,0.0,1,45,best_total_reward
265,CCCCc1ccc(-c2ccc(CC3=NC(=S)NC3=O)s2)cc1,CCCCc1ccc(-c2ccc(CC3=NC(=S)NC3=O)s2)cc1,0.22902187614184466,0.22902187614184466,0.22902187614184466,0.0,0.0,1,6,best_total_reward
266,CC(=O)NCC1CN(c2ccc(-c3ccc(-c4cccs4)cc3)nc2)C(=O)O1,CC(=O)NCC1CN(c2ccc(-c3ccc(-c4cccs4)cc3)nc2)C(=O)O1,0.2275792093313298,0.2275792093313298,0.2275792093313298,0.0,0.0,1,19,best_total_reward
267,CN1CCN(CCCN=c2nc3[nH]c(=NC(=O)NC(C)(C)C)c(-c4ccccc4Cl)cc3c[nH]2)CC1,CN1CCN(CCCN=c2nc3[nH]c(=NC(=O)NC(C)(C)C)c(-c4ccccc4Cl)cc3c[nH]2)CC1,0.22719565979953696,0.22719565979953696,0.22719565979953696,0.0,0.0,1,11,best_total_reward
268,COc1ccccc1CNC1CCCCC1NCc1ccc(C(C)(C)C)cc1,COc1ccccc1CNC1CCCCC1NCc1ccc(C(C)(C)C)cc1,0.2267460243726501,0.2267460243726501,0.2267460243726501,0.0,0.0,1,42,best_total_reward
269,O=C(C=Cc1ccc(O)c(O)c1)OCC1CN(c2ccc(-c3ccc(-c4csnn4)nc3)c(F)c2)C(=O)O1,O=C(C=Cc1ccc(O)c(O)c1)OCC1CN(c2ccc(-c3ccc(-c4csnn4)nc3)c(F)c2)C(=O)O1,0.22663951543233607,0.22663951543233607,0.22663951543233607,0.0,0.0,1,72,best_total_reward
270,CC(=O)c1ccc(NC(=O)c2cc(-c3cccs3)nc3ccccc23)cc1,CC(=O)c1ccc(NC(=O)c2cc(-c3cccs3)nc3ccccc23)cc1,0.2260851684871657,0.2260851684871657,0.2260851684871657,0.0,0.0,1,37,best_total_reward
271,O=C1Nc2ccccc2C1=Cc1ccc(C(=O)O)cc1,O=C1Nc2ccccc2C1=Cc1ccc(C(=O)O)cc1,0.22458894934747117,0.22458894934747117,0.22458894934747117,0.0,0.0,1,56,best_total_reward
272,O=c1c2c(-c3ccc(C(F)(F)F)cc3)csc2[nH]c(=S)n1-c1ccc(Cl)cc1,O=c1c2c(-c3ccc(C(F)(F)F)cc3)csc2[nH]c(=S)n1-c1ccc(Cl)cc1,0.22373891532886023,0.22373891532886023,0.22373891532886023,0.0,0.0,1,74,best_total_reward
273,O=c1oc2ccccc2c2c1cnn2-c1ccc(Cl)cc1,O=c1oc2ccccc2c2c1cnn2-c1ccc(Cl)cc1,0.22361855008723616,0.22361855008723616,0.22361855008723616,0.0,0.0,1,57,best_total_reward
274,O=C1C(Cl)C(c2cn(-c3ccc([N+](=O)[O-])cc3)nc2-c2ccccn2)N1c1ccccc1,O=C1C(Cl)C(c2cn(-c3ccc([N+](=O)[O-])cc3)nc2-c2ccccn2)N1c1ccccc1,0.22299437735499197,0.22299437735499197,0.22299437735499197,0.0,0.0,1,7,best_total_reward
275,Cc1ccc(NC(=O)Nc2cccc(Br)c2)cn1,Cc1ccc(NC(=O)Nc2cccc(Br)c2)cn1,0.22171318562224762,0.22171318562224762,0.22171318562224762,0.0,0.0,1,23,best_total_reward
276,CC=Cc1nccc2c3ccccc3n(CCN)c12,CC=Cc1nccc2c3ccccc3n(CCN)c12,0.22126031133968743,0.22126031133968743,0.22126031133968743,0.0,0.0,1,51,best_total_reward
277,O=C(CN1C(=O)C(=Cc2cccc(O)c2)SC1=S)Nc1cccnc1,O=C(CN1C(=O)C(=Cc2cccc(O)c2)SC1=S)Nc1cccnc1,0.22113716279339574,0.22113716279339574,0.22113716279339574,0.0,0.0,1,47,best_total_reward
278,N=c1nc(-c2ccc(F)cc2)c2c([nH]1)CCCC2,N=c1nc(-c2ccc(F)cc2)c2c([nH]1)CCCC2,0.22095698484381535,0.22095698484381535,0.22095698484381535,0.0,0.0,1,15,best_total_reward
279,CC(=O)N=C1C(=O)NC2C(=O)OCC12,CC(=O)N=C1C(=O)NC2C(=O)OCC12,0.22043635151961008,0.22043635151961008,0.22043635151961008,0.0,0.0,1,60,best_total_reward
280,CN(C)CCNC(=O)c1cc2cccc(NC(=O)Nc3ccccc3-c3ccccc3)c2[nH]1,CN(C)CCNC(=O)c1cc2cccc(NC(=O)Nc3ccccc3-c3ccccc3)c2[nH]1,0.2201422602622768,0.2201422602622768,0.2201422602622768,0.0,0.0,1,37,best_total_reward
281,O=[N+]([O-])c1ccc(S(=O)(=O)NCCCO)c2nc3ccccc3cc12,O=[N+]([O-])c1ccc(S(=O)(=O)NCCCO)c2nc3ccccc3cc12,0.21986874763966582,0.21986874763966582,0.21986874763966582,0.0,0.0,1,57,best_total_reward
282,COc1ccc(C2CC(=NN3CCN(C)CC3)C(C)C(c3ccc(OC)cc3)N2)cc1,COc1ccc(C2CC(=NN3CCN(C)CC3)C(C)C(c3ccc(OC)cc3)N2)cc1,0.2195113152599222,0.2195113152599222,0.2195113152599222,0.0,0.0,1,72,best_total_reward
283,Cc1nc(-c2ccccc2)c2c3c(sc2n1)CC(C)CC3,Cc1nc(-c2ccccc2)c2c3c(sc2n1)CC(C)CC3,0.21939637890810312,0.21939637890810312,0.21939637890810312,0.0,0.0,1,55,best_total_reward
284,C#CCOc1nc(-c2ccccn2)ncc1Oc1cccc([N+](=O)[O-])c1,C#CCOc1nc(-c2ccccn2)ncc1Oc1cccc([N+](=O)[O-])c1,0.21894974611407306,0.21894974611407306,0.21894974611407306,0.0,0.0,1,69,best_total_reward
285,Cc1csc2nc(SCCCN(C)C)n(CCCN)c12,Cc1csc2nc(SCCCN(C)C)n(CCCN)c12,0.21821061147068285,0.21821061147068285,0.21821061147068285,0.0,0.0,1,40,best_total_reward
286,CN(Cc1ccccc1)C(=O)C1CC(CC(=O)O)CN(Cc2ccc(Oc3cccc4c(=O)[nH]ncc34)cc2)C1=O,CN(Cc1ccccc1)C(=O)C1CC(CC(=O)O)CN(Cc2ccc(Oc3cccc4c(=O)[nH]ncc34)cc2)C1=O,0.21819979265782943,0.21819979265782943,0.21819979265782943,0.0,0.0,1,3,best_total_reward
287,O=C(O)Cc1ccc(COc2cccc(-c3ccc(Cl)cc3)c2)cc1,O=C(O)Cc1ccc(COc2cccc(-c3ccc(Cl)cc3)c2)cc1,0.21800904245193464,0.21800904245193464,0.21800904245193464,0.0,0.0,1,62,best_total_reward
288,Cc1nc(CSc2nc(=Nc3ccc(F)cc3)c3c([nH]2)OC(=N)C(C#N)C3c2ccccc2)cs1,Cc1nc(CSc2nc(=Nc3ccc(F)cc3)c3c([nH]2)OC(=N)C(C#N)C3c2ccccc2)cs1,0.21715344884365018,0.21715344884365018,0.21715344884365018,0.0,0.0,1,51,best_total_reward
289,NC(=O)c1ccc(-n2ncc3c(C(F)(F)F)cc(-c4ccc(N5CCNCC5)cc4)nc32)cc1,NC(=O)c1ccc(-n2ncc3c(C(F)(F)F)cc(-c4ccc(N5CCNCC5)cc4)nc32)cc1,0.21683618052543302,0.21683618052543302,0.21683618052543302,0.0,0.0,1,63,best_total_reward
290,O=c1n(CCCl)nnn1-c1ccc(-c2ccc3[nH]ccc3c2)cc1,O=c1n(CCCl)nnn1-c1ccc(-c2ccc3[nH]ccc3c2)cc1,0.21676972712396622,0.21676972712396622,0.21676972712396622,0.0,0.0,1,33,best_total_reward
291,CC(=O)OCC1OC(C(C)OC(=O)C=CC(=O)OC2CCC3(C)C(OC(C)=O)C(OC(C)=O)CC(C3OC(C)=O)C2(C)C)C(OC(C)=O)C(OC(C)=O)C1OC(C)=O,CC(=O)OCC1OC(C(C)OC(=O)C=CC(=O)OC2CCC3(C)C(OC(C)=O)C(OC(C)=O)CC(C3OC(C)=O)C2(C)C)C(OC(C)=O)C(OC(C)=O)C1OC(C)=O,0.2166422256307806,0.2166422256307806,0.2166422256307806,0.0,0.0,1,3,best_total_reward
292,COc1ccccc1C(=O)NC(=S)NN=Cc1cccs1,COc1ccccc1C(=O)NC(=S)NN=Cc1cccs1,0.21611659891892823,0.21611659891892823,0.21611659891892823,0.0,0.0,1,8,best_total_reward
293,O=C(NCc1ccc2oc3ccccc3c(=O)c2c1)c1ccc(S(=O)(=O)N2CCCC2)cc1,O=C(NCc1ccc2oc3ccccc3c(=O)c2c1)c1ccc(S(=O)(=O)N2CCCC2)cc1,0.21538097299574177,0.21538097299574177,0.21538097299574177,0.0,0.0,1,30,best_total_reward
294,CCOC(=O)c1cccc(N=Cc2ccccc2O)c1,CCOC(=O)c1cccc(N=Cc2ccccc2O)c1,0.21399870515595887,0.21399870515595887,0.21399870515595887,0.0,0.0,1,33,best_total_reward
295,CC1(C)C=C(c2cn(-c3ccc(S(C)(=O)=O)cc3)nn2)c2cc(Cl)ccc2C1=O,CC1(C)C=C(c2cn(-c3ccc(S(C)(=O)=O)cc3)nn2)c2cc(Cl)ccc2C1=O,0.21353682375341448,0.21353682375341448,0.21353682375341448,0.0,0.0,1,25,best_total_reward
296,C=CCSc1nc(=Nc2ccc(OC)cc2)[nH][nH]1,C=CCSc1nc(=Nc2ccc(OC)cc2)[nH][nH]1,0.2127920987660119,0.2127920987660119,0.2127920987660119,0.0,0.0,1,62,best_total_reward
297,CC(CN=c1[nH]c(=Nc2ccc3ncsc3c2)[nH]c2ccc(Cl)cc12)NC(=O)c1ccc(C(C)(C)C)cc1,CC(CN=c1[nH]c(=Nc2ccc3ncsc3c2)[nH]c2ccc(Cl)cc12)NC(=O)c1ccc(C(C)(C)C)cc1,0.2126057682331155,0.2126057682331155,0.2126057682331155,0.0,0.0,1,39,best_total_reward
298,COc1cc(N=c2nc(-c3ccc(N(C)C)cc3)cc[nH]2)cc(OC)c1OC,COc1cc(N=c2nc(-c3ccc(N(C)C)cc3)cc[nH]2)cc(OC)c1OC,0.21194229095264122,0.21194229095264122,0.21194229095264122,0.0,0.0,1,59,best_total_reward
299,O=C(c1c[nH]nn1)N1CC2CN(C(=O)Nc3ccccc3)c3ccc(-c4ccc(F)cc4)cc3C2C1,O=C(c1c[nH]nn1)N1CC2CN(C(=O)Nc3ccccc3)c3ccc(-c4ccc(F)cc4)cc3C2C1,0.2114362591575001,0.2114362591575001,0.2114362591575001,0.0,0.0,1,43,best_total_reward
300,O=C1c2nc(-c3ccccc3)nc(Cl)c2CN1CCN1CCOc2ccccc2C1,O=C1c2nc(-c3ccccc3)nc(Cl)c2CN1CCN1CCOc2ccccc2C1,0.21082461164931457,0.21082461164931457,0.21082461164931457,0.0,0.0,1,55,best_total_reward
301,ON=Cc1ccsc1-c1cn(-c2ccccc2)nc1-c1ccc(Br)cc1,ON=Cc1ccsc1-c1cn(-c2ccccc2)nc1-c1ccc(Br)cc1,0.21064847574806714,0.21064847574806714,0.21064847574806714,0.0,0.0,1,64,best_total_reward
302,Cc1nnc2n1N=C(c1c(-c3ccccc3)n(CC(C)Cl)c3ccccc13)CS2,Cc1nnc2n1N=C(c1c(-c3ccccc3)n(CC(C)Cl)c3ccccc13)CS2,0.21025705454760904,0.21025705454760904,0.21025705454760904,0.0,0.0,1,13,best_total_reward
303,O=C(O)COc1ccc(CC(CC(=O)O)C(=O)O)cc1,O=C(O)COc1ccc(CC(CC(=O)O)C(=O)O)cc1,0.20944353345019254,0.20944353345019254,0.20944353345019254,0.0,0.0,1,9,best_total_reward
304,N=c1ccc(C#Cc2cncnc2N2CCC3(CCCN3S(=O)(=O)Cc3ccccc3)CC2)c[nH]1,N=c1ccc(C#Cc2cncnc2N2CCC3(CCCN3S(=O)(=O)Cc3ccccc3)CC2)c[nH]1,0.20838849433296264,0.20838849433296264,0.20838849433296264,0.0,0.0,1,19,best_total_reward
305,O=Cc1cc2c(c3ccccc13)C(CCl)CN2C(=O)Oc1ccc2ccccc2c1,O=Cc1cc2c(c3ccccc13)C(CCl)CN2C(=O)Oc1ccc2ccccc2c1,0.20789963042625378,0.20789963042625378,0.20789963042625378,0.0,0.0,1,18,best_total_reward
306,Cc1c(N=Nc2cc3ccc(N)cc3oc2=O)c(=O)n(-c2ccccc2)n1C,Cc1c(N=Nc2cc3ccc(N)cc3oc2=O)c(=O)n(-c2ccccc2)n1C,0.20765985386938418,0.20765985386938418,0.20765985386938418,0.0,0.0,1,24,best_total_reward
307,CN1CCC(C)(c2cnc(-c3cccc(OCCCOc4cccc(O)c4)c3)s2)CC1,CN1CCC(C)(c2cnc(-c3cccc(OCCCOc4cccc(O)c4)c3)s2)CC1,0.2072699096422822,0.2072699096422822,0.2072699096422822,0.0,0.0,1,37,best_total_reward
308,CC(C)(C)c1cc(N2CCN(C3CC3)CC2)cc(N2C(N)=NC(N)=NC2(C)C)c1,CC(C)(C)c1cc(N2CCN(C3CC3)CC2)cc(N2C(N)=NC(N)=NC2(C)C)c1,0.20723528166158886,0.20723528166158886,0.20723528166158886,0.0,0.0,1,7,best_total_reward
309,Cn1cc[nH]c1=NC(=NCCC#N)Nc1ccccc1,Cn1cc[nH]c1=NC(=NCCC#N)Nc1ccccc1,0.20665572880429584,0.20665572880429584,0.20665572880429584,0.0,0.0,1,72,best_total_reward
310,O=C(c1nc2ccccc2[nH]1)N1CC(c2nccnc2OC(F)F)C1,O=C(c1nc2ccccc2[nH]1)N1CC(c2nccnc2OC(F)F)C1,0.20564054820689415,0.20564054820689415,0.20564054820689415,0.0,0.0,1,56,best_total_reward
311,CN(c1ccc(Br)cc1)c1ncnc2ccccc12,CN(c1ccc(Br)cc1)c1ncnc2ccccc12,0.20416019753211517,0.20416019753211517,0.20416019753211517,0.0,0.0,1,68,best_total_reward
312,COc1cc2c(cc1OC)-c1[nH]nc(-c3cnc4ccc(Cl)cc4c3)c1C2,COc1cc2c(cc1OC)-c1[nH]nc(-c3cnc4ccc(Cl)cc4c3)c1C2,0.20335930883364484,0.20335930883364484,0.20335930883364484,0.0,0.0,1,49,best_total_reward
313,CC(C)NNC(=O)c1c(C(C)C)n(CCC2CCCO2)c2ccc(OCCN(C)C)cc12,CC(C)NNC(=O)c1c(C(C)C)n(CCC2CCCO2)c2ccc(OCCN(C)C)cc12,0.20325664079864386,0.20325664079864386,0.20325664079864386,0.0,0.0,1,1,best_total_reward
314,Cc1ccc(N=c2nc(N3CCCC(N)C3)[nH]c(N3CCC(N(C)C)C3)n2)c(Cl)c1,Cc1ccc(N=c2nc(N3CCCC(N)C3)[nH]c(N3CCC(N(C)C)C3)n2)c(Cl)c1,0.20317366699088943,0.20317366699088943,0.20317366699088943,0.0,0.0,1,23,best_total_reward
315,Cc1ccc2cc(CC(Cc3ccccc3)n3cncn3)oc2c1,Cc1ccc2cc(CC(Cc3ccccc3)n3cncn3)oc2c1,0.2031177305375434,0.2031177305375434,0.2031177305375434,0.0,0.0,1,31,best_total_reward
316,COc1cc(CNC(C)(C)CO)ccc1OCC(=O)NC1CCCCC1,COc1cc(CNC(C)(C)CO)ccc1OCC(=O)NC1CCCCC1,0.20269734633070732,0.20269734633070732,0.20269734633070732,0.0,0.0,1,35,best_total_reward
317,COC12C=CC(C#N)C=C1C1Cc3cc4cccc(O)c4c(O)c3CC12O,COC12C=CC(C#N)C=C1C1Cc3cc4cccc(O)c4c(O)c3CC12O,0.2023437391630255,0.2023437391630255,0.2023437391630255,0.0,0.0,1,41,best_total_reward
318,COc1ccc(Cl)c(N=c2nc(-c3ccccc3)[nH]c3c2CCNCC3)c1,COc1ccc(Cl)c(N=c2nc(-c3ccccc3)[nH]c3c2CCNCC3)c1,0.20171815959928105,0.20171815959928105,0.20171815959928105,0.0,0.0,1,1,best_total_reward
319,COc1ccc(CC2=NOC(C)(C(=O)Nc3ccc(N4CCN(Cc5ccsc5)C4=O)cc3)C2)cc1,COc1ccc(CC2=NOC(C)(C(=O)Nc3ccc(N4CCN(Cc5ccsc5)C4=O)cc3)C2)cc1,0.20146149009514733,0.20146149009514733,0.20146149009514733,0.0,0.0,1,30,best_total_reward
320,Cc1ccc(-c2nn3c(=O)cc(CSc4nnc(Cc5ccccc5)o4)nc3s2)cc1,Cc1ccc(-c2nn3c(=O)cc(CSc4nnc(Cc5ccccc5)o4)nc3s2)cc1,0.2013354577390274,0.2013354577390274,0.2013354577390274,0.0,0.0,1,74,best_total_reward
321,CCCN1C(=O)c2ccccc2NC1c1ccco1,CCCN1C(=O)c2ccccc2NC1c1ccco1,0.20132472342891303,0.20132472342891303,0.20132472342891303,0.0,0.0,1,44,best_total_reward
322,CCCCNC(=O)COC(=O)c1ccc(=NCCc2ccccc2)[nH]c1,CCCCNC(=O)COC(=O)c1ccc(=NCCc2ccccc2)[nH]c1,0.19996613974443153,0.19996613974443153,0.19996613974443153,0.0,0.0,1,51,best_total_reward
323,Cc1nc(-c2ccccc2)cn1-c1ccc(Cl)cc1,Cc1nc(-c2ccccc2)cn1-c1ccc(Cl)cc1,0.19983631013737282,0.19983631013737282,0.19983631013737282,0.0,0.0,1,8,best_total_reward
324,CC(=N)N1CCN(C2=Nc3ccccc3Cc3sccc32)CC1,CC(=N)N1CCN(C2=Nc3ccccc3Cc3sccc32)CC1,0.19941121646852494,0.19941121646852494,0.19941121646852494,0.0,0.0,1,36,best_total_reward
325,COc1ccc(-c2csc(=NN=C(c3ccccc3)C(C)C)[nH]2)cc1,COc1ccc(-c2csc(=NN=C(c3ccccc3)C(C)C)[nH]2)cc1,0.19815806174869507,0.19815806174869507,0.19815806174869507,0.0,0.0,1,59,best_total_reward
326,O=C(C[n+]1cccc(F)c1)c1ccccc1,O=C(C[n+]1cccc(F)c1)c1ccccc1,0.19637873651558138,0.19637873651558138,0.19637873651558138,0.0,0.0,1,2,best_total_reward
327,CC(=O)N1N=C2c3ccccc3S(=O)(=O)CC2C1c1ccc(F)cc1,CC(=O)N1N=C2c3ccccc3S(=O)(=O)CC2C1c1ccc(F)cc1,0.1962878233568472,0.1962878233568472,0.1962878233568472,0.0,0.0,1,71,best_total_reward
328,C#CC=CC(=O)NCCCCOc1ccc2[nH]cc(CCN)c2c1,C#CC=CC(=O)NCCCCOc1ccc2[nH]cc(CCN)c2c1,0.19598964485480808,0.19598964485480808,0.19598964485480808,0.0,0.0,1,58,best_total_reward
329,Cc1cccc(Sc2nnnc3c2cnn3Cc2ccc3c(c2)OCO3)c1,Cc1cccc(Sc2nnnc3c2cnn3Cc2ccc3c(c2)OCO3)c1,0.19555642472935897,0.19555642472935897,0.19555642472935897,0.0,0.0,1,16,best_total_reward
330,Oc1cc(O)c(-c2cc(-c3ccc4c(c3)OCO4)on2)cc1-c1ccccc1,Oc1cc(O)c(-c2cc(-c3ccc4c(c3)OCO4)on2)cc1-c1ccccc1,0.19539203559411247,0.19539203559411247,0.19539203559411247,0.0,0.0,1,5,best_total_reward
331,Cc1ccc(C=Nn2c(-c3cccs3)n[nH]c2=S)o1,Cc1ccc(C=Nn2c(-c3cccs3)n[nH]c2=S)o1,0.1952213956686218,0.1952213956686218,0.1952213956686218,0.0,0.0,1,15,best_total_reward
332,CC(C)N1CCC(n2cnc3ccc(-c4cccc(Cl)c4)cc32)CC1,CC(C)N1CCC(n2cnc3ccc(-c4cccc(Cl)c4)cc32)CC1,0.19509550530710654,0.19509550530710654,0.19509550530710654,0.0,0.0,1,67,best_total_reward
333,Cc1cccc(C(=O)NCCN2CCN(c3ccc(O)cc3)CC2)c1,Cc1cccc(C(=O)NCCN2CCN(c3ccc(O)cc3)CC2)c1,0.19471610975085035,0.19471610975085035,0.19471610975085035,0.0,0.0,1,21,best_total_reward
334,COc1ccccc1N1CCN(N=CC=Cc2ccccc2)CC1,COc1ccccc1N1CCN(N=CC=Cc2ccccc2)CC1,0.19452447384415938,0.19452447384415938,0.19452447384415938,0.0,0.0,1,7,best_total_reward
335,COc1ccc(-c2ccc3nnc(-c4ccc(C)o4)n3n2)cc1,COc1ccc(-c2ccc3nnc(-c4ccc(C)o4)n3n2)cc1,0.19436959059884348,0.19436959059884348,0.19436959059884348,0.0,0.0,1,40,best_total_reward
336,O=C(CSc1nc2ccccc2[nH]1)N=c1[nH]c2c(s1)CCCC2,O=C(CSc1nc2ccccc2[nH]1)N=c1[nH]c2c(s1)CCCC2,0.19395828928685208,0.19395828928685208,0.19395828928685208,0.0,0.0,1,59,best_total_reward
337,O=C1CC(c2cccnc2)Oc2ccc(F)cc21,O=C1CC(c2cccnc2)Oc2ccc(F)cc21,0.1935320942359458,0.1935320942359458,0.1935320942359458,0.0,0.0,1,51,best_total_reward
338,COCc1ccc(C(N)=O)c2[nH]c3ccccc3c12,COCc1ccc(C(N)=O)c2[nH]c3ccccc3c12,0.19319760684211232,0.19319760684211232,0.19319760684211232,0.0,0.0,1,57,best_total_reward
339,O=C(NCCN=c1[nH]c2c(n3cccc13)CCC2)c1ccccn1,O=C(NCCN=c1[nH]c2c(n3cccc13)CCC2)c1ccccn1,0.1931137565197972,0.1931137565197972,0.1931137565197972,0.0,0.0,1,74,best_total_reward
340,COc1ccc2sc(=NC(=O)CN3CCCC3Cn3cncn3)[nH]c2c1,COc1ccc2sc(=NC(=O)CN3CCCC3Cn3cncn3)[nH]c2c1,0.1929351498575305,0.1929351498575305,0.1929351498575305,0.0,0.0,1,61,best_total_reward
341,CC(C)(C)C(O)c1cc(C#CC#Cc2ccc(C#N)cc2)co1,CC(C)(C)C(O)c1cc(C#CC#Cc2ccc(C#N)cc2)co1,0.19268654430445897,0.19268654430445897,0.19268654430445897,0.0,0.0,1,52,best_total_reward
342,c1ccc2c3c([nH]c2c1)-c1nc(=NC2CCCC2)[nH]cc1CC3,c1ccc2c3c([nH]c2c1)-c1nc(=NC2CCCC2)[nH]cc1CC3,0.19176574089218293,0.19176574089218293,0.19176574089218293,0.0,0.0,1,46,best_total_reward
343,CC(C(c1ccccc1)n1ccc2cc(C=CC(O)=NO)ccc21)N1CCN(C)CC1,CC(C(c1ccccc1)n1ccc2cc(C=CC(O)=NO)ccc21)N1CCN(C)CC1,0.19151000928658962,0.19151000928658962,0.19151000928658962,0.0,0.0,1,3,best_total_reward
344,C=CCCCCCCCCC=CCCC(=O)Nc1cccc2ccccc12,C=CCCCCCCCCC=CCCC(=O)Nc1cccc2ccccc12,0.1904411974612657,0.1904411974612657,0.1904411974612657,0.0,0.0,1,55,best_total_reward
345,O=CC=Cc1ccc2c(c1)OC(CO)C(c1cc(O)c(O)c(O)c1)O2,O=CC=Cc1ccc2c(c1)OC(CO)C(c1cc(O)c(O)c(O)c1)O2,0.1882950074816382,0.1882950074816382,0.1882950074816382,0.0,0.0,1,55,best_total_reward
346,COc1ccc(N=c2nc(C)cc(N3CCN(C)CC3)[nH]2)cc1,COc1ccc(N=c2nc(C)cc(N3CCN(C)CC3)[nH]2)cc1,0.1879108315878713,0.1879108315878713,0.1879108315878713,0.0,0.0,1,28,best_total_reward
347,Cc1c(-c2ccccc2)nc2ccc(NS(C)(=O)=O)cn12,Cc1c(-c2ccccc2)nc2ccc(NS(C)(=O)=O)cn12,0.18784031984460914,0.18784031984460914,0.18784031984460914,0.0,0.0,1,18,best_total_reward
348,CN(C)c1nc2ccccc2c(=NCc2ccncc2)[nH]1,CN(C)c1nc2ccccc2c(=NCc2ccncc2)[nH]1,0.18765229912952638,0.18765229912952638,0.18765229912952638,0.0,0.0,1,38,best_total_reward
349,N=c1[nH]c(Cc2cccs2)nc2c1nnn2Cc1cccc(Cl)c1,N=c1[nH]c(Cc2cccs2)nc2c1nnn2Cc1cccc(Cl)c1,0.18752711313360132,0.18752711313360132,0.18752711313360132,0.0,0.0,1,69,best_total_reward
350,COc1ccc(Cl)cc1NC(=O)c1cc(C(=C(C)C)n2cccc2)no1,COc1ccc(Cl)cc1NC(=O)c1cc(C(=C(C)C)n2cccc2)no1,0.18735389544577347,0.18735389544577347,0.18735389544577347,0.0,0.0,1,16,best_total_reward
351,O=C1CN(C(=O)c2ccco2)c2ccccc2N1,O=C1CN(C(=O)c2ccco2)c2ccccc2N1,0.1871381585129659,0.1871381585129659,0.1871381585129659,0.0,0.0,1,23,best_total_reward
352,CCOc1ccccc1CNC(=O)Nc1ccc(C(=O)Nc2ccc(C#N)cc2O)cc1,CCOc1ccccc1CNC(=O)Nc1ccc(C(=O)Nc2ccc(C#N)cc2O)cc1,0.18665342408175128,0.18665342408175128,0.18665342408175128,0.0,0.0,1,49,best_total_reward
353,Cc1ccccc1C(=O)NNC(=S)NC(=O)c1cccc([N+](=O)[O-])c1,Cc1ccccc1C(=O)NNC(=S)NC(=O)c1cccc([N+](=O)[O-])c1,0.18649280660319847,0.18649280660319847,0.18649280660319847,0.0,0.0,1,47,best_total_reward
354,O=C1Cc2c([nH]c3ccc(N4CCCCC4)cc23)-c2ccccc2N1,O=C1Cc2c([nH]c3ccc(N4CCCCC4)cc23)-c2ccccc2N1,0.1852602002564565,0.1852602002564565,0.1852602002564565,0.0,0.0,1,14,best_total_reward
355,COCOc1cc(OC)ccc1C(=O)C=C(C#N)c1ccc(OC)cc1,COCOc1cc(OC)ccc1C(=O)C=C(C#N)c1ccc(OC)cc1,0.1851974118130149,0.1851974118130149,0.1851974118130149,0.0,0.0,1,9,best_total_reward
356,CCCCCn1c2c(c3ccc(F)cc31)CCCC2,CCCCCn1c2c(c3ccc(F)cc31)CCCC2,0.18465412548694118,0.18465412548694118,0.18465412548694118,0.0,0.0,1,8,best_total_reward
357,CCCCCCCNC(=NCCCC)NC(=O)NC(C)(C)C,CCCCCCCNC(=NCCCC)NC(=O)NC(C)(C)C,0.1845008168571471,0.1845008168571471,0.1845008168571471,0.0,0.0,1,17,best_total_reward
358,O=C(O)C1=C(Cc2ccccc2)CSC2C(NC(=O)c3cc4ccccc4o3)C(=O)N12,O=C(O)C1=C(Cc2ccccc2)CSC2C(NC(=O)c3cc4ccccc4o3)C(=O)N12,0.18435649159169287,0.18435649159169287,0.18435649159169287,0.0,0.0,1,34,best_total_reward
359,CC(C(=O)O)c1ccccc1,CC(C(=O)O)c1ccccc1,0.18406057783610902,0.18406057783610902,0.18406057783610902,0.0,0.0,1,24,best_total_reward
360,Cc1ccnc(NC(=O)c2cc3c(F)c(F)ccc3[nH]2)c1-c1ccc(F)cc1F,Cc1ccnc(NC(=O)c2cc3c(F)c(F)ccc3[nH]2)c1-c1ccc(F)cc1F,0.18396972492165958,0.18396972492165958,0.18396972492165958,0.0,0.0,1,45,best_total_reward
361,COC(=O)N1CCC2(C1)CN(c1ccc(N3CCOCC3)cc1F)C2,COC(=O)N1CCC2(C1)CN(c1ccc(N3CCOCC3)cc1F)C2,0.18393567670978767,0.18393567670978767,0.18393567670978767,0.0,0.0,1,75,best_total_reward
362,S=C(NCc1ccc(Cl)cc1)Nc1cccnc1,S=C(NCc1ccc(Cl)cc1)Nc1cccnc1,0.18380634636710766,0.18380634636710766,0.18380634636710766,0.0,0.0,1,51,best_total_reward
363,COc1cc(OC)c2c(=O)c3cc(OCC(=O)NCC4CCCCO4)ccc3oc2c1CC=C(C)C,COc1cc(OC)c2c(=O)c3cc(OCC(=O)NCC4CCCCO4)ccc3oc2c1CC=C(C)C,0.18335661016022264,0.18335661016022264,0.18335661016022264,0.0,0.0,1,54,best_total_reward
364,C=C(C)C1CCC2(C(=O)NCCCCCCCCCCC(=O)NCCC(=O)O)CCC3(C)C(CCC4C5(C)CCC(OC(C)=O)C(C)(C)C5CCC43C)C12,C=C(C)C1CCC2(C(=O)NCCCCCCCCCCC(=O)NCCC(=O)O)CCC3(C)C(CCC4C5(C)CCC(OC(C)=O)C(C)(C)C5CCC43C)C12,0.18276394207432006,0.18276394207432006,0.18276394207432006,0.0,0.0,1,15,best_total_reward
365,O=C1OCc2cc(-c3cc(-c4cccs4)no3)ccc21,O=C1OCc2cc(-c3cc(-c4cccs4)no3)ccc21,0.18254798634299305,0.18254798634299305,0.18254798634299305,0.0,0.0,1,66,best_total_reward
366,Cc1nc2ccccc2n1CC(=O)c1ccc(Cl)cc1,Cc1nc2ccccc2n1CC(=O)c1ccc(Cl)cc1,0.18197619468776882,0.18197619468776882,0.18197619468776882,0.0,0.0,1,2,best_total_reward
367,CCCSc1cc(=O)c2cc(OC)ccc2o1,CCCSc1cc(=O)c2cc(OC)ccc2o1,0.18194489946198691,0.18194489946198691,0.18194489946198691,0.0,0.0,1,51,best_total_reward
368,CCc1cc(C(=O)NN=Cc2ccc(Cl)cc2)[nH]n1,CCc1cc(C(=O)NN=Cc2ccc(Cl)cc2)[nH]n1,0.1818698340101666,0.1818698340101666,0.1818698340101666,0.0,0.0,1,6,best_total_reward
369,N=c1ccc2ccc([N+](=O)[O-])cc2[nH]1,N=c1ccc2ccc([N+](=O)[O-])cc2[nH]1,0.1815304305552216,0.1815304305552216,0.1815304305552216,0.0,0.0,1,34,best_total_reward
370,CCCC(=O)Nc1ccc(-c2c3c(nc4c(Cl)cc5ccoc5c24)C(O)C(N2CCCCC2)CO3)cc1,CCCC(=O)Nc1ccc(-c2c3c(nc4c(Cl)cc5ccoc5c24)C(O)C(N2CCCCC2)CO3)cc1,0.1802775098613422,0.1802775098613422,0.1802775098613422,0.0,0.0,1,20,best_total_reward
371,CC(C)(C)c1ccc(N=c2[nH]cnc3c2cnn3Cc2ccc(S(N)(=O)=O)cc2)cc1,CC(C)(C)c1ccc(N=c2[nH]cnc3c2cnn3Cc2ccc(S(N)(=O)=O)cc2)cc1,0.18023005013548182,0.18023005013548182,0.18023005013548182,0.0,0.0,1,11,best_total_reward
372,CCCCc1ccc(NC(=O)CSc2n[nH]c(=N)s2)cc1,CCCCc1ccc(NC(=O)CSc2n[nH]c(=N)s2)cc1,0.1801811033787729,0.1801811033787729,0.1801811033787729,0.0,0.0,1,26,best_total_reward
373,CCc1nnc2c3cc[nH]c3nc(-c3ccccc3)n12,CCc1nnc2c3cc[nH]c3nc(-c3ccccc3)n12,0.179695287113219,0.179695287113219,0.179695287113219,0.0,0.0,1,12,best_total_reward
374,Cc1c(-c2ccc(-c3ccc(OC(F)(F)F)cc3)o2)[nH]c2ccccc2c1=O,Cc1c(-c2ccc(-c3ccc(OC(F)(F)F)cc3)o2)[nH]c2ccccc2c1=O,0.17913825581043816,0.17913825581043816,0.17913825581043816,0.0,0.0,1,50,best_total_reward
375,CC(C)N=c1[nH]c(-c2ccc(NCCN3CCN(C)CC3)cc2)cc2ncn(C)c(=O)c12,CC(C)N=c1[nH]c(-c2ccc(NCCN3CCN(C)CC3)cc2)cc2ncn(C)c(=O)c12,0.17900149092283915,0.17900149092283915,0.17900149092283915,0.0,0.0,1,3,best_total_reward
376,Cc1cccc(OCc2n[nH]c(=NC(=O)C(C)Oc3ccccc3)s2)c1C,Cc1cccc(OCc2n[nH]c(=NC(=O)C(C)Oc3ccccc3)s2)c1C,0.1786606269157029,0.1786606269157029,0.1786606269157029,0.0,0.0,1,71,best_total_reward
377,Cc1ccc(C(=O)NNC(=O)c2ccc(Oc3ccccc3)cc2)o1,Cc1ccc(C(=O)NNC(=O)c2ccc(Oc3ccccc3)cc2)o1,0.17855906246339828,0.17855906246339828,0.17855906246339828,0.0,0.0,1,71,best_total_reward
378,CCN1CCN(CCCCN2CC(c3ccc(OC)cc3)C(C(=O)O)C2c2c(F)cccc2F)CC1,CCN1CCN(CCCCN2CC(c3ccc(OC)cc3)C(C(=O)O)C2c2c(F)cccc2F)CC1,0.17826359829909874,0.17826359829909874,0.17826359829909874,0.0,0.0,1,6,best_total_reward
379,O=c1cc(-c2cccc(OCCc3ccccc3)c2)oc2cc(O)cc(O)c12,O=c1cc(-c2cccc(OCCc3ccccc3)c2)oc2cc(O)cc(O)c12,0.1780219706099336,0.1780219706099336,0.1780219706099336,0.0,0.0,1,8,best_total_reward
380,CCCCN(C)CCCNC(=O)c1cn(CC(=O)c2c[nH]c3ccccc23)nn1,CCCCN(C)CCCNC(=O)c1cn(CC(=O)c2c[nH]c3ccccc23)nn1,0.17799057373573648,0.17799057373573648,0.17799057373573648,0.0,0.0,1,9,best_total_reward
381,COc1ccc(OC)c2sc(C(=O)OCC(=O)Nc3cc(C(F)(F)F)ccc3Cl)nc12,COc1ccc(OC)c2sc(C(=O)OCC(=O)Nc3cc(C(F)(F)F)ccc3Cl)nc12,0.17780491509118515,0.17780491509118515,0.17780491509118515,0.0,0.0,1,35,best_total_reward
382,CN(C)CCCn1cnc(-c2cc3nccc(Oc4ccc(NC(=O)NC(=O)NCCc5ccccc5)cc4F)c3s2)c1,CN(C)CCCn1cnc(-c2cc3nccc(Oc4ccc(NC(=O)NC(=O)NCCc5ccccc5)cc4F)c3s2)c1,0.17779064843517967,0.17779064843517967,0.17779064843517967,0.0,0.0,1,11,best_total_reward
383,CN1N=C(c2ccccc2O)CC1c1cccs1,CN1N=C(c2ccccc2O)CC1c1cccs1,0.17623520650194718,0.17623520650194718,0.17623520650194718,0.0,0.0,1,60,best_total_reward
384,O=C(O)c1csc(-n2ccc(-c3ccc4c(c3)OCO4)cc2=O)n1,O=C(O)c1csc(-n2ccc(-c3ccc4c(c3)OCO4)cc2=O)n1,0.17578181198054327,0.17578181198054327,0.17578181198054327,0.0,0.0,1,70,best_total_reward
385,O=C(O)c1cc(Cl)ccc1NC(=O)c1nn(-c2ccc(Cl)cc2)c2c(oc3ccccc32)c1=O,O=C(O)c1cc(Cl)ccc1NC(=O)c1nn(-c2ccc(Cl)cc2)c2c(oc3ccccc32)c1=O,0.1755202410023988,0.1755202410023988,0.1755202410023988,0.0,0.0,1,11,best_total_reward
386,O=C(Nc1ccc(Oc2ccnc3[nH]ccc23)c(F)c1)c1ccccc1-c1ccccc1,O=C(Nc1ccc(Oc2ccnc3[nH]ccc23)c(F)c1)c1ccccc1-c1ccccc1,0.1748013084609087,0.1748013084609087,0.1748013084609087,0.0,0.0,1,64,best_total_reward
387,Cn1cc(NC(=O)c2nc(-c3ccccc3F)ccc2Cl)cc1-c1cccc(CO)n1,Cn1cc(NC(=O)c2nc(-c3ccccc3F)ccc2Cl)cc1-c1cccc(CO)n1,0.17480110641457305,0.17480110641457305,0.17480110641457305,0.0,0.0,1,27,best_total_reward
388,NNC(=O)c1ccc(-c2nnn(CC(=O)N(C3CC3)C(C(=O)NC3CCCC3)c3cccnc3)n2)cc1,NNC(=O)c1ccc(-c2nnn(CC(=O)N(C3CC3)C(C(=O)NC3CCCC3)c3cccnc3)n2)cc1,0.1747630347130618,0.1747630347130618,0.1747630347130618,0.0,0.0,1,9,best_total_reward
389,CN=c1ncc2ncn(C3OC(CO)C(O)C3O)c2[nH]1,CN=c1ncc2ncn(C3OC(CO)C(O)C3O)c2[nH]1,0.1745779133022759,0.1745779133022759,0.1745779133022759,0.0,0.0,1,69,best_total_reward
390,C=c1[nH]c(=NN=C(C)CC)[nH]c(=C)c1=O,C=c1[nH]c(=NN=C(C)CC)[nH]c(=C)c1=O,0.17447717513786648,0.17447717513786648,0.17447717513786648,0.0,0.0,1,45,best_total_reward
391,COc1ccc(-c2nnnn2-c2ccccc2C(C)C)cc1,COc1ccc(-c2nnnn2-c2ccccc2C(C)C)cc1,0.1741240925800667,0.1741240925800667,0.1741240925800667,0.0,0.0,1,14,best_total_reward
392,CCC(C)NCC(O)COc1ccc(CCCOc2ccccc2)cc1,CCC(C)NCC(O)COc1ccc(CCCOc2ccccc2)cc1,0.1741072703426742,0.1741072703426742,0.1741072703426742,0.0,0.0,1,75,best_total_reward
393,CCOc1ccc(-n2nc3c(N4CCCC(C(=O)Nc5c(C)cccc5C)C4)nnc(C)c3c2C)cc1,CCOc1ccc(-n2nc3c(N4CCCC(C(=O)Nc5c(C)cccc5C)C4)nnc(C)c3c2C)cc1,0.17386449654862418,0.17386449654862418,0.17386449654862418,0.0,0.0,1,65,best_total_reward
394,CC(C)(C)c1ccc(-c2nc(=O)c3c4c(sc3[nH]2)CCCCC4)cc1,CC(C)(C)c1ccc(-c2nc(=O)c3c4c(sc3[nH]2)CCCCC4)cc1,0.1730159606403831,0.1730159606403831,0.1730159606403831,0.0,0.0,1,31,best_total_reward
395,CC1(C(=O)OCCN2CCN(C3c4cc(C#N)ccc4OC(C)(C)C3O)CC2)CCCCC1,CC1(C(=O)OCCN2CCN(C3c4cc(C#N)ccc4OC(C)(C)C3O)CC2)CCCCC1,0.17293098392829534,0.17293098392829534,0.17293098392829534,0.0,0.0,1,72,best_total_reward
396,COc1ccc(C(=O)N2CCN(CCCOc3ccc(C(=O)C4CC4)cc3)CC2)cc1,COc1ccc(C(=O)N2CCN(CCCOc3ccc(C(=O)C4CC4)cc3)CC2)cc1,0.17290046085602095,0.17290046085602095,0.17290046085602095,0.0,0.0,1,33,best_total_reward
397,Cc1c(-c2cccc(C(N)=O)c2)sc2cc(Cl)cnc12,Cc1c(-c2cccc(C(N)=O)c2)sc2cc(Cl)cnc12,0.1726045326948485,0.1726045326948485,0.1726045326948485,0.0,0.0,1,28,best_total_reward
398,CCCOc1ccc2nnc(-c3ccc(C)cc3)n2n1,CCCOc1ccc2nnc(-c3ccc(C)cc3)n2n1,0.1724909631842031,0.1724909631842031,0.1724909631842031,0.0,0.0,1,49,best_total_reward
399,CC(C)n1cnc2c(=NC3CCCC3)[nH]c(Cl)nc21,CC(C)n1cnc2c(=NC3CCCC3)[nH]c(Cl)nc21,0.17233811396412746,0.17233811396412746,0.17233811396412746,0.0,0.0,1,2,best_total_reward
400,COc1ccc(-c2nc3c(N4CCOCC4)ncnc3n2C2CCCCC2)cc1,COc1ccc(-c2nc3c(N4CCOCC4)ncnc3n2C2CCCCC2)cc1,0.17228504610213538,0.17228504610213538,0.17228504610213538,0.0,0.0,1,27,best_total_reward
401,COCCNC(=O)CSCc1nc(-c2ccc(OC)cc2)oc1C,COCCNC(=O)CSCc1nc(-c2ccc(OC)cc2)oc1C,0.17223988854128355,0.17223988854128355,0.17223988854128355,0.0,0.0,1,38,best_total_reward
402,CC(C)(C)OC(=O)n1ccc(-c2nccn2Cc2ccccc2)cc1=O,CC(C)(C)OC(=O)n1ccc(-c2nccn2Cc2ccccc2)cc1=O,0.1719098774156558,0.1719098774156558,0.1719098774156558,0.0,0.0,1,5,best_total_reward
403,O=C(Nc1cccc2cc[nH]c12)c1cccnc1Cl,O=C(Nc1cccc2cc[nH]c12)c1cccnc1Cl,0.1717961894952718,0.1717961894952718,0.1717961894952718,0.0,0.0,1,28,best_total_reward
404,Fc1ccc2[nH]c3cc(Cl)ccc3c(=NCCN=c3c4ccccc4[nH]c4ccccc34)c2c1,Fc1ccc2[nH]c3cc(Cl)ccc3c(=NCCN=c3c4ccccc4[nH]c4ccccc34)c2c1,0.17147289848369132,0.17147289848369132,0.17147289848369132,0.0,0.0,1,26,best_total_reward
405,COC(=O)c1sc2ccccc2c1NC(=O)Nc1ccccc1C,COC(=O)c1sc2ccccc2c1NC(=O)Nc1ccccc1C,0.17139790734077234,0.17139790734077234,0.17139790734077234,0.0,0.0,1,55,best_total_reward
406,Cc1ccccc1NC(=O)Nc1ccc2[nH]c(=O)[nH]c2c1,Cc1ccccc1NC(=O)Nc1ccc2[nH]c(=O)[nH]c2c1,0.17059011990626902,0.17059011990626902,0.17059011990626902,0.0,0.0,1,7,best_total_reward
407,O=C(CSc1nnc(-c2cccs2)n1-c1ccccc1)Nc1cccc(Cl)c1,O=C(CSc1nnc(-c2cccs2)n1-c1ccccc1)Nc1cccc(Cl)c1,0.17023708999050557,0.17023708999050557,0.17023708999050557,0.0,0.0,1,43,best_total_reward
408,COc1ccc(-c2[nH]c(=NC(=O)CCC(=O)O)sc2C)cc1,COc1ccc(-c2[nH]c(=NC(=O)CCC(=O)O)sc2C)cc1,0.16991989733123095,0.16991989733123095,0.16991989733123095,0.0,0.0,1,60,best_total_reward
409,COc1ccc(-c2nc(-c3ccoc3)c(-c3ccccc3OC)[nH]2)cc1,COc1ccc(-c2nc(-c3ccoc3)c(-c3ccccc3OC)[nH]2)cc1,0.1696830392250948,0.1696830392250948,0.1696830392250948,0.0,0.0,1,42,best_total_reward
410,CCS(=O)(=O)N1CCc2cc(NC(=O)Nc3ccc(C)cc3)ccc21,CCS(=O)(=O)N1CCc2cc(NC(=O)Nc3ccc(C)cc3)ccc21,0.16955756912272235,0.16955756912272235,0.16955756912272235,0.0,0.0,1,16,best_total_reward
411,CCC(C)Sc1nc2cc(Cl)ccc2s1,CCC(C)Sc1nc2cc(Cl)ccc2s1,0.16955145925273613,0.16955145925273613,0.16955145925273613,0.0,0.0,1,68,best_total_reward
412,COc1ccc(OC)c(NC(=O)Cn2c(COc3ccc(F)cc3F)nc3ccccc32)c1,COc1ccc(OC)c(NC(=O)Cn2c(COc3ccc(F)cc3F)nc3ccccc32)c1,0.16946118005635719,0.16946118005635719,0.16946118005635719,0.0,0.0,1,68,best_total_reward
413,COC(=O)c1ccc(COc2ncnc3[nH]cnc23)cc1,COC(=O)c1ccc(COc2ncnc3[nH]cnc23)cc1,0.16944203721583823,0.16944203721583823,0.16944203721583823,0.0,0.0,1,68,best_total_reward
414,COc1cccc(C(=O)Nc2cccc(-c3ccc(OCCN4CCOCC4)nc3)c2)c1,COc1cccc(C(=O)Nc2cccc(-c3ccc(OCCN4CCOCC4)nc3)c2)c1,0.16927391370746683,0.16927391370746683,0.16927391370746683,0.0,0.0,1,48,best_total_reward
415,Cn1nc2cc(C(=O)NC(=S)NC3CC3C(F)(F)F)c3ccccc3n21,Cn1nc2cc(C(=O)NC(=S)NC3CC3C(F)(F)F)c3ccccc3n21,0.16918367399052278,0.16918367399052278,0.16918367399052278,0.0,0.0,1,40,best_total_reward
416,O=C(Nc1ccc(Br)c(Cl)c1)C(=O)N1CCCC2CCCCC21,O=C(Nc1ccc(Br)c(Cl)c1)C(=O)N1CCCC2CCCCC21,0.16884297719005825,0.16884297719005825,0.16884297719005825,0.0,0.0,1,15,best_total_reward
417,CCCCN=C(c1ccc(Cl)c(Cl)c1)c1c(O)csc1O,CCCCN=C(c1ccc(Cl)c(Cl)c1)c1c(O)csc1O,0.1687929292195905,0.1687929292195905,0.1687929292195905,0.0,0.0,1,64,best_total_reward
418,N=C(N)NCCCN1CCN(C(=O)CCC(NC(=O)c2cc(Cl)cc(Cl)c2)C(=O)N2CCC(C(=O)O)CC2)CC1,N=C(N)NCCCN1CCN(C(=O)CCC(NC(=O)c2cc(Cl)cc(Cl)c2)C(=O)N2CCC(C(=O)O)CC2)CC1,0.16826987428840334,0.16826987428840334,0.16826987428840334,0.0,0.0,1,25,best_total_reward
419,CCOC(=O)C1C(=N)N(NC(C)=O)C2=CC(C)(C)CC(=O)C2C1c1cn(-c2ccccc2)nc1-c1ccccc1,CCOC(=O)C1C(=N)N(NC(C)=O)C2=CC(C)(C)CC(=O)C2C1c1cn(-c2ccccc2)nc1-c1ccccc1,0.1682120389610102,0.1682120389610102,0.1682120389610102,0.0,0.0,1,24,best_total_reward
420,C=CCNCCOc1nc(-c2ccncc2)nc2ccc(Cl)cc12,C=CCNCCOc1nc(-c2ccncc2)nc2ccc(Cl)cc12,0.16782870116841983,0.16782870116841983,0.16782870116841983,0.0,0.0,1,27,best_total_reward
421,Cn1cc(-c2cc(C(N)=O)nc(-c3cnc4ccccc4c3)c2)ccc1=N,Cn1cc(-c2cc(C(N)=O)nc(-c3cnc4ccccc4c3)c2)ccc1=N,0.16780259155340818,0.16780259155340818,0.16780259155340818,0.0,0.0,1,2,best_total_reward
422,CS(=O)(=O)N1CCc2ccc(-c3ccc(F)c(C#N)c3)cc2C1,CS(=O)(=O)N1CCc2ccc(-c3ccc(F)c(C#N)c3)cc2C1,0.16775343880792862,0.16775343880792862,0.16775343880792862,0.0,0.0,1,72,best_total_reward
423,CC(=O)Cc1n[nH]c(=S)n1-c1ccccc1,CC(=O)Cc1n[nH]c(=S)n1-c1ccccc1,0.16753643652719324,0.16753643652719324,0.16753643652719324,0.0,0.0,1,11,best_total_reward
424,COc1ccc(COC(=O)NC(C(=O)NC(Cc2ccccc2)C(=O)C(=O)NCc2ccccc2)C(C)(C)C)cc1OC,COc1ccc(COC(=O)NC(C(=O)NC(Cc2ccccc2)C(=O)C(=O)NCc2ccccc2)C(C)(C)C)cc1OC,0.16724132445025394,0.16724132445025394,0.16724132445025394,0.0,0.0,1,9,best_total_reward
425,COc1ccc(C2CC(O)Cc3ccccc3N2)cc1,COc1ccc(C2CC(O)Cc3ccccc3N2)cc1,0.1669764724441657,0.1669764724441657,0.1669764724441657,0.0,0.0,1,42,best_total_reward
426,Cc1cn(C2CC(O)C(CO)O2)c(=O)[nH]c1=NC(=O)C(C)(C)C,Cc1cn(C2CC(O)C(CO)O2)c(=O)[nH]c1=NC(=O)C(C)(C)C,0.16645935260403497,0.16645935260403497,0.16645935260403497,0.0,0.0,1,60,best_total_reward
427,Cc1[nH]c(=Nc2nc(=O)c3c([nH]2)CCC3)sc1COCc1ccco1,Cc1[nH]c(=Nc2nc(=O)c3c([nH]2)CCC3)sc1COCc1ccco1,0.16593218051797531,0.16593218051797531,0.16593218051797531,0.0,0.0,1,66,best_total_reward
428,CN=c1[nH]ccc2c1nc(-c1ccccc1Cl)n2-c1ccc(Cl)cc1,CN=c1[nH]ccc2c1nc(-c1ccccc1Cl)n2-c1ccc(Cl)cc1,0.16586501538510273,0.16586501538510273,0.16586501538510273,0.0,0.0,1,37,best_total_reward
429,COc1ccc(-c2cn(C(Cc3ccccc3)C(=O)NC(CCCCN)CC(=O)O)nn2)cc1OC,COc1ccc(-c2cn(C(Cc3ccccc3)C(=O)NC(CCCCN)CC(=O)O)nn2)cc1OC,0.1656163093953032,0.1656163093953032,0.1656163093953032,0.0,0.0,1,21,best_total_reward
430,COc1ccc2[nH]c(=NC(=O)C(C)Oc3cccc(C)c3)sc2c1,COc1ccc2[nH]c(=NC(=O)C(C)Oc3cccc(C)c3)sc2c1,0.16555009483972674,0.16555009483972674,0.16555009483972674,0.0,0.0,1,25,best_total_reward
431,Cc1nn(-c2ccccc2)c2ccc(-c3nnc(SCC(=O)c4ccccc4)n3N)cc12,Cc1nn(-c2ccccc2)c2ccc(-c3nnc(SCC(=O)c4ccccc4)n3N)cc12,0.16539279244942973,0.16539279244942973,0.16539279244942973,0.0,0.0,1,73,best_total_reward
432,Cc1ccc(-c2csc3ncn(Cc4ccc(F)cc4)c(=O)c23)cc1,Cc1ccc(-c2csc3ncn(Cc4ccc(F)cc4)c(=O)c23)cc1,0.16387815590169758,0.16387815590169758,0.16387815590169758,0.0,0.0,1,65,best_total_reward
433,CN(C(=O)c1ccc(F)c(F)c1)c1nnc(-c2ccncc2)s1,CN(C(=O)c1ccc(F)c(F)c1)c1nnc(-c2ccncc2)s1,0.16375556569209274,0.16375556569209274,0.16375556569209274,0.0,0.0,1,40,best_total_reward
434,Clc1cccc(Cl)c1CN1CCN(c2cc(-c3ccccc3)nc3ccccc23)CC1,Clc1cccc(Cl)c1CN1CCN(c2cc(-c3ccccc3)nc3ccccc23)CC1,0.16333124963683285,0.16333124963683285,0.16333124963683285,0.0,0.0,1,4,best_total_reward
435,CC1CCc2c([nH]c(=O)n3ncnc23)C1,CC1CCc2c([nH]c(=O)n3ncnc23)C1,0.1624402211568463,0.1624402211568463,0.1624402211568463,0.0,0.0,1,33,best_total_reward
436,C[N+]1=C2CC(C)(CC1)c1cc3c(cc12)OCO3,C[N+]1=C2CC(C)(CC1)c1cc3c(cc12)OCO3,0.16228870779048235,0.16228870779048235,0.16228870779048235,0.0,0.0,1,23,best_total_reward
437,Cc1ccccc1CNCc1ccc(C(=O)O)cc1,Cc1ccccc1CNCc1ccc(C(=O)O)cc1,0.16129024091588168,0.16129024091588168,0.16129024091588168,0.0,0.0,1,53,best_total_reward
438,N#Cc1ccc(NC(=O)N=c2[nH]cnc3c2cnn3CCc2ccccc2)cc1,N#Cc1ccc(NC(=O)N=c2[nH]cnc3c2cnn3CCc2ccccc2)cc1,0.16123138925227185,0.16123138925227185,0.16123138925227185,0.0,0.0,1,50,best_total_reward
439,COc1ccc(-c2nnc(Cc3nnc(-c4cccs4)o3)o2)cc1,COc1ccc(-c2nnc(Cc3nnc(-c4cccs4)o3)o2)cc1,0.16117794333017899,0.16117794333017899,0.16117794333017899,0.0,0.0,1,5,best_total_reward
440,CC(C)(C)OC(=O)N1CCCC1c1nc2ccc(-c3ccc(-c4ccccc4)cc3)cc2s1,CC(C)(C)OC(=O)N1CCCC1c1nc2ccc(-c3ccc(-c4ccccc4)cc3)cc2s1,0.16054342757134668,0.16054342757134668,0.16054342757134668,0.0,0.0,1,71,best_total_reward
441,COC(=O)c1ccc2ncc3c(=O)n(-c4cc(C)cc(C)c4)c(=O)[nH]c3c2c1,COC(=O)c1ccc2ncc3c(=O)n(-c4cc(C)cc(C)c4)c(=O)[nH]c3c2c1,0.16048346855886914,0.16048346855886914,0.16048346855886914,0.0,0.0,1,54,best_total_reward
442,COc1cc(CCC(=O)OC23CCCC(C2)C3c2ccco2)ccc1O,COc1cc(CCC(=O)OC23CCCC(C2)C3c2ccco2)ccc1O,0.16001194150272313,0.16001194150272313,0.16001194150272313,0.0,0.0,1,14,best_total_reward
443,Cc1ccc(NC(=O)c2ccncc2)c(C(=O)N2CCCc3ccccc32)c1,Cc1ccc(NC(=O)c2ccncc2)c(C(=O)N2CCCc3ccccc32)c1,0.15978800708548288,0.15978800708548288,0.15978800708548288,0.0,0.0,1,45,best_total_reward
444,O=C(NCCCCCN1CCC(c2c[nH]c3ccccc23)CC1)Nc1ccccc1F,O=C(NCCCCCN1CCC(c2c[nH]c3ccccc23)CC1)Nc1ccccc1F,0.15975920635321036,0.15975920635321036,0.15975920635321036,0.0,0.0,1,20,best_total_reward
445,Nc1cccc(-n2cc(-c3ccncc3)c(-c3ccccc3)n2)c1,Nc1cccc(-n2cc(-c3ccncc3)c(-c3ccccc3)n2)c1,0.1596795901324596,0.1596795901324596,0.1596795901324596,0.0,0.0,1,56,best_total_reward
446,OC(c1cnco1)C1Cc2cc3ccccc3cc2C1,OC(c1cnco1)C1Cc2cc3ccccc3cc2C1,0.15947901499533426,0.15947901499533426,0.15947901499533426,0.0,0.0,1,2,best_total_reward
447,CC(C)CCn1ncc2[nH]c3c([N+](=O)[O-])cc4ccncc4c3c21,CC(C)CCn1ncc2[nH]c3c([N+](=O)[O-])cc4ccncc4c3c21,0.15943114634363773,0.15943114634363773,0.15943114634363773,0.0,0.0,1,74,best_total_reward
448,COc1ccc(-c2ccc(COC3COc4nc([N+](=O)[O-])cn4C3)cc2)cc1OC,COc1ccc(-c2ccc(COC3COc4nc([N+](=O)[O-])cn4C3)cc2)cc1OC,0.15821981400754467,0.15821981400754467,0.15821981400754467,0.0,0.0,1,8,best_total_reward
449,Oc1cc2c(cc1O)C1CCCNC1CC2,Oc1cc2c(cc1O)C1CCCNC1CC2,0.15814780375137588,0.15814780375137588,0.15814780375137588,0.0,0.0,1,72,best_total_reward
450,COc1ccc(CN(CC(=O)NCCCC(=O)NC2CC3CCC2C3)c2ccc(Cl)c(Cl)c2)cc1,COc1ccc(CN(CC(=O)NCCCC(=O)NC2CC3CCC2C3)c2ccc(Cl)c(Cl)c2)cc1,0.15807889272026035,0.15807889272026035,0.15807889272026035,0.0,0.0,1,67,best_total_reward
451,O=c1nc(SCc2ccc(F)cc2)[nH]c(-c2ccc(Cl)cc2)c1C(F)(F)F,O=c1nc(SCc2ccc(F)cc2)[nH]c(-c2ccc(Cl)cc2)c1C(F)(F)F,0.15796385912166835,0.15796385912166835,0.15796385912166835,0.0,0.0,1,44,best_total_reward
452,CCN(CCOC)c1nn2c(-c3cccc(OCCCO)c3)nnc2c2ccccc12,CCN(CCOC)c1nn2c(-c3cccc(OCCCO)c3)nnc2c2ccccc12,0.1578120188864035,0.1578120188864035,0.1578120188864035,0.0,0.0,1,29,best_total_reward
453,Cc1cccc(=NC(=O)C2CCN(S(=O)(=O)c3ccc(C(F)F)cc3)CC2)[nH]1,Cc1cccc(=NC(=O)C2CCN(S(=O)(=O)c3ccc(C(F)F)cc3)CC2)[nH]1,0.15707499815305745,0.15707499815305745,0.15707499815305745,0.0,0.0,1,16,best_total_reward
454,CCC1Cc2c(C)nc3c(C(F)(F)F)cnn3c2N1c1cc(Cl)ccc1C,CCC1Cc2c(C)nc3c(C(F)(F)F)cnn3c2N1c1cc(Cl)ccc1C,0.1569518043856753,0.1569518043856753,0.1569518043856753,0.0,0.0,1,2,best_total_reward
455,Cc1nc(-c2ccccc2)sc1C(=O)NCCCCCCC(O)=NO,Cc1nc(-c2ccccc2)sc1C(=O)NCCCCCCC(O)=NO,0.15666469306227163,0.15666469306227163,0.15666469306227163,0.0,0.0,1,26,best_total_reward
456,O=C(N=c1[nH]nc2n1CCS2)c1ccccc1F,O=C(N=c1[nH]nc2n1CCS2)c1ccccc1F,0.156504650067986,0.156504650067986,0.156504650067986,0.0,0.0,1,61,best_total_reward
457,O=C(O)Cc1ccc(-c2ccccn2)c(Cl)c1,O=C(O)Cc1ccc(-c2ccccn2)c(Cl)c1,0.15584406141832413,0.15584406141832413,0.15584406141832413,0.0,0.0,1,6,best_total_reward
458,Cc1cc(N=c2cc(C3CC3)[nH][nH]2)[nH]c(=NCc2c(C)noc2C)n1,Cc1cc(N=c2cc(C3CC3)[nH][nH]2)[nH]c(=NCc2c(C)noc2C)n1,0.1558331256062605,0.1558331256062605,0.1558331256062605,0.0,0.0,1,22,best_total_reward
459,COc1cc2c(cc1OC)C1C=CC3(OC)OC(=O)C=CC3C1CC2,COc1cc2c(cc1OC)C1C=CC3(OC)OC(=O)C=CC3C1CC2,0.15577078461324875,0.15577078461324875,0.15577078461324875,0.0,0.0,1,10,best_total_reward
460,CC1=CC(C)(C)Nc2ccc(-c3ccccc3F)cc21,CC1=CC(C)(C)Nc2ccc(-c3ccccc3F)cc21,0.15562776157121608,0.15562776157121608,0.15562776157121608,0.0,0.0,1,31,best_total_reward
461,CCOC(=O)C1CCCN(C(=O)Cn2c(=O)oc3ccc(-c4ccccc4)cc32)C1,CCOC(=O)C1CCCN(C(=O)Cn2c(=O)oc3ccc(-c4ccccc4)cc32)C1,0.15552061678516915,0.15552061678516915,0.15552061678516915,0.0,0.0,1,4,best_total_reward
462,COc1ccc2nc(C)cc(N(C)CCc3ccc(OC)c(C(N)=O)n3)c2c1,COc1ccc2nc(C)cc(N(C)CCc3ccc(OC)c(C(N)=O)n3)c2c1,0.15524023233849263,0.15524023233849263,0.15524023233849263,0.0,0.0,1,54,best_total_reward
463,CN(C)c1ccc(OC(=O)c2ccc3cc(C=CCN4CCCC4)cn3c2)cn1,CN(C)c1ccc(OC(=O)c2ccc3cc(C=CCN4CCCC4)cn3c2)cn1,0.15502411695981108,0.15502411695981108,0.15502411695981108,0.0,0.0,1,71,best_total_reward
464,Cc1nc2ccccc2nc1C(=O)NCCc1cccc(Cl)c1,Cc1nc2ccccc2nc1C(=O)NCCc1cccc(Cl)c1,0.15487268699330184,0.15487268699330184,0.15487268699330184,0.0,0.0,1,39,best_total_reward
465,CCOC(=O)N(OCC)c1nc(OCc2ccccc2)nc(SCc2ccc(C(C)(C)C)cc2)n1,CCOC(=O)N(OCC)c1nc(OCc2ccccc2)nc(SCc2ccc(C(C)(C)C)cc2)n1,0.15448240675245375,0.15448240675245375,0.15448240675245375,0.0,0.0,1,53,best_total_reward
466,Cc1cccc(-c2ncnc3c(C(=O)C(=O)N4CCN(C(=O)c5ccccc5)CC4)c[nH]c23)c1,Cc1cccc(-c2ncnc3c(C(=O)C(=O)N4CCN(C(=O)c5ccccc5)CC4)c[nH]c23)c1,0.15435674523277085,0.15435674523277085,0.15435674523277085,0.0,0.0,1,41,best_total_reward
467,Cc1nc(-c2ccccc2)n(-c2nc(N3CCOCC3)[nH]c(=NC3CCCC3)n2)n1,Cc1nc(-c2ccccc2)n(-c2nc(N3CCOCC3)[nH]c(=NC3CCCC3)n2)n1,0.15410044641106907,0.15410044641106907,0.15410044641106907,0.0,0.0,1,55,best_total_reward
468,COc1cc(C(=NO)c2ccc(OC)c(OC)c2O)cc2c1OCO2,COc1cc(C(=NO)c2ccc(OC)c(OC)c2O)cc2c1OCO2,0.15355953338938919,0.15355953338938919,0.15355953338938919,0.0,0.0,1,18,best_total_reward
469,COC(=O)C1=C(C)N(c2ccc(OC)cc2)C(=O)C1=Cc1cccs1,COC(=O)C1=C(C)N(c2ccc(OC)cc2)C(=O)C1=Cc1cccs1,0.15317316864144653,0.15317316864144653,0.15317316864144653,0.0,0.0,1,46,best_total_reward
470,CC1(C)CCc2c(sc(NC(=O)c3ccc[nH]c3=Nc3cnccn3)c2C(N)=O)C1,CC1(C)CCc2c(sc(NC(=O)c3ccc[nH]c3=Nc3cnccn3)c2C(N)=O)C1,0.1524419715729115,0.1524419715729115,0.1524419715729115,0.0,0.0,1,64,best_total_reward
471,O=C(COC(=O)c1ccc(Br)cc1)N=c1ccc(Cl)c[nH]1,O=C(COC(=O)c1ccc(Br)cc1)N=c1ccc(Cl)c[nH]1,0.15209151629621065,0.15209151629621065,0.15209151629621065,0.0,0.0,1,9,best_total_reward
472,Cc1ccc(-c2c[nH]c(=N)c(-c3ccc(O)cc3)n2)cc1,Cc1ccc(-c2c[nH]c(=N)c(-c3ccc(O)cc3)n2)cc1,0.1518411589126623,0.1518411589126623,0.1518411589126623,0.0,0.0,1,26,best_total_reward
473,O=c1c2cccnc2nc2n1CCCCC2,O=c1c2cccnc2nc2n1CCCCC2,0.15170388761912057,0.15170388761912057,0.15170388761912057,0.0,0.0,1,20,best_total_reward
474,CC1CCN(c2nc(=O)c3ccc(=NCCCc4ccccc4)[nH]c3[nH]2)CC1,CC1CCN(c2nc(=O)c3ccc(=NCCCc4ccccc4)[nH]c3[nH]2)CC1,0.1516045454293229,0.1516045454293229,0.1516045454293229,0.0,0.0,1,52,best_total_reward
475,c1ccc(CCCN2CCN(CCOC(c3ccccc3)c3ccccc3)CC2)cc1,c1ccc(CCCN2CCN(CCOC(c3ccccc3)c3ccccc3)CC2)cc1,0.15155914556704783,0.15155914556704783,0.15155914556704783,0.0,0.0,1,17,best_total_reward
476,O=C(CSc1nc2cc(Cl)ccc2s1)Nc1ccc(F)cc1,O=C(CSc1nc2cc(Cl)ccc2s1)Nc1ccc(F)cc1,0.15121760501475634,0.15121760501475634,0.15121760501475634,0.0,0.0,1,61,best_total_reward
477,CC1(c2cc(NC(=O)c3cc(Cl)ccn3)ccc2F)CC(C(F)(F)F)OC(=N)N1,CC1(c2cc(NC(=O)c3cc(Cl)ccn3)ccc2F)CC(C(F)(F)F)OC(=N)N1,0.1510031899782684,0.1510031899782684,0.1510031899782684,0.0,0.0,1,60,best_total_reward
478,O=C(N=c1cc[nH][nH]1)c1cc(Oc2cccc(-c3cn[nH]c3)c2)ccn1,O=C(N=c1cc[nH][nH]1)c1cc(Oc2cccc(-c3cn[nH]c3)c2)ccn1,0.15081827493516284,0.15081827493516284,0.15081827493516284,0.0,0.0,1,35,best_total_reward
479,COC(=O)C(=NC(=O)CCCC(=O)C=CC(=O)O)c1ccccc1O,COC(=O)C(=NC(=O)CCCC(=O)C=CC(=O)O)c1ccccc1O,0.15071625611163472,0.15071625611163472,0.15071625611163472,0.0,0.0,1,2,best_total_reward
480,N#CC(=Cc1ccccc1OCC(=O)O)C(=O)Nc1ccccc1,N#CC(=Cc1ccccc1OCC(=O)O)C(=O)Nc1ccccc1,0.15029385897980185,0.15029385897980185,0.15029385897980185,0.0,0.0,1,62,best_total_reward
481,COC(=O)CCC(=O)N1Cc2cccc(Cl)c2C(c2ccc([N+](=O)[O-])cc2)C1,COC(=O)CCC(=O)N1Cc2cccc(Cl)c2C(c2ccc([N+](=O)[O-])cc2)C1,0.15025109047952742,0.15025109047952742,0.15025109047952742,0.0,0.0,1,70,best_total_reward
482,NC(COc1ccc2c(C=O)cc3ccccc3c2c1)Cc1c[nH]c2ccccc12,NC(COc1ccc2c(C=O)cc3ccccc3c2c1)Cc1c[nH]c2ccccc12,0.15024864005512287,0.15024864005512287,0.15024864005512287,0.0,0.0,1,27,best_total_reward
483,CC(C)CCOc1ccc(Nc2cnc(=NC3CC3)[nH]c2C(N)=O)cc1F,CC(C)CCOc1ccc(Nc2cnc(=NC3CC3)[nH]c2C(N)=O)cc1F,0.14991880820235126,0.14991880820235126,0.14991880820235126,0.0,0.0,1,30,best_total_reward
484,N=C(N)NCCCCc1ccc(C(=O)NCC(NS(=O)(=O)c2ccccc2)C(=O)O)cn1,N=C(N)NCCCCc1ccc(C(=O)NCC(NS(=O)(=O)c2ccccc2)C(=O)O)cn1,0.1494521398817678,0.1494521398817678,0.1494521398817678,0.0,0.0,1,37,best_total_reward
485,C(=Nn1cnnc1)c1ccc(OCc2ccccc2)cc1,C(=Nn1cnnc1)c1ccc(OCc2ccccc2)cc1,0.14905570570387952,0.14905570570387952,0.14905570570387952,0.0,0.0,1,67,best_total_reward
486,Cc1c(NC(=O)c2c[nH]c3ccccc3c2=O)c(=O)n(-c2ccccc2)n1C,Cc1c(NC(=O)c2c[nH]c3ccccc3c2=O)c(=O)n(-c2ccccc2)n1C,0.14865113752185136,0.14865113752185136,0.14865113752185136,0.0,0.0,1,73,best_total_reward
487,CCC(=O)Nc1cccc(-c2nn3c(-c4ccc(Cl)s4)nnc3s2)c1,CCC(=O)Nc1cccc(-c2nn3c(-c4ccc(Cl)s4)nnc3s2)c1,0.14747563493376903,0.14747563493376903,0.14747563493376903,0.0,0.0,1,72,best_total_reward
488,CN1COc2ccc(NC(O)c3cc(Cl)ccc3Cl)cc2C1=O,CN1COc2ccc(NC(O)c3cc(Cl)ccc3Cl)cc2C1=O,0.14735658682719083,0.14735658682719083,0.14735658682719083,0.0,0.0,1,74,best_total_reward
489,O=c1[nH]c2cccnc2n1-c1ccc([N+](=O)[O-])cc1,O=c1[nH]c2cccnc2n1-c1ccc([N+](=O)[O-])cc1,0.14717407145871655,0.14717407145871655,0.14717407145871655,0.0,0.0,1,44,best_total_reward
490,CCOC(=O)C1C(CC)=Nc2ccccc2N=C1NS(=O)(=O)c1ccc(C)cc1,CCOC(=O)C1C(CC)=Nc2ccccc2N=C1NS(=O)(=O)c1ccc(C)cc1,0.14715828182053084,0.14715828182053084,0.14715828182053084,0.0,0.0,1,25,best_total_reward
491,Cc1ccccc1C1CC(c2ccccc2)c2[nH]nnc2N1,Cc1ccccc1C1CC(c2ccccc2)c2[nH]nnc2N1,0.14714438849736697,0.14714438849736697,0.14714438849736697,0.0,0.0,1,50,best_total_reward
492,OC1(C2CCCCN2)Cc2cccc3cccc1c23,OC1(C2CCCCN2)Cc2cccc3cccc1c23,0.14596106843718704,0.14596106843718704,0.14596106843718704,0.0,0.0,1,1,best_total_reward
493,Fc1ccc(-c2nn(C3CCNCC3)cc2-c2ccc3c(-c4ccc(F)cc4)nncc3c2)cc1,Fc1ccc(-c2nn(C3CCNCC3)cc2-c2ccc3c(-c4ccc(F)cc4)nncc3c2)cc1,0.14584585536066608,0.14584585536066608,0.14584585536066608,0.0,0.0,1,36,best_total_reward
494,Cn1c(=O)c2c(C(F)(F)F)cc(-c3ccccc3N)nc2n(C)c1=O,Cn1c(=O)c2c(C(F)(F)F)cc(-c3ccccc3N)nc2n(C)c1=O,0.14580628328842796,0.14580628328842796,0.14580628328842796,0.0,0.0,1,56,best_total_reward
495,COc1ccc(C2OCC3(O)c4cc5c(cc4OCC23)OCO5)cc1O,COc1ccc(C2OCC3(O)c4cc5c(cc4OCC23)OCO5)cc1O,0.14565562964490408,0.14565562964490408,0.14565562964490408,0.0,0.0,1,5,best_total_reward
496,CCCCC(c1c(O)[nH]c(C)cc1=O)c1c(O)ncc2ccccc12,CCCCC(c1c(O)[nH]c(C)cc1=O)c1c(O)ncc2ccccc12,0.14537448084351695,0.14537448084351695,0.14537448084351695,0.0,0.0,1,74,best_total_reward
497,CCOC(=O)c1cc(-c2ccc(OC)cc2)c(-c2ccc([N+](=O)[O-])cc2)s1,CCOC(=O)c1cc(-c2ccc(OC)cc2)c(-c2ccc([N+](=O)[O-])cc2)s1,0.14450382241821144,0.14450382241821144,0.14450382241821144,0.0,0.0,1,14,best_total_reward
498,S=C(NCCCN=c1c2ccc(Cl)cc2[nH]c2cc(Cl)ccc12)Nc1ccccc1Cl,S=C(NCCCN=c1c2ccc(Cl)cc2[nH]c2cc(Cl)ccc12)Nc1ccccc1Cl,0.14433569411306826,0.14433569411306826,0.14433569411306826,0.0,0.0,1,23,best_total_reward
499,O=[N+]([O-])OC=CCCNC1OC(CO)C(O)C(O)C1O,O=[N+]([O-])OC=CCCNC1OC(CO)C(O)C(O)C1O,0.14426165199938606,0.14426165199938606,0.14426165199938606,0.0,0.0,1,65,best_total_reward
500,COc1ccc2[nH]c3c(c(=O)c2c1)CCNC3,COc1ccc2[nH]c3c(c(=O)c2c1)CCNC3,0.1438473311818807,0.1438473311818807,0.1438473311818807,0.0,0.0,1,45,best_total_reward
501,CN(C)Cc1ccc(N=c2cc[nH]c3cc(-c4ccnn4-c4ccccc4)ccc23)cc1,CN(C)Cc1ccc(N=c2cc[nH]c3cc(-c4ccnn4-c4ccccc4)ccc23)cc1,0.14326727918768584,0.14326727918768584,0.14326727918768584,0.0,0.0,1,32,best_total_reward
502,CC1C=C(C(=O)Nc2ccc([N+](=O)[O-])c(C(F)(F)F)c2)CN1C1CCC1,CC1C=C(C(=O)Nc2ccc([N+](=O)[O-])c(C(F)(F)F)c2)CN1C1CCC1,0.1430742384224058,0.1430742384224058,0.1430742384224058,0.0,0.0,1,67,best_total_reward
503,CCCn1c(=O)c2[nH]c(-c3cccc(OCC(=O)NC4CCN(Cc5ccccc5)CC4)c3)cc2n(CCC)c1=O,CCCn1c(=O)c2[nH]c(-c3cccc(OCC(=O)NC4CCN(Cc5ccccc5)CC4)c3)cc2n(CCC)c1=O,0.14220782192268952,0.14220782192268952,0.14220782192268952,0.0,0.0,1,18,best_total_reward
504,O=C(O)CCCCC1CCCCn2c(C3CCCCC3)c(-c3ccc(F)cc3)c(-c3ccccc3)c21,O=C(O)CCCCC1CCCCn2c(C3CCCCC3)c(-c3ccc(F)cc3)c(-c3ccccc3)c21,0.14172008446107856,0.14172008446107856,0.14172008446107856,0.0,0.0,1,22,best_total_reward
505,CC(=O)c1ccc(N=c2cc(C)[nH][nH]2)c(C)c1,CC(=O)c1ccc(N=c2cc(C)[nH][nH]2)c(C)c1,0.14139832373815922,0.14139832373815922,0.14139832373815922,0.0,0.0,1,35,best_total_reward
506,Cc1ccc2c3c(=O)n4ccccc4nc3n(CC(=O)c3ccccn3)c2c1,Cc1ccc2c3c(=O)n4ccccc4nc3n(CC(=O)c3ccccn3)c2c1,0.14136358827573822,0.14136358827573822,0.14136358827573822,0.0,0.0,1,33,best_total_reward
507,Cc1cccc(C(C)NC(=O)c2ccc(NC(=O)N3Cc4ccc(F)cc4C3)cc2)c1,Cc1cccc(C(C)NC(=O)c2ccc(NC(=O)N3Cc4ccc(F)cc4C3)cc2)c1,0.14090468828232147,0.14090468828232147,0.14090468828232147,0.0,0.0,1,57,best_total_reward
508,Cc1ccc2c(c1)C(=O)N(c1ccc(F)c(CO)c1)C2=O,Cc1ccc2c(c1)C(=O)N(c1ccc(F)c(CO)c1)C2=O,0.14080701590497988,0.14080701590497988,0.14080701590497988,0.0,0.0,1,15,best_total_reward
509,CC(=O)c1ccc2cccc3c2c1C1Oc2ccccc2C1SC3,CC(=O)c1ccc2cccc3c2c1C1Oc2ccccc2C1SC3,0.14060881109818077,0.14060881109818077,0.14060881109818077,0.0,0.0,1,73,best_total_reward
510,CCCCCC(=O)Oc1ccc(C2=NCCO2)cc1,CCCCCC(=O)Oc1ccc(C2=NCCO2)cc1,0.14053416651428766,0.14053416651428766,0.14053416651428766,0.0,0.0,1,3,best_total_reward
511,CCc1[nH]nc(Cn2c(=O)sc3ccccc32)c1-c1ccc(Cl)cc1,CCc1[nH]nc(Cn2c(=O)sc3ccccc32)c1-c1ccc(Cl)cc1,0.13995879249767088,0.13995879249767088,0.13995879249767088,0.0,0.0,1,23,best_total_reward
512,COc1cc(C(NC(=O)C2CCNCC2)c2cccc(NC(=O)c3cnccn3)c2)cc(OC)c1OC,COc1cc(C(NC(=O)C2CCNCC2)c2cccc(NC(=O)c3cnccn3)c2)cc(OC)c1OC,0.1397207644256027,0.1397207644256027,0.1397207644256027,0.0,0.0,1,48,best_total_reward
513,Cc1ccc(=Nc2ccc(C3CNCCO3)cc2)[nH]c1,Cc1ccc(=Nc2ccc(C3CNCCO3)cc2)[nH]c1,0.13951325466248424,0.13951325466248424,0.13951325466248424,0.0,0.0,1,70,best_total_reward
514,Cc1ccc(-c2csc(=NC(=O)CCC(=O)NCc3ccco3)[nH]2)c(C)c1,Cc1ccc(-c2csc(=NC(=O)CCC(=O)NCc3ccco3)[nH]2)c(C)c1,0.13908765176545515,0.13908765176545515,0.13908765176545515,0.0,0.0,1,39,best_total_reward
515,O=C(O)c1cnc(N2CCOC3(CCN(Cc4ccc(Oc5ccc(Cl)c(Cl)c5)cc4)CC3)C2)s1,O=C(O)c1cnc(N2CCOC3(CCN(Cc4ccc(Oc5ccc(Cl)c(Cl)c5)cc4)CC3)C2)s1,0.1390316580211074,0.1390316580211074,0.1390316580211074,0.0,0.0,1,39,best_total_reward
516,CCc1cc2c(cc1-c1cc(C(F)(F)F)c3c(cnn3C)c1)OCC2CC(=O)O,CCc1cc2c(cc1-c1cc(C(F)(F)F)c3c(cnn3C)c1)OCC2CC(=O)O,0.13813724793354876,0.13813724793354876,0.13813724793354876,0.0,0.0,1,60,best_total_reward
517,c1ccc2c(c1)CCNC2c1ccc2c(c1)OCO2,c1ccc2c(c1)CCNC2c1ccc2c(c1)OCO2,0.13795155404285486,0.13795155404285486,0.13795155404285486,0.0,0.0,1,54,best_total_reward
518,COc1cccc(OC)c1C(=O)N=c1[nH]c(-c2ccccc2)c(C(=O)c2ccccc2)s1,COc1cccc(OC)c1C(=O)N=c1[nH]c(-c2ccccc2)c(C(=O)c2ccccc2)s1,0.1377703039069644,0.1377703039069644,0.1377703039069644,0.0,0.0,1,32,best_total_reward
519,O=C(COC(=O)c1cc(-c2ccccc2Cl)nc2ccccc12)NC1CCCCC1,O=C(COC(=O)c1cc(-c2ccccc2Cl)nc2ccccc12)NC1CCCCC1,0.13755044645887693,0.13755044645887693,0.13755044645887693,0.0,0.0,1,38,best_total_reward
520,CCOC(=O)CC(NC(=O)c1ccc(NC(=O)C(CC)CC)c(OCC(C)C)c1)C(=O)OCC,CCOC(=O)CC(NC(=O)c1ccc(NC(=O)C(CC)CC)c(OCC(C)C)c1)C(=O)OCC,0.13732135133267084,0.13732135133267084,0.13732135133267084,0.0,0.0,1,54,best_total_reward
521,CCN(CC)CCCC(=O)Nc1ccc2[nH]cnc(=Nc3cccc(Br)c3)c2c1,CCN(CC)CCCC(=O)Nc1ccc2[nH]cnc(=Nc3cccc(Br)c3)c2c1,0.13686004440128496,0.13686004440128496,0.13686004440128496,0.0,0.0,1,3,best_total_reward
522,COc1cccc(C(=O)Nc2ccc(-c3nc4ccccc4[nH]c3=NC(C)=O)cc2)c1,COc1cccc(C(=O)Nc2ccc(-c3nc4ccccc4[nH]c3=NC(C)=O)cc2)c1,0.13670119124527688,0.13670119124527688,0.13670119124527688,0.0,0.0,1,10,best_total_reward
523,O=c1nc(N2CCCNCC2)ccn1Cc1nnn(-c2ccc(C(F)(F)F)cc2F)n1,O=c1nc(N2CCCNCC2)ccn1Cc1nnn(-c2ccc(C(F)(F)F)cc2F)n1,0.13668629353301023,0.13668629353301023,0.13668629353301023,0.0,0.0,1,64,best_total_reward
524,CCc1ccccc1NC(=O)c1cc(=O)c2ccccc2o1,CCc1ccccc1NC(=O)c1cc(=O)c2ccccc2o1,0.13648265043265895,0.13648265043265895,0.13648265043265895,0.0,0.0,1,48,best_total_reward
525,CN(C)CCCCCCNC1=NC2C=CC=CC2N1,CN(C)CCCCCCNC1=NC2C=CC=CC2N1,0.13635300736300962,0.13635300736300962,0.13635300736300962,0.0,0.0,1,52,best_total_reward
526,Cc1ccc(-c2cccc(C(=O)N3CCC(c4ccc(C#N)cc4)CC3)c2C)cc1,Cc1ccc(-c2cccc(C(=O)N3CCC(c4ccc(C#N)cc4)CC3)c2C)cc1,0.1362129060598489,0.1362129060598489,0.1362129060598489,0.0,0.0,1,43,best_total_reward
527,CCC(=O)NC(C)c1ccc(OC2CCN(c3ccc(OCC4CC4)cc3)C2)cc1,CCC(=O)NC(C)c1ccc(OC2CCN(c3ccc(OCC4CC4)cc3)C2)cc1,0.13585896825830918,0.13585896825830918,0.13585896825830918,0.0,0.0,1,12,best_total_reward
528,N#CC=C1CCC(=S)N(C2CCN(CCCn3nc(-c4ccc(C(F)(F)F)c(SCCC5CCCO5)c4)c4cccc(Cl)c43)CC2)C1,N#CC=C1CCC(=S)N(C2CCN(CCCn3nc(-c4ccc(C(F)(F)F)c(SCCC5CCCO5)c4)c4cccc(Cl)c43)CC2)C1,0.1357862870911546,0.1357862870911546,0.1357862870911546,0.0,0.0,1,75,best_total_reward
529,Nc1ccccc1CNC(=O)c1ccco1,Nc1ccccc1CNC(=O)c1ccco1,0.13537961964745981,0.13537961964745981,0.13537961964745981,0.0,0.0,1,44,best_total_reward
530,COc1cc(C)cc2c1C13CCC(O)C=C1C(C2)N(C#N)CC3,COc1cc(C)cc2c1C13CCC(O)C=C1C(C2)N(C#N)CC3,0.1351261374444511,0.1351261374444511,0.1351261374444511,0.0,0.0,1,35,best_total_reward
531,C=CCn1c(N2CCN(C)CC2)nc2ccccc21,C=CCn1c(N2CCN(C)CC2)nc2ccccc21,0.13508631648215283,0.13508631648215283,0.13508631648215283,0.0,0.0,1,73,best_total_reward
532,ClC(Cl)=C(Cl)C1=NCCN1Cc1ccc(Cl)nc1,ClC(Cl)=C(Cl)C1=NCCN1Cc1ccc(Cl)nc1,0.13502942999561246,0.13502942999561246,0.13502942999561246,0.0,0.0,1,36,best_total_reward
533,CCC(CC)N=c1c(C(=O)NCC(F)C(C)(C)O)c[nH]c2cc[nH]c12,CCC(CC)N=c1c(C(=O)NCC(F)C(C)(C)O)c[nH]c2cc[nH]c12,0.13473218573567228,0.13473218573567228,0.13473218573567228,0.0,0.0,1,60,best_total_reward
534,COC(=O)c1ccccc1-c1cc(C)c2c(c1)C(=O)c1cccc(OCc3ccccc3)c1C2=O,COC(=O)c1ccccc1-c1cc(C)c2c(c1)C(=O)c1cccc(OCc3ccccc3)c1C2=O,0.13462923496340806,0.13462923496340806,0.13462923496340806,0.0,0.0,1,40,best_total_reward
535,COc1ccc(C=CC(=O)N2N=C(c3ccc(Cl)c(Cl)c3)CC2c2ccc3c(c2)OCO3)cc1OC,COc1ccc(C=CC(=O)N2N=C(c3ccc(Cl)c(Cl)c3)CC2c2ccc3c(c2)OCO3)cc1OC,0.1344065954603439,0.1344065954603439,0.1344065954603439,0.0,0.0,1,27,best_total_reward
536,CCOc1ccc2c(c1)C(c1ccccc1)N(c1cccc(C(=O)OC)n1)C(N)=N2,CCOc1ccc2c(c1)C(c1ccccc1)N(c1cccc(C(=O)OC)n1)C(N)=N2,0.13396681122499063,0.13396681122499063,0.13396681122499063,0.0,0.0,1,75,best_total_reward
537,CCCCCOC(=O)C1C(C)=NC(C)=C(C(=O)OCC)C1c1ccccc1OCc1ccccc1,CCCCCOC(=O)C1C(C)=NC(C)=C(C(=O)OCC)C1c1ccccc1OCc1ccccc1,0.13370186760299874,0.13370186760299874,0.13370186760299874,0.0,0.0,1,41,best_total_reward
538,CCC(=O)Nc1cccc(-c2cccnc2)c1,CCC(=O)Nc1cccc(-c2cccnc2)c1,0.13355671623652143,0.13355671623652143,0.13355671623652143,0.0,0.0,1,7,best_total_reward
539,COc1ccccc1CSc1nc(C)n[nH]1,COc1ccccc1CSc1nc(C)n[nH]1,0.13294665928700167,0.13294665928700167,0.13294665928700167,0.0,0.0,1,4,best_total_reward
540,CC1(C)Oc2ccc(CN(Cc3nnnn3Cc3ccccc3)C3CCCCC3)cc2O1,CC1(C)Oc2ccc(CN(Cc3nnnn3Cc3ccccc3)C3CCCCC3)cc2O1,0.1327795557557327,0.1327795557557327,0.1327795557557327,0.0,0.0,1,72,best_total_reward
541,C=CCn1c(-c2cn(-c3ccc(OC)c(OC)c3)nn2)n[nH]c1=S,C=CCn1c(-c2cn(-c3ccc(OC)c(OC)c3)nn2)n[nH]c1=S,0.13271971812147593,0.13271971812147593,0.13271971812147593,0.0,0.0,1,26,best_total_reward
542,COc1ccc(-c2c(-c3cccnc3)[nH]cc(Cl)c2=O)cc1,COc1ccc(-c2c(-c3cccnc3)[nH]cc(Cl)c2=O)cc1,0.13266748409234902,0.13266748409234902,0.13266748409234902,0.0,0.0,1,66,best_total_reward
543,CCCN(CCCNC(=O)Nc1cccc2ccccc12)Cc1ccccc1,CCCN(CCCNC(=O)Nc1cccc2ccccc12)Cc1ccccc1,0.132649762686814,0.132649762686814,0.132649762686814,0.0,0.0,1,38,best_total_reward
544,COc1ccc2c(c1)Cc1c(C(=O)NCCN(C)C)noc1-2,COc1ccc2c(c1)Cc1c(C(=O)NCCN(C)C)noc1-2,0.13228910042551273,0.13228910042551273,0.13228910042551273,0.0,0.0,1,31,best_total_reward
545,CCN(Cc1ccc(CN(C)C)o1)S(=O)(=O)c1ccc(Br)cc1,CCN(Cc1ccc(CN(C)C)o1)S(=O)(=O)c1ccc(Br)cc1,0.1313413365276282,0.1313413365276282,0.1313413365276282,0.0,0.0,1,61,best_total_reward
546,CC(=O)N=C1NN(C(C)=O)C(c2ccc(Br)cc2)(c2ccoc2)S1,CC(=O)N=C1NN(C(C)=O)C(c2ccc(Br)cc2)(c2ccoc2)S1,0.13119431052111225,0.13119431052111225,0.13119431052111225,0.0,0.0,1,42,best_total_reward
547,CC(Cc1c[nH]c2ccccc12)(N=c1ccc(C(F)(F)F)c[nH]1)c1nc2cc(Cl)ccc2n1-c1ccccc1,CC(Cc1c[nH]c2ccccc12)(N=c1ccc(C(F)(F)F)c[nH]1)c1nc2cc(Cl)ccc2n1-c1ccccc1,0.13089924917743007,0.13089924917743007,0.13089924917743007,0.0,0.0,1,5,best_total_reward
548,O=C(c1ccccc1)c1cc(C(=O)N2CCC(O)(c3ccc(Cl)cc3)CC2)cc(C(O)=NO)c1,O=C(c1ccccc1)c1cc(C(=O)N2CCC(O)(c3ccc(Cl)cc3)CC2)cc(C(O)=NO)c1,0.1308299300633229,0.1308299300633229,0.1308299300633229,0.0,0.0,1,8,best_total_reward
549,COc1cccc(C(c2nnnn2C(C)(C)C)N2CCN(CC=Cc3ccccc3)CC2)c1,COc1cccc(C(c2nnnn2C(C)(C)C)N2CCN(CC=Cc3ccccc3)CC2)c1,0.1306712768521087,0.1306712768521087,0.1306712768521087,0.0,0.0,1,28,best_total_reward
550,CC(C)CN1CCN(C(=O)C(Cc2cn(Cc3ccc(F)cc3)nn2)NC(=O)N2CCC(N3Cc4ccccc4NC3=O)CC2)CC1,CC(C)CN1CCN(C(=O)C(Cc2cn(Cc3ccc(F)cc3)nn2)NC(=O)N2CCC(N3Cc4ccccc4NC3=O)CC2)CC1,0.1301450496247354,0.1301450496247354,0.1301450496247354,0.0,0.0,1,26,best_total_reward
551,CC(=CN=C(N)N)c1ccccc1-c1ccccc1,CC(=CN=C(N)N)c1ccccc1-c1ccccc1,0.12963977381344308,0.12963977381344308,0.12963977381344308,0.0,0.0,1,75,best_total_reward
552,O=C(NCC1CCCCN1)c1cc(Br)c(Br)[nH]1,O=C(NCC1CCCCN1)c1cc(Br)c(Br)[nH]1,0.12856921433592564,0.12856921433592564,0.12856921433592564,0.0,0.0,1,28,best_total_reward
553,CC(C)(O)c1nc(-c2cccnc2)nc(N2CCCC(c3ccc(C#N)cc3)C2)n1,CC(C)(O)c1nc(-c2cccnc2)nc(N2CCCC(c3ccc(C#N)cc3)C2)n1,0.12826498677749879,0.12826498677749879,0.12826498677749879,0.0,0.0,1,45,best_total_reward
554,CCOc1ccc2c(CCn3cnc4c3N=CNCC4O)ccc(-c3ccc(OC)cc3)c2n1,CCOc1ccc2c(CCn3cnc4c3N=CNCC4O)ccc(-c3ccc(OC)cc3)c2n1,0.12826462244762626,0.12826462244762626,0.12826462244762626,0.0,0.0,1,62,best_total_reward
555,CC(C)CCn1c(C(=O)NCc2ccc(N)cc2)cc2ccccc21,CC(C)CCn1c(C(=O)NCc2ccc(N)cc2)cc2ccccc21,0.12816453182395415,0.12816453182395415,0.12816453182395415,0.0,0.0,1,66,best_total_reward
556,CC(O)(C(=O)N=c1ccc(Cl)c[nH]1)c1nc2ccccc2[nH]1,CC(O)(C(=O)N=c1ccc(Cl)c[nH]1)c1nc2ccccc2[nH]1,0.12738575189258192,0.12738575189258192,0.12738575189258192,0.0,0.0,1,43,best_total_reward
557,CCC(CN1CCCC(C(=O)NC(c2ccccc2)c2ccccc2)CC1=O)N(C)C,CCC(CN1CCCC(C(=O)NC(c2ccccc2)c2ccccc2)CC1=O)N(C)C,0.12712187715073556,0.12712187715073556,0.12712187715073556,0.0,0.0,1,15,best_total_reward
558,CN1CCN(c2cc(Oc3ccc4c(c3)NC(=O)CC4)ccn2)CC1,CN1CCN(c2cc(Oc3ccc4c(c3)NC(=O)CC4)ccn2)CC1,0.12690574834598284,0.12690574834598284,0.12690574834598284,0.0,0.0,1,53,best_total_reward
559,CCCCCn1c(-c2ccccc2)c(C(=O)c2ccc(Cl)cc2)c2ccccc21,CCCCCn1c(-c2ccccc2)c(C(=O)c2ccc(Cl)cc2)c2ccccc21,0.12676364042464333,0.12676364042464333,0.12676364042464333,0.0,0.0,1,3,best_total_reward
560,COc1ccc(N2CC(NC(=O)Nc3cccc(OC)c3)CC2=O)cc1,COc1ccc(N2CC(NC(=O)Nc3cccc(OC)c3)CC2=O)cc1,0.1267488090568466,0.1267488090568466,0.1267488090568466,0.0,0.0,1,59,best_total_reward
561,Cc1nc(SCC(=O)C(C)(C)C)c2c3c(sc2n1)CCN(C(=O)OCC(F)(F)F)CC3,Cc1nc(SCC(=O)C(C)(C)C)c2c3c(sc2n1)CCN(C(=O)OCC(F)(F)F)CC3,0.12672309519240088,0.12672309519240088,0.12672309519240088,0.0,0.0,1,18,best_total_reward
562,CC(=NNC(=O)c1ccncc1)c1cccc(O)c1,CC(=NNC(=O)c1ccncc1)c1cccc(O)c1,0.12664262691845893,0.12664262691845893,0.12664262691845893,0.0,0.0,1,47,best_total_reward
563,COc1cccc(OCC#Cc2ccc(C3CC3NC3CCC(N)CC3)cc2)c1,COc1cccc(OCC#Cc2ccc(C3CC3NC3CCC(N)CC3)cc2)c1,0.12653984772225507,0.12653984772225507,0.12653984772225507,0.0,0.0,1,32,best_total_reward
564,CC1(c2cc(NC(=O)c3ccc(F)cn3)ccc2F)COC(=N)N1,CC1(c2cc(NC(=O)c3ccc(F)cn3)ccc2F)COC(=N)N1,0.12653737726040887,0.12653737726040887,0.12653737726040887,0.0,0.0,1,50,best_total_reward
565,CN(C(=O)c1ccc(CNC(=O)N2Cc3ccccc3C2)cc1)C1CCN(C(=O)OC(C)(C)C)CC1,CN(C(=O)c1ccc(CNC(=O)N2Cc3ccccc3C2)cc1)C1CCN(C(=O)OC(C)(C)C)CC1,0.12633599232114054,0.12633599232114054,0.12633599232114054,0.0,0.0,1,25,best_total_reward
566,NCCCCCCCCNCCCCCNC(=O)C(c1ccccc1)C1CCCCC1,NCCCCCCCCNCCCCCNC(=O)C(c1ccccc1)C1CCCCC1,0.12627819724986733,0.12627819724986733,0.12627819724986733,0.0,0.0,1,37,best_total_reward
567,O=c1c2ccccc2c(-c2ccc(F)cc2)nn1-c1ccc(F)cc1,O=c1c2ccccc2c(-c2ccc(F)cc2)nn1-c1ccc(F)cc1,0.12623195994804268,0.12623195994804268,0.12623195994804268,0.0,0.0,1,5,best_total_reward
568,CN(C)C1CCCN(CCc2c[nH]c3ccc(-n4cnnc4)cc23)C1,CN(C)C1CCCN(CCc2c[nH]c3ccc(-n4cnnc4)cc23)C1,0.12575443676852904,0.12575443676852904,0.12575443676852904,0.0,0.0,1,35,best_total_reward
569,O=C1CSc2ccccc2N1Cc1nc(-c2ccc3c(c2)CCO3)cs1,O=C1CSc2ccccc2N1Cc1nc(-c2ccc3c(c2)CCO3)cs1,0.12563262646744214,0.12563262646744214,0.12563262646744214,0.0,0.0,1,57,best_total_reward
570,O=C(Nc1cccc2ccccc12)c1nc[nH]c1-c1ccccc1,O=C(Nc1cccc2ccccc12)c1nc[nH]c1-c1ccccc1,0.12531797879153675,0.12531797879153675,0.12531797879153675,0.0,0.0,1,26,best_total_reward
571,Cc1c(O)[nH]c2cc(C=NNC(=O)c3ccncc3)ccc12,Cc1c(O)[nH]c2cc(C=NNC(=O)c3ccncc3)ccc12,0.12467535668523629,0.12467535668523629,0.12467535668523629,0.0,0.0,1,41,best_total_reward
572,Cc1n[nH]c(C)c1-c1nc(=Nc2ccc(S(=O)(=O)N3CCOCC3)cc2)c2c([nH]1)CCC2,Cc1n[nH]c(C)c1-c1nc(=Nc2ccc(S(=O)(=O)N3CCOCC3)cc2)c2c([nH]1)CCC2,0.12459131374069932,0.12459131374069932,0.12459131374069932,0.0,0.0,1,9,best_total_reward
573,Cn1cc(C(=O)Nc2cccnc2)c2ccccc2c1=O,Cn1cc(C(=O)Nc2cccnc2)c2ccccc2c1=O,0.12412977290155601,0.12412977290155601,0.12412977290155601,0.0,0.0,1,57,best_total_reward
574,CNC(=O)C(Cc1ccccc1)NC(=O)C(CC(C)C)C(Cc1ccccc1)OCC(=O)Cc1ccc(Cl)cc1,CNC(=O)C(Cc1ccccc1)NC(=O)C(CC(C)C)C(Cc1ccccc1)OCC(=O)Cc1ccc(Cl)cc1,0.12408677703240623,0.12408677703240623,0.12408677703240623,0.0,0.0,1,47,best_total_reward
575,CCN1CCN(C(=O)c2cc3c(-c4cccc(F)c4)nn(C)c3s2)CC1,CCN1CCN(C(=O)c2cc3c(-c4cccc(F)c4)nn(C)c3s2)CC1,0.12366917488763826,0.12366917488763826,0.12366917488763826,0.0,0.0,1,3,best_total_reward
576,CC(=O)c1cc(OC(=O)Nc2ccccc2)cc2c1CC1C3C=C(CCO)CC21CCN3Cc1ccccc1,CC(=O)c1cc(OC(=O)Nc2ccccc2)cc2c1CC1C3C=C(CCO)CC21CCN3Cc1ccccc1,0.12365196522889418,0.12365196522889418,0.12365196522889418,0.0,0.0,1,53,best_total_reward
577,CN1C(=O)CN=C(c2ccccc2)c2ccc(Cl)cc21,CN1C(=O)CN=C(c2ccccc2)c2ccc(Cl)cc21,0.12352237864251799,0.12352237864251799,0.12352237864251799,0.0,0.0,1,10,best_total_reward
578,CC(C)c1nn2c(=O)cc(COC(=O)c3ccccc3NC(=O)c3ccco3)nc2s1,CC(C)c1nn2c(=O)cc(COC(=O)c3ccccc3NC(=O)c3ccco3)nc2s1,0.12343800151769745,0.12343800151769745,0.12343800151769745,0.0,0.0,1,44,best_total_reward
579,N=c1sc(-c2cccnc2)nn1S(=O)(=O)c1ccc(C(F)(F)F)cc1,N=c1sc(-c2cccnc2)nn1S(=O)(=O)c1ccc(C(F)(F)F)cc1,0.1233512590247677,0.1233512590247677,0.1233512590247677,0.0,0.0,1,32,best_total_reward
580,O=C(NC1(c2ccc(Cl)cc2)CCC1)c1nc(N2CCCC2)cc2ccccc12,O=C(NC1(c2ccc(Cl)cc2)CCC1)c1nc(N2CCCC2)cc2ccccc12,0.1233466785729323,0.1233466785729323,0.1233466785729323,0.0,0.0,1,2,best_total_reward
581,O=c1[nH]c2ccc(Cl)cc2c(=O)n1CCN1CCC2c3ccccc3C(c3ccccn3)C2C1,O=c1[nH]c2ccc(Cl)cc2c(=O)n1CCN1CCC2c3ccccc3C(c3ccccn3)C2C1,0.12291097655609995,0.12291097655609995,0.12291097655609995,0.0,0.0,1,1,best_total_reward
582,CCOC(=O)C(N)(NC(=O)c1ccc(OC)cc1)Nc1ccccc1,CCOC(=O)C(N)(NC(=O)c1ccc(OC)cc1)Nc1ccccc1,0.12284044075423062,0.12284044075423062,0.12284044075423062,0.0,0.0,1,61,best_total_reward
583,Cc1nc(=Nc2ccc(OC(C)C)c(F)c2)[nH]c2ncc(=O)n(CC3CC(=O)N=CCN3)c12,Cc1nc(=Nc2ccc(OC(C)C)c(F)c2)[nH]c2ncc(=O)n(CC3CC(=O)N=CCN3)c12,0.12277201962391855,0.12277201962391855,0.12277201962391855,0.0,0.0,1,68,best_total_reward
584,CC(=O)Nc1ccc2c(ccn2CCN(C)C2CCN(Cc3ccccc3)CC2)c1,CC(=O)Nc1ccc2c(ccn2CCN(C)C2CCN(Cc3ccccc3)CC2)c1,0.12272231672684705,0.12272231672684705,0.12272231672684705,0.0,0.0,1,25,best_total_reward
585,CCOC(=O)COCC(=O)N1CCN(c2nc3ccc(Br)cc3s2)CC1,CCOC(=O)COCC(=O)N1CCN(c2nc3ccc(Br)cc3s2)CC1,0.12260962087023461,0.12260962087023461,0.12260962087023461,0.0,0.0,1,56,best_total_reward
586,CCOC(=O)C12CC1C(=CC(=O)O)c1ccccc12,CCOC(=O)C12CC1C(=CC(=O)O)c1ccccc12,0.1225402250931348,0.1225402250931348,0.1225402250931348,0.0,0.0,1,66,best_total_reward
587,CCCCCC=CCC=CCC1OC1CC,CCCCCC=CCC=CCC1OC1CC,0.122032774745682,0.122032774745682,0.122032774745682,0.0,0.0,1,58,best_total_reward
588,O=C(NCc1cccc(F)c1)c1cc(-c2cccs2)nc2c(Cl)cc(Cl)cc12,O=C(NCc1cccc(F)c1)c1cc(-c2cccs2)nc2c(Cl)cc(Cl)cc12,0.12149341971259857,0.12149341971259857,0.12149341971259857,0.0,0.0,1,55,best_total_reward
589,NC(=O)C=Cc1ccc(SCc2ccccc2)cc1,NC(=O)C=Cc1ccc(SCc2ccccc2)cc1,0.12103654075177836,0.12103654075177836,0.12103654075177836,0.0,0.0,1,8,best_total_reward
590,Cn1c(CCC(=O)Nc2cccc3ccccc23)n[nH]c1=S,Cn1c(CCC(=O)Nc2cccc3ccccc23)n[nH]c1=S,0.12094434971171429,0.12094434971171429,0.12094434971171429,0.0,0.0,1,68,best_total_reward
591,Cc1nc2ccccc2n(CC(=O)Nc2ccc(Cl)cc2F)c1=O,Cc1nc2ccccc2n(CC(=O)Nc2ccc(Cl)cc2F)c1=O,0.12080981692123428,0.12080981692123428,0.12080981692123428,0.0,0.0,1,56,best_total_reward
592,CC(C)Cc1cccc(-c2cc(=NC(=O)c3cccc(NC(=O)c4ccccc4)c3)[nH]n2-c2ccc(O)cc2)c1,CC(C)Cc1cccc(-c2cc(=NC(=O)c3cccc(NC(=O)c4ccccc4)c3)[nH]n2-c2ccc(O)cc2)c1,0.12075188854741292,0.12075188854741292,0.12075188854741292,0.0,0.0,1,43,best_total_reward
593,CN(C)CCCCCCCCN1C(=O)c2ccccc2C1=O,CN(C)CCCCCCCCN1C(=O)c2ccccc2C1=O,0.1207286319523188,0.1207286319523188,0.1207286319523188,0.0,0.0,1,5,best_total_reward
594,CN(CC(=O)O)Cc1cn(Cc2cccc(C(F)(F)F)c2)c2ccccc12,CN(CC(=O)O)Cc1cn(Cc2cccc(C(F)(F)F)c2)c2ccccc12,0.12056298629629042,0.12056298629629042,0.12056298629629042,0.0,0.0,1,69,best_total_reward
595,CC1(C)C=C(CO)C=C(N2CC2)C1,CC1(C)C=C(CO)C=C(N2CC2)C1,0.12042003546463875,0.12042003546463875,0.12042003546463875,0.0,0.0,1,71,best_total_reward
596,CN(Cc1cnn(-c2ccccc2)c1)Cc1c[nH]nc1-c1ccc(-n2ccnc2)cc1,CN(Cc1cnn(-c2ccccc2)c1)Cc1c[nH]nc1-c1ccc(-n2ccnc2)cc1,0.12025688668234097,0.12025688668234097,0.12025688668234097,0.0,0.0,1,65,best_total_reward
597,Cc1ccc(-c2cn(CC(C)(C)O)nn2)cc1N=c1[nH]cccc1C#N,Cc1ccc(-c2cn(CC(C)(C)O)nn2)cc1N=c1[nH]cccc1C#N,0.11997557146294188,0.11997557146294188,0.11997557146294188,0.0,0.0,1,49,best_total_reward
598,Nc1ccc2ccc(=NC(=S)NCCN3CCCCC3)[nH]c2c1,Nc1ccc2ccc(=NC(=S)NCCN3CCCCC3)[nH]c2c1,0.1198090792260431,0.1198090792260431,0.1198090792260431,0.0,0.0,1,54,best_total_reward
599,CCSc1ccc(-c2ccc(-c3nc4ccc(C)cn4c3NC3CCCCC3)s2)c2oc3ccccc3c12,CCSc1ccc(-c2ccc(-c3nc4ccc(C)cn4c3NC3CCCCC3)s2)c2oc3ccccc3c12,0.11976019635368175,0.11976019635368175,0.11976019635368175,0.0,0.0,1,54,best_total_reward
600,COc1ccc(-c2cc(OC)nnc2-c2ccsc2)cc1,COc1ccc(-c2cc(OC)nnc2-c2ccsc2)cc1,0.11965009447819161,0.11965009447819161,0.11965009447819161,0.0,0.0,1,5,best_total_reward
601,CC(=O)NC(C)c1ccc(C#Cc2ccc(C)cc2)cc1,CC(=O)NC(C)c1ccc(C#Cc2ccc(C)cc2)cc1,0.11962327368996879,0.11962327368996879,0.11962327368996879,0.0,0.0,1,27,best_total_reward
602,CCN1CCc2ccc(N=c3[nH]c(C)ccc3-c3cccnc3)cc2CC1,CCN1CCc2ccc(N=c3[nH]c(C)ccc3-c3cccnc3)cc2CC1,0.11950599251287664,0.11950599251287664,0.11950599251287664,0.0,0.0,1,1,best_total_reward
603,CC(C)Oc1cc(C(=O)Nc2cccc(C(F)(F)F)c2)ccc1NC(=O)c1ccc(=O)[nH]c1,CC(C)Oc1cc(C(=O)Nc2cccc(C(F)(F)F)c2)ccc1NC(=O)c1ccc(=O)[nH]c1,0.11939111892294962,0.11939111892294962,0.11939111892294962,0.0,0.0,1,62,best_total_reward
604,CN1CCC(C(=O)NC2CCCC(N=c3nc(-n4c(=Nc5ccccc5)[nH]c5cc(C#N)ccc54)cc[nH]3)CC2)(N2CCCCC2)CC1,CN1CCC(C(=O)NC2CCCC(N=c3nc(-n4c(=Nc5ccccc5)[nH]c5cc(C#N)ccc54)cc[nH]3)CC2)(N2CCCCC2)CC1,0.11934212661777116,0.11934212661777116,0.11934212661777116,0.0,0.0,1,4,best_total_reward
605,CCc1ccc(OCCCOc2ccc(OCc3ccc(F)cc3)c(C)c2)cc1-c1oc(=O)[nH]c1O,CCc1ccc(OCCCOc2ccc(OCc3ccc(F)cc3)c(C)c2)cc1-c1oc(=O)[nH]c1O,0.1193154886838632,0.1193154886838632,0.1193154886838632,0.0,0.0,1,70,best_total_reward
606,CCCCN=c1[nH]c(CCO)nc(=Nc2ccc(C(C)=O)cc2)[nH]1,CCCCN=c1[nH]c(CCO)nc(=Nc2ccc(C(C)=O)cc2)[nH]1,0.11930979345163976,0.11930979345163976,0.11930979345163976,0.0,0.0,1,1,best_total_reward
607,COCC1CCCN1C(=O)c1ccc(C#Cc2ccc(=N)[nH]c2C)c(C)c1,COCC1CCCN1C(=O)c1ccc(C#Cc2ccc(=N)[nH]c2C)c(C)c1,0.11853415706583463,0.11853415706583463,0.11853415706583463,0.0,0.0,1,59,best_total_reward
608,COc1ccc(-c2ccc3nc(N4CCCC4c4cc(F)ccc4F)nc(N4CCOCC4C)c3n2)cc1,COc1ccc(-c2ccc3nc(N4CCCC4c4cc(F)ccc4F)nc(N4CCOCC4C)c3n2)cc1,0.11812157078507647,0.11812157078507647,0.11812157078507647,0.0,0.0,1,13,best_total_reward
609,CC(=NOC(=O)CCC(=O)c1ccc(Cl)cc1)c1ccccc1,CC(=NOC(=O)CCC(=O)c1ccc(Cl)cc1)c1ccccc1,0.11776235010109744,0.11776235010109744,0.11776235010109744,0.0,0.0,1,34,best_total_reward
610,C#CCOc1ccc(C2=CSC3=NCCN23)cc1,C#CCOc1ccc(C2=CSC3=NCCN23)cc1,0.11774855165237619,0.11774855165237619,0.11774855165237619,0.0,0.0,1,32,best_total_reward
611,CCOC(=O)c1nn(-c2ccc(OC)cc2)c(-c2ccc(F)cc2)c1C,CCOC(=O)c1nn(-c2ccc(OC)cc2)c(-c2ccc(F)cc2)c1C,0.11773478968889377,0.11773478968889377,0.11773478968889377,0.0,0.0,1,45,best_total_reward
612,CCn1cc(C(=O)NCCCNC(=O)c2cc3ccc(C)c(C)c3oc2=O)c(=O)c2ccc(C)nc21,CCn1cc(C(=O)NCCCNC(=O)c2cc3ccc(C)c(C)c3oc2=O)c(=O)c2ccc(C)nc21,0.11720300965527694,0.11720300965527694,0.11720300965527694,0.0,0.0,1,40,best_total_reward
613,CCCCCN(C(=O)C=CC(=O)N(Cc1ccc2c(c1)OCO2)c1nccs1)c1ccc(OC)cc1,CCCCCN(C(=O)C=CC(=O)N(Cc1ccc2c(c1)OCO2)c1nccs1)c1ccc(OC)cc1,0.11715656923190951,0.11715656923190951,0.11715656923190951,0.0,0.0,1,70,best_total_reward
614,CCOc1ccc(-c2nn(Cc3ccccc3)c(=O)n2Cc2cc(F)ccc2OC)cc1OC,CCOc1ccc(-c2nn(Cc3ccccc3)c(=O)n2Cc2cc(F)ccc2OC)cc1OC,0.11713121717549436,0.11713121717549436,0.11713121717549436,0.0,0.0,1,60,best_total_reward
615,Cc1[nH]c2ccccc2c1-c1nc(-c2ccc(F)cc2)c(-c2nc3c(C(N)=O)cccc3[nH]2)[nH]1,Cc1[nH]c2ccccc2c1-c1nc(-c2ccc(F)cc2)c(-c2nc3c(C(N)=O)cccc3[nH]2)[nH]1,0.1158894300942459,0.1158894300942459,0.1158894300942459,0.0,0.0,1,28,best_total_reward
616,O=C(N=C(Cc1cc[nH]c1O)C(O)c1nc2ccccc2s1)C(CC(O)CN1CCCC1COc1ccccc1)CC(O)N1CCOCC1,O=C(N=C(Cc1cc[nH]c1O)C(O)c1nc2ccccc2s1)C(CC(O)CN1CCCC1COc1ccccc1)CC(O)N1CCOCC1,0.11574901780027513,0.11574901780027513,0.11574901780027513,0.0,0.0,1,59,best_total_reward
617,CCCCOc1ccc(C(NC(=O)c2cccnc2)C2CC2)cc1,CCCCOc1ccc(C(NC(=O)c2cccnc2)C2CC2)cc1,0.11465943308134506,0.11465943308134506,0.11465943308134506,0.0,0.0,1,37,best_total_reward
618,Cc1c(C(=O)NC(CC(=O)O)c2ccc(Br)cc2)cnn1-c1ccc(Br)cc1,Cc1c(C(=O)NC(CC(=O)O)c2ccc(Br)cc2)cnn1-c1ccc(Br)cc1,0.114452011746812,0.114452011746812,0.114452011746812,0.0,0.0,1,9,best_total_reward
619,COc1ccc(CN2CCN(S(=O)(=O)c3cc(C)c(C)cc3OC)CC2)cc1,COc1ccc(CN2CCN(S(=O)(=O)c3cc(C)c(C)cc3OC)CC2)cc1,0.11424414116178833,0.11424414116178833,0.11424414116178833,0.0,0.0,1,69,best_total_reward
620,CC(=O)c1ccc(NC(=O)Cc2cccc3c2ccn3C)cc1,CC(=O)c1ccc(NC(=O)Cc2cccc3c2ccn3C)cc1,0.11399800021109814,0.11399800021109814,0.11399800021109814,0.0,0.0,1,71,best_total_reward
621,O=C(O)c1nn2c(-c3ccc(OC(F)(F)C(F)Cl)cc3)ccnc2c1-c1ccco1,O=C(O)c1nn2c(-c3ccc(OC(F)(F)C(F)Cl)cc3)ccnc2c1-c1ccco1,0.11391239267431887,0.11391239267431887,0.11391239267431887,0.0,0.0,1,16,best_total_reward
622,O=C(NC(Cc1cccnc1)C(=O)c1ccccc1)c1ccc(F)cc1,O=C(NC(Cc1cccnc1)C(=O)c1ccccc1)c1ccc(F)cc1,0.11379435052594689,0.11379435052594689,0.11379435052594689,0.0,0.0,1,65,best_total_reward
623,CC(NC(=O)C(=O)NNC(=O)c1nn(C)cc1Br)c1ccccc1,CC(NC(=O)C(=O)NNC(=O)c1nn(C)cc1Br)c1ccccc1,0.11341828604810922,0.11341828604810922,0.11341828604810922,0.0,0.0,1,34,best_total_reward
624,COCCCOc1cc(CC(CC(N)C(=O)CC(C)C(=O)NCc2cccc(Br)c2)C(C)C)ccc1OC,COCCCOc1cc(CC(CC(N)C(=O)CC(C)C(=O)NCc2cccc(Br)c2)C(C)C)ccc1OC,0.11331118202407912,0.11331118202407912,0.11331118202407912,0.0,0.0,1,62,best_total_reward
625,O=c1n(CCc2ccc(F)cc2)c(O)c2n1Cc1ccccc1C2,O=c1n(CCc2ccc(F)cc2)c(O)c2n1Cc1ccccc1C2,0.11298809724049494,0.11298809724049494,0.11298809724049494,0.0,0.0,1,17,best_total_reward
626,Oc1cc(-c2ccc(Cl)cc2)c(O)n1CCN1CCC(c2c[nH]c3ccc(F)cc23)CC1,Oc1cc(-c2ccc(Cl)cc2)c(O)n1CCN1CCC(c2c[nH]c3ccc(F)cc23)CC1,0.11291688264211572,0.11291688264211572,0.11291688264211572,0.0,0.0,1,32,best_total_reward
627,O=Cc1ccc(OCc2cn(Cc3cc(-c4ccccc4)on3)nn2)cc1,O=Cc1ccc(OCc2cn(Cc3cc(-c4ccccc4)on3)nn2)cc1,0.11267434991466194,0.11267434991466194,0.11267434991466194,0.0,0.0,1,5,best_total_reward
628,C1=NNc2ccccc2C1,C1=NNc2ccccc2C1,0.11214813193685304,0.11214813193685304,0.11214813193685304,0.0,0.0,1,74,best_total_reward
629,Cc1ccc2c(c1)C1CC3CCCCC4CC(CCN4C3)N1CC2,Cc1ccc2c(c1)C1CC3CCCCC4CC(CCN4C3)N1CC2,0.11153361824835994,0.11153361824835994,0.11153361824835994,0.0,0.0,1,66,best_total_reward
630,O=C(CSc1nnc(-c2[nH]c3ccccc3c2Cl)n1Cc1ccccc1)N1CCCC1,O=C(CSc1nnc(-c2[nH]c3ccccc3c2Cl)n1Cc1ccccc1)N1CCCC1,0.11135614656580148,0.11135614656580148,0.11135614656580148,0.0,0.0,1,20,best_total_reward
631,N=c1[nH]cccc1-c1nccc2nc(C3CCN(C(=O)C4CCOCC4)CC3)nn12,N=c1[nH]cccc1-c1nccc2nc(C3CCN(C(=O)C4CCOCC4)CC3)nn12,0.11090185551748832,0.11090185551748832,0.11090185551748832,0.0,0.0,1,17,best_total_reward
632,COc1cc(-c2nnc(CNCCOc3ccccc3)o2)cc(OC)c1OC,COc1cc(-c2nnc(CNCCOc3ccccc3)o2)cc(OC)c1OC,0.11032934919565278,0.11032934919565278,0.11032934919565278,0.0,0.0,1,23,best_total_reward
633,CC(C)Oc1ccc2c(c1)CCN=C2c1cc(C(F)(F)F)c(Cl)cc1Cl,CC(C)Oc1ccc2c(c1)CCN=C2c1cc(C(F)(F)F)c(Cl)cc1Cl,0.11025801743385265,0.11025801743385265,0.11025801743385265,0.0,0.0,1,32,best_total_reward
634,CN(C)c1ccccc1NC(=O)CC(=O)N=c1nc(-c2cccs2)cc(-c2ccco2)[nH]1,CN(C)c1ccccc1NC(=O)CC(=O)N=c1nc(-c2cccs2)cc(-c2ccco2)[nH]1,0.11018611441091829,0.11018611441091829,0.11018611441091829,0.0,0.0,1,39,best_total_reward
635,CCCCCCCCNS(=O)(=O)NC(=O)Oc1c(C(C)C)cccc1C(C)C,CCCCCCCCNS(=O)(=O)NC(=O)Oc1c(C(C)C)cccc1C(C)C,0.10949569717583903,0.10949569717583903,0.10949569717583903,0.0,0.0,1,24,best_total_reward
636,COc1cc2[nH]cnc(=Nc3ccc(C#N)c(-c4cccc(F)c4)c3)c2cc1OCCCN1CCN(C)CC1,COc1cc2[nH]cnc(=Nc3ccc(C#N)c(-c4cccc(F)c4)c3)c2cc1OCCCN1CCN(C)CC1,0.10937614788748358,0.10937614788748358,0.10937614788748358,0.0,0.0,1,71,best_total_reward
637,CCN1CCN(CCCNCc2ccc(Cl)c(Cl)c2)CC1,CCN1CCN(CCCNCc2ccc(Cl)c(Cl)c2)CC1,0.10913442279389605,0.10913442279389605,0.10913442279389605,0.0,0.0,1,65,best_total_reward
638,COc1cc(=NS(=O)(=O)c2cccc(C)c2Cl)[nH]c(OC)n1,COc1cc(=NS(=O)(=O)c2cccc(C)c2Cl)[nH]c(OC)n1,0.1091260125900254,0.1091260125900254,0.1091260125900254,0.0,0.0,1,36,best_total_reward
639,COC(=O)c1ccc(Cl)cc1NC(=O)c1cccc(F)c1,COC(=O)c1ccc(Cl)cc1NC(=O)c1cccc(F)c1,0.10890283454097441,0.10890283454097441,0.10890283454097441,0.0,0.0,1,38,best_total_reward
640,O=C(Nc1ccccc1F)c1cc2c(ncn3c(-c4ccc(Cl)cc4)nnc23)s1,O=C(Nc1ccccc1F)c1cc2c(ncn3c(-c4ccc(Cl)cc4)nnc23)s1,0.1087475716567764,0.1087475716567764,0.1087475716567764,0.0,0.0,1,27,best_total_reward
641,O=C(NCc1ccncc1)c1cccc(S(=O)(=O)Nc2ccc(-c3ccc(N4CCCC4)nn3)cc2)c1,O=C(NCc1ccncc1)c1cccc(S(=O)(=O)Nc2ccc(-c3ccc(N4CCCC4)nn3)cc2)c1,0.10852177868624328,0.10852177868624328,0.10852177868624328,0.0,0.0,1,66,best_total_reward
642,Cc1cnc(=NS(=O)(=O)c2cc(Br)ccc2Br)[nH]c1,Cc1cnc(=NS(=O)(=O)c2cc(Br)ccc2Br)[nH]c1,0.10844580806690923,0.10844580806690923,0.10844580806690923,0.0,0.0,1,57,best_total_reward
643,Cn1c(N2CCOC(c3ccc(C4=CCCCC4)cc3)C2)nc(-c2ccncc2F)cc1=O,Cn1c(N2CCOC(c3ccc(C4=CCCCC4)cc3)C2)nc(-c2ccncc2F)cc1=O,0.10836599090681617,0.10836599090681617,0.10836599090681617,0.0,0.0,1,51,best_total_reward
644,O=C(C1CCOCC1)N1CCC2(CC1)COC(CCOc1ccccc1)C2,O=C(C1CCOCC1)N1CCC2(CC1)COC(CCOc1ccccc1)C2,0.10792649909514791,0.10792649909514791,0.10792649909514791,0.0,0.0,1,14,best_total_reward
645,CCOc1ccc(CCNC(=O)CSc2nc3cc(OC)ccc3[nH]2)cc1OCC,CCOc1ccc(CCNC(=O)CSc2nc3cc(OC)ccc3[nH]2)cc1OCC,0.10763283754548955,0.10763283754548955,0.10763283754548955,0.0,0.0,1,7,best_total_reward
646,O=C1COc2ccc(S(=O)(=O)N3CCC(C(=O)NCc4ccc(F)cc4)CC3)cc2N1,O=C1COc2ccc(S(=O)(=O)N3CCC(C(=O)NCc4ccc(F)cc4)CC3)cc2N1,0.10703677437482648,0.10703677437482648,0.10703677437482648,0.0,0.0,1,34,best_total_reward
647,CCCCCCCCCOc1ccc(C2OC(CC(=O)O)CC2O)cc1CCC(=O)O,CCCCCCCCCOc1ccc(C2OC(CC(=O)O)CC2O)cc1CCC(=O)O,0.10656418300633128,0.10656418300633128,0.10656418300633128,0.0,0.0,1,43,best_total_reward
648,Cn1c(-c2cc(-c3ccccc3)c3c(n2)-c2cc([N+](=O)[O-])ccc2CC3)nc2ccccc21,Cn1c(-c2cc(-c3ccccc3)c3c(n2)-c2cc([N+](=O)[O-])ccc2CC3)nc2ccccc21,0.10636350518940772,0.10636350518940772,0.10636350518940772,0.0,0.0,1,63,best_total_reward
649,C=CCN(C)C1CCC2(O)CC3C4CCC(C(C)CCC(O)Nc5ccc(S(=O)(=O)N=c6[nH]c7ccccc7[nH]6)cc5)C4(C)CCC3C12C,C=CCN(C)C1CCC2(O)CC3C4CCC(C(C)CCC(O)Nc5ccc(S(=O)(=O)N=c6[nH]c7ccccc7[nH]6)cc5)C4(C)CCC3C12C,0.1062983938003645,0.1062983938003645,0.1062983938003645,0.0,0.0,1,17,best_total_reward
650,CC(C(=O)Nc1cc(C(F)(F)F)ccc1Cl)c1ccc2oc(-c3cccc(CNC(=O)N(CCCl)N=O)c3)nc2c1,CC(C(=O)Nc1cc(C(F)(F)F)ccc1Cl)c1ccc2oc(-c3cccc(CNC(=O)N(CCCl)N=O)c3)nc2c1,0.10624418393459374,0.10624418393459374,0.10624418393459374,0.0,0.0,1,58,best_total_reward
651,Cc1nn2cc(-c3nnc(Cc4ccccc4Cl)o3)nc2s1,Cc1nn2cc(-c3nnc(Cc4ccccc4Cl)o3)nc2s1,0.106214305568824,0.106214305568824,0.106214305568824,0.0,0.0,1,15,best_total_reward
652,CCN(C(=O)Cn1nc(C)c2c(C)n(-c3cccc(Cl)c3)nc2c1=O)c1cccc(C)c1,CCN(C(=O)Cn1nc(C)c2c(C)n(-c3cccc(Cl)c3)nc2c1=O)c1cccc(C)c1,0.10589298089125591,0.10589298089125591,0.10589298089125591,0.0,0.0,1,26,best_total_reward
653,Cc1nc2ccccc2c(=O)n1N=Cc1cn(-c2ccccc2)nc1-c1ccc(Br)cc1,Cc1nc2ccccc2c(=O)n1N=Cc1cn(-c2ccccc2)nc1-c1ccc(Br)cc1,0.10586448536769781,0.10586448536769781,0.10586448536769781,0.0,0.0,1,75,best_total_reward
654,CC(C)CC(N)C(=O)OCC1C(=O)N2C(C(=O)O)=C(COc3ccc(Cc4sc(=O)[nH]c4O)cc3)SC12c1ccc(N)cc1,CC(C)CC(N)C(=O)OCC1C(=O)N2C(C(=O)O)=C(COc3ccc(Cc4sc(=O)[nH]c4O)cc3)SC12c1ccc(N)cc1,0.1055786222008671,0.1055786222008671,0.1055786222008671,0.0,0.0,1,68,best_total_reward
655,COc1cc(CNc2ccc(S(N)(=O)=O)cc2)cc(OC)c1OC,COc1cc(CNc2ccc(S(N)(=O)=O)cc2)cc(OC)c1OC,0.10551033333134817,0.10551033333134817,0.10551033333134817,0.0,0.0,1,25,best_total_reward
656,NC(=O)c1cc(NC(=O)Cc2nc(=O)cc(N3CCOCC3)[nH]2)ccc1Cl,NC(=O)c1cc(NC(=O)Cc2nc(=O)cc(N3CCOCC3)[nH]2)ccc1Cl,0.10532831901831294,0.10532831901831294,0.10532831901831294,0.0,0.0,1,31,best_total_reward
657,c1cc(-c2cncs2)nc(=Nc2ccc3cc(CN4CCCC4)cnc3c2)[nH]1,c1cc(-c2cncs2)nc(=Nc2ccc3cc(CN4CCCC4)cnc3c2)[nH]1,0.10491387223030892,0.10491387223030892,0.10491387223030892,0.0,0.0,1,67,best_total_reward
658,C#CCCCOC(=O)CC1C(C=CC(C)=CCc2c(O)ccc(C)c2C)C1(C)C,C#CCCCOC(=O)CC1C(C=CC(C)=CCc2c(O)ccc(C)c2C)C1(C)C,0.10490099216357564,0.10490099216357564,0.10490099216357564,0.0,0.0,1,17,best_total_reward
659,Cc1c[nH]c(=N)c(C(=O)N2CCC(NC(=O)c3ccccc3)CC2)c1,Cc1c[nH]c(=N)c(C(=O)N2CCC(NC(=O)c3ccccc3)CC2)c1,0.10482748194860671,0.10482748194860671,0.10482748194860671,0.0,0.0,1,74,best_total_reward
660,c1ccc(CSc2n[nH]c(=NC3CN(Cc4ccccc4)CC3c3ccccc3)s2)cc1,c1ccc(CSc2n[nH]c(=NC3CN(Cc4ccccc4)CC3c3ccccc3)s2)cc1,0.10476608426044773,0.10476608426044773,0.10476608426044773,0.0,0.0,1,14,best_total_reward
661,Cc1ccc(N(Cc2ccc3c(c2)C=CC(C)(C)O3)S(=O)(=O)c2cc(C(=O)Nc3ccc(C#N)cc3)ccc2Cl)cc1,Cc1ccc(N(Cc2ccc3c(c2)C=CC(C)(C)O3)S(=O)(=O)c2cc(C(=O)Nc3ccc(C#N)cc3)ccc2Cl)cc1,0.10470571755108947,0.10470571755108947,0.10470571755108947,0.0,0.0,1,10,best_total_reward
662,N#Cc1ccc(-c2ccnc3[nH]ncc23)cc1S(N)(=O)=O,N#Cc1ccc(-c2ccnc3[nH]ncc23)cc1S(N)(=O)=O,0.104499613515595,0.104499613515595,0.104499613515595,0.0,0.0,1,21,best_total_reward
663,CC(C)c1cccc(Oc2cc(C(=NO)NC3CCCCC3)ccn2)c1,CC(C)c1cccc(Oc2cc(C(=NO)NC3CCCCC3)ccn2)c1,0.10446598062856223,0.10446598062856223,0.10446598062856223,0.0,0.0,1,73,best_total_reward
664,CCCCCC(CCCC)(Sc1ccc2nc(-c3ccc(F)cc3)oc2c1)C(=O)O,CCCCCC(CCCC)(Sc1ccc2nc(-c3ccc(F)cc3)oc2c1)C(=O)O,0.10433281832871247,0.10433281832871247,0.10433281832871247,0.0,0.0,1,39,best_total_reward
665,COC(=O)c1c(-c2ccccc2)c2ccccc2c(=S)n1C,COC(=O)c1c(-c2ccccc2)c2ccccc2c(=S)n1C,0.1042981897445002,0.1042981897445002,0.1042981897445002,0.0,0.0,1,53,best_total_reward
666,COc1ccc(COc2ccc(C(=O)O)cc2)cc1,COc1ccc(COc2ccc(C(=O)O)cc2)cc1,0.10416779724374933,0.10416779724374933,0.10416779724374933,0.0,0.0,1,32,best_total_reward
667,CCCCC1c2c[nH]c3c(Cl)ccc(c23)C2CC(=O)N12,CCCCC1c2c[nH]c3c(Cl)ccc(c23)C2CC(=O)N12,0.1038972442288144,0.1038972442288144,0.1038972442288144,0.0,0.0,1,19,best_total_reward
668,Cc1ccc(-c2nn(CC(F)(F)F)c3cnc4[nH]cnc4c23)cc1F,Cc1ccc(-c2nn(CC(F)(F)F)c3cnc4[nH]cnc4c23)cc1F,0.10384978469342221,0.10384978469342221,0.10384978469342221,0.0,0.0,1,7,best_total_reward
669,COc1ccc(S(=O)(=O)C(=CN2CCCCC2)S(=O)(=O)c2ccccc2)cc1,COc1ccc(S(=O)(=O)C(=CN2CCCCC2)S(=O)(=O)c2ccccc2)cc1,0.1037610866832981,0.1037610866832981,0.1037610866832981,0.0,0.0,1,31,best_total_reward
670,N#CCOC(=O)c1cccc(Cl)c1,N#CCOC(=O)c1cccc(Cl)c1,0.10375091032811097,0.10375091032811097,0.10375091032811097,0.0,0.0,1,41,best_total_reward
671,NS(=O)(=O)c1ccc(-n2nc(C(F)(F)F)cc2-c2cccc(-c3ccsc3)c2)cc1,NS(=O)(=O)c1ccc(-n2nc(C(F)(F)F)cc2-c2cccc(-c3ccsc3)c2)cc1,0.10322095739715177,0.10322095739715177,0.10322095739715177,0.0,0.0,1,42,best_total_reward
672,NC(=O)c1ccc(F)c(-c2ccc(C3CCC(CC(=O)O)CC3)cc2)n1,NC(=O)c1ccc(F)c(-c2ccc(C3CCC(CC(=O)O)CC3)cc2)n1,0.10282759267499443,0.10282759267499443,0.10282759267499443,0.0,0.0,1,47,best_total_reward
673,Cc1n[nH]c2c1C(c1cccc(C(C)(C)C)c1)c1c(ncn1C)NC2=O,Cc1n[nH]c2c1C(c1cccc(C(C)(C)C)c1)c1c(ncn1C)NC2=O,0.10281409947339175,0.10281409947339175,0.10281409947339175,0.0,0.0,1,36,best_total_reward
674,CCOC(=O)C(Cc1ccc2ccccc2c1)=NC(=O)c1ccccc1Cl,CCOC(=O)C(Cc1ccc2ccccc2c1)=NC(=O)c1ccccc1Cl,0.10224372541366883,0.10224372541366883,0.10224372541366883,0.0,0.0,1,6,best_total_reward
675,COc1cc(N(CC2CC2)c2ccc3ncc(-c4cccn5cccc45)nc3c2)cc(OC)c1OC,COc1cc(N(CC2CC2)c2ccc3ncc(-c4cccn5cccc45)nc3c2)cc(OC)c1OC,0.10178292884318918,0.10178292884318918,0.10178292884318918,0.0,0.0,1,55,best_total_reward
676,O=c1oc2ccc(CCO)cc2cc1-c1cccc(C(F)(F)F)c1,O=c1oc2ccc(CCO)cc2cc1-c1cccc(C(F)(F)F)c1,0.10177809909710907,0.10177809909710907,0.10177809909710907,0.0,0.0,1,56,best_total_reward
677,CC1Cc2ccccc2N1C(=O)Cc1ccccc1,CC1Cc2ccccc2N1C(=O)Cc1ccccc1,0.10177520752239838,0.10177520752239838,0.10177520752239838,0.0,0.0,1,41,best_total_reward
678,COc1cc2[nH]c(=N)c(C(N)=O)nc2cc1C1CCOCC1,COc1cc2[nH]c(=N)c(C(N)=O)nc2cc1C1CCOCC1,0.10167097787177301,0.10167097787177301,0.10167097787177301,0.0,0.0,1,21,best_total_reward
679,COc1ccc2c(c1)C(=O)N(CCCCN1CCN(c3ccc(Cl)cc3)CC1)C2=O,COc1ccc2c(c1)C(=O)N(CCCCN1CCN(c3ccc(Cl)cc3)CC1)C2=O,0.10166216630232792,0.10166216630232792,0.10166216630232792,0.0,0.0,1,63,best_total_reward
680,CCOc1ccccc1NC(=O)c1ccc(-n2c(C)cc3c2CCC(C)C3)cc1,CCOc1ccccc1NC(=O)c1ccc(-n2c(C)cc3c2CCC(C)C3)cc1,0.1016449660961433,0.1016449660961433,0.1016449660961433,0.0,0.0,1,13,best_total_reward
681,N#Cc1ccc2[nH]c(-c3c[nH]c4ccc([N+](=O)[O-])cc34)c(Sc3ccc(Cl)cc3)c2c1,N#Cc1ccc2[nH]c(-c3c[nH]c4ccc([N+](=O)[O-])cc34)c(Sc3ccc(Cl)cc3)c2c1,0.10127299334618096,0.10127299334618096,0.10127299334618096,0.0,0.0,1,26,best_total_reward
682,O=C(N=c1[nH]nc(Cc2ccccc2F)s1)c1ccncc1,O=C(N=c1[nH]nc(Cc2ccccc2F)s1)c1ccncc1,0.10094654935458314,0.10094654935458314,0.10094654935458314,0.0,0.0,1,24,best_total_reward
683,O=S(=O)(c1ccc(Oc2ccccc2)cc1)C1CCN(CCc2ccncc2)CC1,O=S(=O)(c1ccc(Oc2ccccc2)cc1)C1CCN(CCc2ccncc2)CC1,0.10088870046050508,0.10088870046050508,0.10088870046050508,0.0,0.0,1,31,best_total_reward
684,CCOC(=O)N1CCC(N2CCC(Oc3cccc(C(=O)NCC45CC6CC(CC(C6)C4)C5)c3)CC2)CC1,CCOC(=O)N1CCC(N2CCC(Oc3cccc(C(=O)NCC45CC6CC(CC(C6)C4)C5)c3)CC2)CC1,0.10078167566654152,0.10078167566654152,0.10078167566654152,0.0,0.0,1,22,best_total_reward
685,O=C(CCCN1CCN(c2ncccn2)CC1)c1ccc(F)cc1,O=C(CCCN1CCN(c2ncccn2)CC1)c1ccc(F)cc1,0.10065077189333525,0.10065077189333525,0.10065077189333525,0.0,0.0,1,29,best_total_reward
686,N#Cc1nc(=NC2CCC(O)CC2)nc(N2CCOCC2)[nH]1,N#Cc1nc(=NC2CCC(O)CC2)nc(N2CCOCC2)[nH]1,0.10046599993694812,0.10046599993694812,0.10046599993694812,0.0,0.0,1,47,best_total_reward
687,O=[N+]([O-])c1cn2c(n1)OCC(OCc1cccc(-c3cccc(C(F)(F)F)c3)c1)C2,O=[N+]([O-])c1cn2c(n1)OCC(OCc1cccc(-c3cccc(C(F)(F)F)c3)c1)C2,0.10046266925577162,0.10046266925577162,0.10046266925577162,0.0,0.0,1,27,best_total_reward
688,CCCc1nc(CN(C)CC2CCCN(Cc3ccco3)C2)cn1C,CCCc1nc(CN(C)CC2CCCN(Cc3ccco3)C2)cn1C,0.10045604409535215,0.10045604409535215,0.10045604409535215,0.0,0.0,1,52,best_total_reward
689,CC(C1=NOC(c2cccs2)N(S(C)(=O)=O)C1)=C1CC(=O)C2CCN3CCCC(C3)C12,CC(C1=NOC(c2cccs2)N(S(C)(=O)=O)C1)=C1CC(=O)C2CCN3CCCC(C3)C12,0.1004268710763123,0.1004268710763123,0.1004268710763123,0.0,0.0,1,46,best_total_reward
690,COc1ccc(CC(=O)NCC(c2ccc(F)cc2)N2CCOCC2)c(OC)c1,COc1ccc(CC(=O)NCC(c2ccc(F)cc2)N2CCOCC2)c(OC)c1,0.09971812105563106,0.09971812105563106,0.09971812105563106,0.0,0.0,1,36,best_total_reward
691,O=C(COc1ccccc1Cl)N1CCN(c2cc(-n3cnnc3)ncn2)CC1,O=C(COc1ccccc1Cl)N1CCN(c2cc(-n3cnnc3)ncn2)CC1,0.09969934784924644,0.09969934784924644,0.09969934784924644,0.0,0.0,1,29,best_total_reward
692,C=C(C(=O)OC)C1CCC2(COC(C)=O)CCC3(O)C(C)(C(=O)CC4C5C(OC(C)=O)CC6CC(OC(C)=O)CCC6(C)C5CCC43C)C(=O)C2C1,C=C(C(=O)OC)C1CCC2(COC(C)=O)CCC3(O)C(C)(C(=O)CC4C5C(OC(C)=O)CC6CC(OC(C)=O)CCC6(C)C5CCC43C)C(=O)C2C1,0.09961701153440856,0.09961701153440856,0.09961701153440856,0.0,0.0,1,11,best_total_reward
693,COc1ccccc1-c1nc(=Nc2ncccc2C(=O)Nc2ccccc2)c2ccccc2[nH]1,COc1ccccc1-c1nc(=Nc2ncccc2C(=O)Nc2ccccc2)c2ccccc2[nH]1,0.09932763950548186,0.09932763950548186,0.09932763950548186,0.0,0.0,1,61,best_total_reward
694,COC(=O)c1ccc(CC(c2ccc3ccccc3c2)c2cccc3ccc(OC)cc23)cc1,COC(=O)c1ccc(CC(c2ccc3ccccc3c2)c2cccc3ccc(OC)cc23)cc1,0.09906370841685185,0.09906370841685185,0.09906370841685185,0.0,0.0,1,33,best_total_reward
695,CCOC(=O)C(C#N)=Cc1cc([N+](=O)[O-])ccc1N1CCOCC1,CCOC(=O)C(C#N)=Cc1cc([N+](=O)[O-])ccc1N1CCOCC1,0.09891711023401989,0.09891711023401989,0.09891711023401989,0.0,0.0,1,75,best_total_reward
696,Cn1c(CNC(=N)N)ccc1-c1ccccc1,Cn1c(CNC(=N)N)ccc1-c1ccccc1,0.0987882702703345,0.0987882702703345,0.0987882702703345,0.0,0.0,1,22,best_total_reward
697,COc1cc(O)c(Oc2c(F)c(F)cc(F)c2F)c(C(C)=O)c1,COc1cc(O)c(Oc2c(F)c(F)cc(F)c2F)c(C(C)=O)c1,0.0985000750763892,0.0985000750763892,0.0985000750763892,0.0,0.0,1,5,best_total_reward
698,COc1ccc(C(=O)c2ccncc2)c(OC)c1,COc1ccc(C(=O)c2ccncc2)c(OC)c1,0.0984889096766741,0.0984889096766741,0.0984889096766741,0.0,0.0,1,44,best_total_reward
699,COc1cc(OC)cc(C(=O)NCC(=O)N2CCN(S(=O)(=O)c3ccc(Cl)cc3)CC2)c1,COc1cc(OC)cc(C(=O)NCC(=O)N2CCN(S(=O)(=O)c3ccc(Cl)cc3)CC2)c1,0.09843256005388458,0.09843256005388458,0.09843256005388458,0.0,0.0,1,49,best_total_reward
700,CCCc1coc2ccc3c(=O)c(-c4cc(OC)ccc4OC)c(C=CCCCCCCCC(=O)OC)oc3c12,CCCc1coc2ccc3c(=O)c(-c4cc(OC)ccc4OC)c(C=CCCCCCCCC(=O)OC)oc3c12,0.09811647765541244,0.09811647765541244,0.09811647765541244,0.0,0.0,1,42,best_total_reward
701,COc1cccc2c1[nH]c(=Nc1ccc(C(=O)N3CCN(C(=O)c4ccco4)CC3)cc1)c1nncn12,COc1cccc2c1[nH]c(=Nc1ccc(C(=O)N3CCN(C(=O)c4ccco4)CC3)cc1)c1nncn12,0.097947207891058,0.097947207891058,0.097947207891058,0.0,0.0,1,57,best_total_reward
702,O=C(Nc1ccc(Cl)cc1)C1CCCN1C(=O)Nc1ccccc1,O=C(Nc1ccc(Cl)cc1)C1CCCN1C(=O)Nc1ccccc1,0.09789592978374824,0.09789592978374824,0.09789592978374824,0.0,0.0,1,17,best_total_reward
703,CCCCC1(CCC)CCCc2c1[nH]c1ccc(O)cc21,CCCCC1(CCC)CCCc2c1[nH]c1ccc(O)cc21,0.0978794833192404,0.0978794833192404,0.0978794833192404,0.0,0.0,1,12,best_total_reward
704,CCOC(=O)C(c1ccccc1)C(CCNC12CC3CC(CC(C3)C1)C2)c1ccc(-c2ccccc2)cc1,CCOC(=O)C(c1ccccc1)C(CCNC12CC3CC(CC(C3)C1)C2)c1ccc(-c2ccccc2)cc1,0.0976324444274191,0.0976324444274191,0.0976324444274191,0.0,0.0,1,68,best_total_reward
705,COc1cccc(NC2c3ccccc3C(=O)N2c2ccc(C)cn2)c1,COc1cccc(NC2c3ccccc3C(=O)N2c2ccc(C)cn2)c1,0.09741001698937488,0.09741001698937488,0.09741001698937488,0.0,0.0,1,58,best_total_reward
706,O=C(O)c1ccc(-n2c(C(=O)O)nc3cnc4ccc(Cl)cc4c32)cc1,O=C(O)c1ccc(-n2c(C(=O)O)nc3cnc4ccc(Cl)cc4c32)cc1,0.09733741105179394,0.09733741105179394,0.09733741105179394,0.0,0.0,1,55,best_total_reward
707,CCOc1ccccc1NC(=S)Nc1ccc2c(c1)OCCO2,CCOc1ccccc1NC(=S)Nc1ccc2c(c1)OCCO2,0.09706095161219214,0.09706095161219214,0.09706095161219214,0.0,0.0,1,31,best_total_reward
708,O=C(c1c(O)n(Cc2ccccc2)c2ccccc12)N1CCc2ccccc2C1,O=C(c1c(O)n(Cc2ccccc2)c2ccccc12)N1CCc2ccccc2C1,0.09680920586682816,0.09680920586682816,0.09680920586682816,0.0,0.0,1,2,best_total_reward
709,O=C1CCCN1c1ccc(OC2CN(c3ncnc4cccc(C(F)(F)F)c34)C2)nc1,O=C1CCCN1c1ccc(OC2CN(c3ncnc4cccc(C(F)(F)F)c34)C2)nc1,0.0964015087465475,0.0964015087465475,0.0964015087465475,0.0,0.0,1,19,best_total_reward
710,O=C(Cc1ccccc1)Nc1ccc2[nH]c(=NC(=O)c3ccnc(N4CCOCC4)c3)sc2c1,O=C(Cc1ccccc1)Nc1ccc2[nH]c(=NC(=O)c3ccnc(N4CCOCC4)c3)sc2c1,0.09636093007029393,0.09636093007029393,0.09636093007029393,0.0,0.0,1,55,best_total_reward
711,O=C1CCCN1CC[S+]([O-])CC(=O)N1CCCC(N2CCN(c3cccc(Cl)c3)CC2)C1,O=C1CCCN1CC[S+]([O-])CC(=O)N1CCCC(N2CCN(c3cccc(Cl)c3)CC2)C1,0.09619028137969343,0.09619028137969343,0.09619028137969343,0.0,0.0,1,67,best_total_reward
712,COc1ncc(-c2ccc3ncc(-c4cnn(C)c4)nc3c2)cc1NS(C)(=O)=O,COc1ncc(-c2ccc3ncc(-c4cnn(C)c4)nc3c2)cc1NS(C)(=O)=O,0.09617561762591578,0.09617561762591578,0.09617561762591578,0.0,0.0,1,64,best_total_reward
713,CN(C)C1CCN(c2ncc3ncn(CC(=O)O)c3n2)C1,CN(C)C1CCN(c2ncc3ncn(CC(=O)O)c3n2)C1,0.09611077908511936,0.09611077908511936,0.09611077908511936,0.0,0.0,1,33,best_total_reward
714,Cc1ccc(C(=O)N=c2cc[nH]cc2)cc1-c1ccc(C(N)=NO)cc1,Cc1ccc(C(=O)N=c2cc[nH]cc2)cc1-c1ccc(C(N)=NO)cc1,0.0956804428491155,0.0956804428491155,0.0956804428491155,0.0,0.0,1,65,best_total_reward
715,O=C(OCC#CCSc1nnc(-c2ccccc2)o1)c1ccccc1,O=C(OCC#CCSc1nnc(-c2ccccc2)o1)c1ccccc1,0.09566386846353132,0.09566386846353132,0.09566386846353132,0.0,0.0,1,23,best_total_reward
716,O=C(c1ccc(Cl)c(S(=O)(=O)N2CCOCC2)c1)N1CCN(c2cccc(Cl)c2)CC1,O=C(c1ccc(Cl)c(S(=O)(=O)N2CCOCC2)c1)N1CCN(c2cccc(Cl)c2)CC1,0.09553363358790236,0.09553363358790236,0.09553363358790236,0.0,0.0,1,65,best_total_reward
717,O=C(NCc1cccc(Cl)c1)C1CCCN1C(=O)C(c1ccccc1)c1ccccc1,O=C(NCc1cccc(Cl)c1)C1CCCN1C(=O)C(c1ccccc1)c1ccccc1,0.09542124207302445,0.09542124207302445,0.09542124207302445,0.0,0.0,1,41,best_total_reward
718,COc1cc(OC)cc(N(CCNC(C)C)c2ccc3ncc(-c4cn[nH]c4)nc3c2)c1,COc1cc(OC)cc(N(CCNC(C)C)c2ccc3ncc(-c4cn[nH]c4)nc3c2)c1,0.09485624640469749,0.09485624640469749,0.09485624640469749,0.0,0.0,1,15,best_total_reward
719,Cc1ccc(-c2nccn2-c2ccc(-c3cccc(N=c4cc(C)[nH]c(=N)[nH]4)c3)cc2)cc1,Cc1ccc(-c2nccn2-c2ccc(-c3cccc(N=c4cc(C)[nH]c(=N)[nH]4)c3)cc2)cc1,0.09483903912767644,0.09483903912767644,0.09483903912767644,0.0,0.0,1,10,best_total_reward
720,Cc1ccc2c(c1)N=C1CC(C)(C)CC(=O)C1C(c1ccc([S+](C)[O-])cc1)N2C,Cc1ccc2c(c1)N=C1CC(C)(C)CC(=O)C1C(c1ccc([S+](C)[O-])cc1)N2C,0.09479441012069531,0.09479441012069531,0.09479441012069531,0.0,0.0,1,8,best_total_reward
721,O=S(=O)(Cc1ccccc1)c1c[nH]c(CCc2ccccc2)c1,O=S(=O)(Cc1ccccc1)c1c[nH]c(CCc2ccccc2)c1,0.09446067219320002,0.09446067219320002,0.09446067219320002,0.0,0.0,1,62,best_total_reward
722,CCN1CCN(c2cc3c(cc2F)c(=O)c(C(=O)O)cn3CC)CC1,CCN1CCN(c2cc3c(cc2F)c(=O)c(C(=O)O)cn3CC)CC1,0.09436628260759518,0.09436628260759518,0.09436628260759518,0.0,0.0,1,2,best_total_reward
723,O=C(Cc1ccc(Cl)cc1)N1CCC(c2nc(-c3cccnc3)no2)CC1,O=C(Cc1ccc(Cl)cc1)N1CCC(c2nc(-c3cccnc3)no2)CC1,0.09431580916320487,0.09431580916320487,0.09431580916320487,0.0,0.0,1,71,best_total_reward
724,Cc1cccc(C2CC(c3ccc(Cl)cc3)CN3CNCC23)n1,Cc1cccc(C2CC(c3ccc(Cl)cc3)CN3CNCC23)n1,0.0942669222427347,0.0942669222427347,0.0942669222427347,0.0,0.0,1,2,best_total_reward
725,CCCC1CN(Cc2ccc(-c3ccc(F)c(Cl)c3)cc2)CC1N(C)C,CCCC1CN(Cc2ccc(-c3ccc(F)c(Cl)c3)cc2)CC1N(C)C,0.0941007084759155,0.0941007084759155,0.0941007084759155,0.0,0.0,1,55,best_total_reward
726,COc1ccc(C(=O)Nc2ccccc2C(=O)NCCCc2ccccc2)c(OC)c1OC,COc1ccc(C(=O)Nc2ccccc2C(=O)NCCCc2ccccc2)c(OC)c1OC,0.09398844190765394,0.09398844190765394,0.09398844190765394,0.0,0.0,1,73,best_total_reward
727,COC(=O)C(NC(=O)NC(CC(N)=O)C(=O)NC(C(=O)NC(CCCCCCN)C(=O)O)C(C)C)C(C)C,COC(=O)C(NC(=O)NC(CC(N)=O)C(=O)NC(C(=O)NC(CCCCCCN)C(=O)O)C(C)C)C(C)C,0.09397457118142143,0.09397457118142143,0.09397457118142143,0.0,0.0,1,21,best_total_reward
728,Cc1cn(CCCCN2CCc3ccccc3C2)c(O)c1-c1ccccc1,Cc1cn(CCCCN2CCc3ccccc3C2)c(O)c1-c1ccccc1,0.09375514424753269,0.09375514424753269,0.09375514424753269,0.0,0.0,1,13,best_total_reward
729,CCOc1cnc(N2CCC(NCc3ccc(Cl)cc3)CC2)c(C)c1,CCOc1cnc(N2CCC(NCc3ccc(Cl)cc3)CC2)c(C)c1,0.09371686334188356,0.09371686334188356,0.09371686334188356,0.0,0.0,1,1,best_total_reward
730,CCOc1nccnc1C(=NO)n1nc(C)cc1C,CCOc1nccnc1C(=NO)n1nc(C)cc1C,0.09368525304960433,0.09368525304960433,0.09368525304960433,0.0,0.0,1,4,best_total_reward
731,C=C1CCC2(C)C(CCC2C(C)CC(=O)C(=C)C(C)CO)C1=CC1=C(C)CC(OC2OC(CO)C(O)C(O)C2O)CC1C,C=C1CCC2(C)C(CCC2C(C)CC(=O)C(=C)C(C)CO)C1=CC1=C(C)CC(OC2OC(CO)C(O)C(O)C2O)CC1C,0.0935930092007264,0.0935930092007264,0.0935930092007264,0.0,0.0,1,30,best_total_reward
732,N=c1[nH]ccn2c(C3CCC3)nc(-c3ccc(Oc4ccc(OC(F)(F)F)cc4)c(F)c3)c12,N=c1[nH]ccn2c(C3CCC3)nc(-c3ccc(Oc4ccc(OC(F)(F)F)cc4)c(F)c3)c12,0.09358212608892202,0.09358212608892202,0.09358212608892202,0.0,0.0,1,46,best_total_reward
733,CCOc1ccccc1-c1nc2cccnc2n1OC(=O)NC(C)C,CCOc1ccccc1-c1nc2cccnc2n1OC(=O)NC(C)C,0.0934408737091359,0.0934408737091359,0.0934408737091359,0.0,0.0,1,16,best_total_reward
734,CCOC(=O)C1CCCN(CCCNC(=O)c2oc3ccc(Br)cc3c2C)C1,CCOC(=O)C1CCCN(CCCNC(=O)c2oc3ccc(Br)cc3c2C)C1,0.09339102755564792,0.09339102755564792,0.09339102755564792,0.0,0.0,1,62,best_total_reward
735,c1csc(-c2ncnc3c2CCN(Cc2ccoc2)CC3)c1,c1csc(-c2ncnc3c2CCN(Cc2ccoc2)CC3)c1,0.09326579401988797,0.09326579401988797,0.09326579401988797,0.0,0.0,1,46,best_total_reward
736,CCSCCNCCCNCCCNCCCCNCCCN,CCSCCNCCCNCCCNCCCCNCCCN,0.09326101899829077,0.09326101899829077,0.09326101899829077,0.0,0.0,1,20,best_total_reward
737,Cc1ccc(C(=O)OCC2(CO)CC(=Cc3ccccc3)C(=O)O2)cc1,Cc1ccc(C(=O)OCC2(CO)CC(=Cc3ccccc3)C(=O)O2)cc1,0.09320272833068731,0.09320272833068731,0.09320272833068731,0.0,0.0,1,1,best_total_reward
738,O=C(Nc1ccc2c(c1)C(NS(=O)(=O)c1ccc(F)cc1)C(O)CC2)c1ccc(F)cc1,O=C(Nc1ccc2c(c1)C(NS(=O)(=O)c1ccc(F)cc1)C(O)CC2)c1ccc(F)cc1,0.09305022964566688,0.09305022964566688,0.09305022964566688,0.0,0.0,1,24,best_total_reward
739,Cc1cc(C)cc(NC(=O)COc2ccc(S(=O)(=O)NCCc3ccccc3)cc2)c1,Cc1cc(C)cc(NC(=O)COc2ccc(S(=O)(=O)NCCc3ccccc3)cc2)c1,0.092973164571068,0.092973164571068,0.092973164571068,0.0,0.0,1,33,best_total_reward
740,COc1ccc2oc(-c3ccccc3)cc(=O)c2c1OCc1cn(Cc2ccc([N+](=O)[O-])cc2)nn1,COc1ccc2oc(-c3ccccc3)cc(=O)c2c1OCc1cn(Cc2ccc([N+](=O)[O-])cc2)nn1,0.09281937522668038,0.09281937522668038,0.09281937522668038,0.0,0.0,1,56,best_total_reward
741,CC(=NN=c1scc(O)n1Cc1ccc(OC(F)(F)F)cc1)c1ccccn1,CC(=NN=c1scc(O)n1Cc1ccc(OC(F)(F)F)cc1)c1ccccn1,0.09248545318006941,0.09248545318006941,0.09248545318006941,0.0,0.0,1,35,best_total_reward
742,CCOC(=O)Cn1c(O)c(O)c(C(=O)c2ccc(Cl)cc2)c1-c1ccc(OCC)c(C)c1,CCOC(=O)Cn1c(O)c(O)c(C(=O)c2ccc(Cl)cc2)c1-c1ccc(OCC)c(C)c1,0.09243079284808399,0.09243079284808399,0.09243079284808399,0.0,0.0,1,62,best_total_reward
743,O=C(c1ccc2nc(C3CCCCC3)[nH]c2c1)N1CCCCC1,O=C(c1ccc2nc(C3CCCCC3)[nH]c2c1)N1CCCCC1,0.09217012467962747,0.09217012467962747,0.09217012467962747,0.0,0.0,1,18,best_total_reward
744,COc1cc2c(cc1OC(C)C)CCn1cc(C(N)=O)c(-c3cncs3)c1-2,COc1cc2c(cc1OC(C)C)CCn1cc(C(N)=O)c(-c3cncs3)c1-2,0.09213687072056549,0.09213687072056549,0.09213687072056549,0.0,0.0,1,29,best_total_reward
745,O=C(Cc1ccccc1)Nc1cc(=S)oc2cc3c(cc12)OCO3,O=C(Cc1ccccc1)Nc1cc(=S)oc2cc3c(cc12)OCO3,0.09204287187120017,0.09204287187120017,0.09204287187120017,0.0,0.0,1,57,best_total_reward
746,Cc1cccc(C)c1NC(=O)Cn1c(=O)n(C2CCN(C(=O)C3CCCCC3)CC2)c2ccccc21,Cc1cccc(C)c1NC(=O)Cn1c(=O)n(C2CCN(C(=O)C3CCCCC3)CC2)c2ccccc21,0.09194617563873185,0.09194617563873185,0.09194617563873185,0.0,0.0,1,44,best_total_reward
747,COCCNC(=O)c1ccc(NC(=O)Nc2ccc(-c3nc(N4CC5CCC(C4)O5)c4cnn(C5CCN(Cc6ccccc6)CC5)c4n3)cc2)cc1,COCCNC(=O)c1ccc(NC(=O)Nc2ccc(-c3nc(N4CC5CCC(C4)O5)c4cnn(C5CCN(Cc6ccccc6)CC5)c4n3)cc2)cc1,0.09190879307964263,0.09190879307964263,0.09190879307964263,0.0,0.0,1,34,best_total_reward
748,CCC(C)CC1C(=O)C(=O)C=C1OC(=O)c1ccccc1,CCC(C)CC1C(=O)C(=O)C=C1OC(=O)c1ccccc1,0.09156830194258914,0.09156830194258914,0.09156830194258914,0.0,0.0,1,52,best_total_reward
749,Cc1cc(-c2cc(N3CCOCC3C)nc(N3CCC(F)C3)n2)on1,Cc1cc(-c2cc(N3CCOCC3C)nc(N3CCC(F)C3)n2)on1,0.09138171044266559,0.09138171044266559,0.09138171044266559,0.0,0.0,1,51,best_total_reward
750,COc1ccc(OC)c(CCN(Cc2cc3cc4c(cc3[nH]c2=O)OCO4)C(=O)c2ccccn2)c1,COc1ccc(OC)c(CCN(Cc2cc3cc4c(cc3[nH]c2=O)OCO4)C(=O)c2ccccn2)c1,0.09134283163583515,0.09134283163583515,0.09134283163583515,0.0,0.0,1,57,best_total_reward
751,COc1cccc(-c2ccc(NC(=S)NCC=O)cc2O)c1,COc1cccc(-c2ccc(NC(=S)NCC=O)cc2O)c1,0.09101261033708388,0.09101261033708388,0.09101261033708388,0.0,0.0,1,29,best_total_reward
752,Cc1cccc(=NC(=O)c2ccc(S(=O)(=O)N3CCc4ccccc43)cc2)[nH]1,Cc1cccc(=NC(=O)c2ccc(S(=O)(=O)N3CCc4ccccc43)cc2)[nH]1,0.09091222453745483,0.09091222453745483,0.09091222453745483,0.0,0.0,1,31,best_total_reward
753,C=CC(=O)Nc1ccc(C(O)Nc2cccc(Br)c2)c(N=c2cc[nH]c3cnccc23)c1,C=CC(=O)Nc1ccc(C(O)Nc2cccc(Br)c2)c(N=c2cc[nH]c3cnccc23)c1,0.09081414971303757,0.09081414971303757,0.09081414971303757,0.0,0.0,1,10,best_total_reward
754,COc1ccc(C=CC(=O)Nc2ccc3nccc(N4CCN(c5nccs5)CC4)c3c2)cc1,COc1ccc(C=CC(=O)Nc2ccc3nccc(N4CCN(c5nccs5)CC4)c3c2)cc1,0.09081161031646366,0.09081161031646366,0.09081161031646366,0.0,0.0,1,20,best_total_reward
755,O=C(COc1ccccc1)Nc1ccc2c(c1)CC1CCC3CCCC(C2)N31,O=C(COc1ccccc1)Nc1ccc2c(c1)CC1CCC3CCCC(C2)N31,0.090648699378603,0.090648699378603,0.090648699378603,0.0,0.0,1,61,best_total_reward
756,CCOc1nc2c(ncn2C2OC(CO)C(O)C2O)c(=NCCc2ccc(OC)cc2)[nH]1,CCOc1nc2c(ncn2C2OC(CO)C(O)C2O)c(=NCCc2ccc(OC)cc2)[nH]1,0.09063176137930475,0.09063176137930475,0.09063176137930475,0.0,0.0,1,38,best_total_reward
757,CC1(c2ccccc2)CC2CCC(C1)N2CCCc1ccc(Cl)cc1,CC1(c2ccccc2)CC2CCC(C1)N2CCCc1ccc(Cl)cc1,0.09062093814245807,0.09062093814245807,0.09062093814245807,0.0,0.0,1,40,best_total_reward
758,Cc1cccc(N2CCN(CCCCCCN3C(=O)c4ccccc4S3(=O)=O)CC2)c1,Cc1cccc(N2CCN(CCCCCCN3C(=O)c4ccccc4S3(=O)=O)CC2)c1,0.09060020858953276,0.09060020858953276,0.09060020858953276,0.0,0.0,1,14,best_total_reward
759,COc1ccc(C(=O)OCCCNCc2cc3ccccc3nc2Cl)cc1OC,COc1ccc(C(=O)OCCCNCc2cc3ccccc3nc2Cl)cc1OC,0.09042078570925961,0.09042078570925961,0.09042078570925961,0.0,0.0,1,67,best_total_reward
760,O=C(NC1CSCN2CCCC12)C(Cc1c[nH]cn1)=NC(=O)C(Cc1ccccc1)NC(=O)c1ccco1,O=C(NC1CSCN2CCCC12)C(Cc1c[nH]cn1)=NC(=O)C(Cc1ccccc1)NC(=O)c1ccco1,0.0901802500537272,0.0901802500537272,0.0901802500537272,0.0,0.0,1,20,best_total_reward
761,CC(C)c1c(S(C)(=O)=O)nc2c(C(N)=O)cccc2c1-c1ccc(Cl)cc1,CC(C)c1c(S(C)(=O)=O)nc2c(C(N)=O)cccc2c1-c1ccc(Cl)cc1,0.09014743902807522,0.09014743902807522,0.09014743902807522,0.0,0.0,1,69,best_total_reward
762,CC1(CCCC(=O)C=Cc2ccc(Cl)cc2)CC(C)(CC(=O)O)OO1,CC1(CCCC(=O)C=Cc2ccc(Cl)cc2)CC(C)(CC(=O)O)OO1,0.08993535712375189,0.08993535712375189,0.08993535712375189,0.0,0.0,1,26,best_total_reward
763,CC(C)(C)c1ccccc1NC(=S)NCCN=c1[nH]c2ccccc2[nH]1,CC(C)(C)c1ccccc1NC(=S)NCCN=c1[nH]c2ccccc2[nH]1,0.08982528012684625,0.08982528012684625,0.08982528012684625,0.0,0.0,1,16,best_total_reward
764,C=C(C)CC1Cc2ccccc2C(CCN2CCC(OC)C2)O1,C=C(C)CC1Cc2ccccc2C(CCN2CCC(OC)C2)O1,0.08972732256322241,0.08972732256322241,0.08972732256322241,0.0,0.0,1,44,best_total_reward
765,CCN1CCSc2ccc(C(=O)Nc3cccc(C(C)=O)c3)cc21,CCN1CCSc2ccc(C(=O)Nc3cccc(C(C)=O)c3)cc21,0.08966346948373971,0.08966346948373971,0.08966346948373971,0.0,0.0,1,72,best_total_reward
766,COc1ccc(C(Cl)C(=O)NCc2cccnc2)cc1,COc1ccc(C(Cl)C(=O)NCc2cccnc2)cc1,0.08943302589941662,0.08943302589941662,0.08943302589941662,0.0,0.0,1,47,best_total_reward
767,CN1CCN(C2=CC(C)(C)Sc3ccccc32)CC1,CN1CCN(C2=CC(C)(C)Sc3ccccc32)CC1,0.08939495929462087,0.08939495929462087,0.08939495929462087,0.0,0.0,1,11,best_total_reward
768,CC(=O)N1c2ccc(S(=O)(=O)N3CCCC(C(=O)NCC(C)c4ccccc4)C3)cc2CC1C,CC(=O)N1c2ccc(S(=O)(=O)N3CCCC(C(=O)NCC(C)c4ccccc4)C3)cc2CC1C,0.08938990037717606,0.08938990037717606,0.08938990037717606,0.0,0.0,1,22,best_total_reward
769,Cc1ccc(S(=O)(=O)N2CCC(c3nc(-c4ccc(Cl)cc4)no3)CC2)cc1,Cc1ccc(S(=O)(=O)N2CCC(c3nc(-c4ccc(Cl)cc4)no3)CC2)cc1,0.08936512948022084,0.08936512948022084,0.08936512948022084,0.0,0.0,1,16,best_total_reward
770,CCOC(=O)CC(C(=O)O)c1cc(-c2ccccc2)n(C=Cc2ccccc2Cl)n1,CCOC(=O)CC(C(=O)O)c1cc(-c2ccccc2)n(C=Cc2ccccc2Cl)n1,0.08922105367118961,0.08922105367118961,0.08922105367118961,0.0,0.0,1,69,best_total_reward
771,Cc1ccc(CNC(=O)c2ccccc2-n2cnnn2)o1,Cc1ccc(CNC(=O)c2ccccc2-n2cnnn2)o1,0.08904139680440533,0.08904139680440533,0.08904139680440533,0.0,0.0,1,6,best_total_reward
772,CC=C1CC(c2cc(=O)c3ccccc3o2)C(O)CN(C(C)=O)C1,CC=C1CC(c2cc(=O)c3ccccc3o2)C(O)CN(C(C)=O)C1,0.08893237627419713,0.08893237627419713,0.08893237627419713,0.0,0.0,1,10,best_total_reward
773,CC(C)OCCNC(=S)NN1CCN(C(=O)OC(C)(C)C)CC1,CC(C)OCCNC(=S)NN1CCN(C(=O)OC(C)(C)C)CC1,0.08884587192647735,0.08884587192647735,0.08884587192647735,0.0,0.0,1,42,best_total_reward
774,COc1ccc(N=c2cc(C)nc3nc[nH]n23)cc1,COc1ccc(N=c2cc(C)nc3nc[nH]n23)cc1,0.08869193560364468,0.08869193560364468,0.08869193560364468,0.0,0.0,1,21,best_total_reward
775,O=C(O)CC(Cc1ccccc1)(Cc1cc(Cl)cc(Cl)c1)C(=O)O,O=C(O)CC(Cc1ccccc1)(Cc1cc(Cl)cc(Cl)c1)C(=O)O,0.08824210704951868,0.08824210704951868,0.08824210704951868,0.0,0.0,1,49,best_total_reward
776,COc1cc(CN2CCc3ccccc3C2)cc(OC)c1,COc1cc(CN2CCc3ccccc3C2)cc(OC)c1,0.08823758018561717,0.08823758018561717,0.08823758018561717,0.0,0.0,1,41,best_total_reward
777,Cc1oc(-c2ccc(C(F)(F)F)cc2)nc1Cn1c(-c2ccccc2)cc(=O)c2ccccc21,Cc1oc(-c2ccc(C(F)(F)F)cc2)nc1Cn1c(-c2ccccc2)cc(=O)c2ccccc21,0.08816346026230885,0.08816346026230885,0.08816346026230885,0.0,0.0,1,17,best_total_reward
778,COc1ccc(C(C(N)=O)N2CCN(c3ccc(NC(=O)c4ccccc4Cl)cc3Cl)CC2)cc1,COc1ccc(C(C(N)=O)N2CCN(c3ccc(NC(=O)c4ccccc4Cl)cc3Cl)CC2)cc1,0.08800151060466889,0.08800151060466889,0.08800151060466889,0.0,0.0,1,2,best_total_reward
779,COc1ccc(CCNC(=O)C2COc3ccc(S(=O)(=O)N4CCC(C)CC4)cc32)cc1OC,COc1ccc(CCNC(=O)C2COc3ccc(S(=O)(=O)N4CCC(C)CC4)cc32)cc1OC,0.08792658038735537,0.08792658038735537,0.08792658038735537,0.0,0.0,1,13,best_total_reward
780,COc1cc(CC2=Nc3ccccc3NC2(Cc2ccccc2)n2nnnc2-c2ccccc2)cc(OC)c1OC,COc1cc(CC2=Nc3ccccc3NC2(Cc2ccccc2)n2nnnc2-c2ccccc2)cc(OC)c1OC,0.0878629949850174,0.0878629949850174,0.0878629949850174,0.0,0.0,1,32,best_total_reward
781,COc1ccc(C2=NCCN2c2ccccc2)cc1OC,COc1ccc(C2=NCCN2c2ccccc2)cc1OC,0.08745939422256237,0.08745939422256237,0.08745939422256237,0.0,0.0,1,51,best_total_reward
782,O=c1nc(OCC2COCCO2)cc2n1CCc1cc(-c3cc(Cl)cc(Cl)c3)ccc1-2,O=c1nc(OCC2COCCO2)cc2n1CCc1cc(-c3cc(Cl)cc(Cl)c3)ccc1-2,0.08713548568608365,0.08713548568608365,0.08713548568608365,0.0,0.0,1,21,best_total_reward
783,CC1CN2CCCCC2CN1C(=O)CN1CCCC1CCN1CCN(C(=O)Nc2cccc(Cl)c2)CC1,CC1CN2CCCCC2CN1C(=O)CN1CCCC1CCN1CCN(C(=O)Nc2cccc(Cl)c2)CC1,0.08706319959070975,0.08706319959070975,0.08706319959070975,0.0,0.0,1,4,best_total_reward
784,CCN(C(=O)CCCCCNC(=O)Cc1cn(C)c2ccccc12)C1CCCc2cccnc21,CCN(C(=O)CCCCCNC(=O)Cc1cn(C)c2ccccc12)C1CCCc2cccnc21,0.08701687732905139,0.08701687732905139,0.08701687732905139,0.0,0.0,1,59,best_total_reward
785,Fc1cccc(N2CCC3(CC=C(c4ccccc4)OO3)C2)c1,Fc1cccc(N2CCC3(CC=C(c4ccccc4)OO3)C2)c1,0.08694054954363856,0.08694054954363856,0.08694054954363856,0.0,0.0,1,67,best_total_reward
786,CCN1CC2CN(C(=O)c3cc4cccc(Cl)c4oc3=O)CC2C1,CCN1CC2CN(C(=O)c3cc4cccc(Cl)c4oc3=O)CC2C1,0.08692333778145998,0.08692333778145998,0.08692333778145998,0.0,0.0,1,28,best_total_reward
787,CC1(C)OC(=S)Nc2ccc(-c3ccc(Cl)cc3)cc21,CC1(C)OC(=S)Nc2ccc(-c3ccc(Cl)cc3)cc21,0.08690438065618553,0.08690438065618553,0.08690438065618553,0.0,0.0,1,73,best_total_reward
788,O=C1N(Cc2ccc(-c3ccccc3F)cc2)c2ccccc2C12OCCCO2,O=C1N(Cc2ccc(-c3ccccc3F)cc2)c2ccccc2C12OCCCO2,0.08681850634667863,0.08681850634667863,0.08681850634667863,0.0,0.0,1,20,best_total_reward
789,CC(C)(C)CCC(=O)N=C(NC#N)Nc1ccccc1,CC(C)(C)CCC(=O)N=C(NC#N)Nc1ccccc1,0.0865628662461978,0.0865628662461978,0.0865628662461978,0.0,0.0,1,53,best_total_reward
790,CCOc1ncc(C(=O)N2CCc3ccccc3C2)cc1-c1ccccc1C,CCOc1ncc(C(=O)N2CCc3ccccc3C2)cc1-c1ccccc1C,0.08655183078703298,0.08655183078703298,0.08655183078703298,0.0,0.0,1,31,best_total_reward
791,CCCc1cc(=O)[nH]c(SCC(=O)c2ccc(C)s2)n1,CCCc1cc(=O)[nH]c(SCC(=O)c2ccc(C)s2)n1,0.08640038973879802,0.08640038973879802,0.08640038973879802,0.0,0.0,1,10,best_total_reward
792,Cc1noc(C(C)C)c1C(=O)N1CCN(c2cc(C(C)C)on2)CC1,Cc1noc(C(C)C)c1C(=O)N1CCN(c2cc(C(C)C)on2)CC1,0.08637217069998855,0.08637217069998855,0.08637217069998855,0.0,0.0,1,73,best_total_reward
793,CC1CC(N)CC(c2ccncc2NC(=O)c2cccc(Cl)c2)C1,CC1CC(N)CC(c2ccncc2NC(=O)c2cccc(Cl)c2)C1,0.08625215905510217,0.08625215905510217,0.08625215905510217,0.0,0.0,1,1,best_total_reward
794,CNC(=O)CN1C(=O)C(NC(=O)Nc2cccc([N+](=O)[O-])c2)CC(c2ccccc2)c2cc(Cl)ccc21,CNC(=O)CN1C(=O)C(NC(=O)Nc2cccc([N+](=O)[O-])c2)CC(c2ccccc2)c2cc(Cl)ccc21,0.086226259986355,0.086226259986355,0.086226259986355,0.0,0.0,1,30,best_total_reward
795,O=C1CSC2(C(=O)Nc3ccccc32)N1c1ccccc1,O=C1CSC2(C(=O)Nc3ccccc32)N1c1ccccc1,0.086174248288381,0.086174248288381,0.086174248288381,0.0,0.0,1,67,best_total_reward
796,O=C(CNC(=O)c1cccc(C(F)(F)F)c1)NC1CCN(C2CCN(Cc3c[nH]c4ccccc34)CC2)C1,O=C(CNC(=O)c1cccc(C(F)(F)F)c1)NC1CCN(C2CCN(Cc3c[nH]c4ccccc34)CC2)C1,0.08616206249986758,0.08616206249986758,0.08616206249986758,0.0,0.0,1,40,best_total_reward
797,CC(=O)N1CC(=O)Nc2ccc(Cl)cc2C1c1ccccc1,CC(=O)N1CC(=O)Nc2ccc(Cl)cc2C1c1ccccc1,0.08610311434338955,0.08610311434338955,0.08610311434338955,0.0,0.0,1,63,best_total_reward
798,Cc1nc(-c2cccc(Br)c2)c(C(=O)NCc2nccs2)o1,Cc1nc(-c2cccc(Br)c2)c(C(=O)NCc2nccs2)o1,0.08565657920119034,0.08565657920119034,0.08565657920119034,0.0,0.0,1,52,best_total_reward
799,COc1nc(=NC2C(O)C(O)C(CO)C(O)C2F)nc(OC)[nH]1,COc1nc(=NC2C(O)C(O)C(CO)C(O)C2F)nc(OC)[nH]1,0.08564962693951245,0.08564962693951245,0.08564962693951245,0.0,0.0,1,66,best_total_reward
800,Cc1cc(C)cc(NC(=O)CC(=O)C2C(=O)CC(C)(C)CC2=O)c1,Cc1cc(C)cc(NC(=O)CC(=O)C2C(=O)CC(C)(C)CC2=O)c1,0.08555918525393234,0.08555918525393234,0.08555918525393234,0.0,0.0,1,40,best_total_reward
801,CC1CN(C(C)CO)C(=O)c2cc(NC(=O)Nc3cccnc3)ccc2OC1CN(C)C(=O)c1ccc(=O)n(C)c1,CC1CN(C(C)CO)C(=O)c2cc(NC(=O)Nc3cccnc3)ccc2OC1CN(C)C(=O)c1ccc(=O)n(C)c1,0.08541681664968048,0.08541681664968048,0.08541681664968048,0.0,0.0,1,49,best_total_reward
802,O=C(O)CCC(NC(=O)OCc1ccccc1)C(=O)O,O=C(O)CCC(NC(=O)OCc1ccccc1)C(=O)O,0.08529502914364527,0.08529502914364527,0.08529502914364527,0.0,0.0,1,42,best_total_reward
803,C=C(C)COc1ccccc1C(=O)Nc1cc(OC)ccc1OC,C=C(C)COc1ccccc1C(=O)Nc1cc(OC)ccc1OC,0.08510575562775713,0.08510575562775713,0.08510575562775713,0.0,0.0,1,20,best_total_reward
804,O=C1c2ccc(Cl)cc2C(=O)N1c1ccc(-c2ccc(N3C(=O)CSC3c3ccccc3O)cc2)cc1,O=C1c2ccc(Cl)cc2C(=O)N1c1ccc(-c2ccc(N3C(=O)CSC3c3ccccc3O)cc2)cc1,0.08505383527652338,0.08505383527652338,0.08505383527652338,0.0,0.0,1,10,best_total_reward
805,O=C(NC1CCN(Cc2ccc(C3CCCCC3)s2)C1)c1ccc(-c2ccccc2)cc1,O=C(NC1CCN(Cc2ccc(C3CCCCC3)s2)C1)c1ccc(-c2ccccc2)cc1,0.08503000033507825,0.08503000033507825,0.08503000033507825,0.0,0.0,1,24,best_total_reward
806,S=C(N=c1nccc[nH]1)NCCCCn1ccnc1,S=C(N=c1nccc[nH]1)NCCCCn1ccnc1,0.08486457419501188,0.08486457419501188,0.08486457419501188,0.0,0.0,1,10,best_total_reward
807,CCOC(=O)c1c(C)cc2occ(NC(=O)C=CC(=O)O)c2c1-c1ccccc1,CCOC(=O)c1c(C)cc2occ(NC(=O)C=CC(=O)O)c2c1-c1ccccc1,0.084821083579401,0.084821083579401,0.084821083579401,0.0,0.0,1,24,best_total_reward
808,CC1CN(c2cccnn2)CCN1C(=O)Nc1ccccc1,CC1CN(c2cccnn2)CCN1C(=O)Nc1ccccc1,0.08479351750153835,0.08479351750153835,0.08479351750153835,0.0,0.0,1,59,best_total_reward
809,O=C1Nc2ccccc2C12NCCc1ccccc12,O=C1Nc2ccccc2C12NCCc1ccccc12,0.08473147577951813,0.08473147577951813,0.08473147577951813,0.0,0.0,1,29,best_total_reward
810,O=C(O)c1nc2c(=NC(CN3CCCCC3)c3ccc(Cl)c(Cl)c3)[nH]c3ccccc3n2n1,O=C(O)c1nc2c(=NC(CN3CCCCC3)c3ccc(Cl)c(Cl)c3)[nH]c3ccccc3n2n1,0.08469330358440598,0.08469330358440598,0.08469330358440598,0.0,0.0,1,57,best_total_reward
811,Cc1n[nH]c(=NC(=O)c2ccc(Br)c(S(=O)(=O)N3CCOCC3)c2)s1,Cc1n[nH]c(=NC(=O)c2ccc(Br)c(S(=O)(=O)N3CCOCC3)c2)s1,0.08440313860926095,0.08440313860926095,0.08440313860926095,0.0,0.0,1,12,best_total_reward
812,O=C(CC1C=CC(CN(Cc2ccccc2)Cc2cccnc2)C(CO)O1)NCCc1ccc2c(c1)OCO2,O=C(CC1C=CC(CN(Cc2ccccc2)Cc2cccnc2)C(CO)O1)NCCc1ccc2c(c1)OCO2,0.08432614636270155,0.08432614636270155,0.08432614636270155,0.0,0.0,1,67,best_total_reward
813,O=C(Cn1nnc(-c2ccncc2)n1)N1CCOCC1,O=C(Cn1nnc(-c2ccncc2)n1)N1CCOCC1,0.08431021349724477,0.08431021349724477,0.08431021349724477,0.0,0.0,1,13,best_total_reward
814,Cc1cc(=O)[nH]c(N2CCN(c3ccccc3C)CC2)n1,Cc1cc(=O)[nH]c(N2CCN(c3ccccc3C)CC2)n1,0.08426796203788785,0.08426796203788785,0.08426796203788785,0.0,0.0,1,22,best_total_reward
815,CC(c1ccc(-c2nc3nc(N4CCN(C)CC4)ccc3[nH]2)cc1)N1CCC(O)(C(F)(F)F)C1C,CC(c1ccc(-c2nc3nc(N4CCN(C)CC4)ccc3[nH]2)cc1)N1CCC(O)(C(F)(F)F)C1C,0.0839618284398655,0.0839618284398655,0.0839618284398655,0.0,0.0,1,41,best_total_reward
816,COc1ccc(S(=O)(=O)N2CCC(C(=O)NC(C)(C)C)CC2)cc1[N+](=O)[O-],COc1ccc(S(=O)(=O)N2CCC(C(=O)NC(C)(C)C)CC2)cc1[N+](=O)[O-],0.08383601020670994,0.08383601020670994,0.08383601020670994,0.0,0.0,1,30,best_total_reward
817,Fc1cccc(Cn2ncc3cnc(C4CC4)nc32)c1,Fc1cccc(Cn2ncc3cnc(C4CC4)nc32)c1,0.08371371603692249,0.08371371603692249,0.08371371603692249,0.0,0.0,1,47,best_total_reward
818,CC(C)(C)OC(=O)NC(Cc1ccccc1)C(=O)NC(Cc1ccccc1)C(=O)NC(CCCCN)C(=O)NCCc1ccccc1,CC(C)(C)OC(=O)NC(Cc1ccccc1)C(=O)NC(Cc1ccccc1)C(=O)NC(CCCCN)C(=O)NCCc1ccccc1,0.08351450187066925,0.08351450187066925,0.08351450187066925,0.0,0.0,1,30,best_total_reward
819,Fc1ccc(-c2ccc(NCc3ccncc3)cc2-c2ccc(F)cc2)cc1,Fc1ccc(-c2ccc(NCc3ccncc3)cc2-c2ccc(F)cc2)cc1,0.08348356823813462,0.08348356823813462,0.08348356823813462,0.0,0.0,1,32,best_total_reward
820,C=CCNC(=O)C(=O)NCC1OCCCN1S(=O)(=O)c1ccc([N+](=O)[O-])cc1,C=CCNC(=O)C(=O)NCC1OCCCN1S(=O)(=O)c1ccc([N+](=O)[O-])cc1,0.08338242440305761,0.08338242440305761,0.08338242440305761,0.0,0.0,1,58,best_total_reward
821,Cc1ccccc1OCC(O)Cn1cc([N+](=O)[O-])cn1,Cc1ccccc1OCC(O)Cn1cc([N+](=O)[O-])cn1,0.08328028771234373,0.08328028771234373,0.08328028771234373,0.0,0.0,1,20,best_total_reward
822,COc1ccc(S(=O)(=O)N(CC(C)C)c2ccc(CC(=O)NCC(=O)O)cc2)cc1,COc1ccc(S(=O)(=O)N(CC(C)C)c2ccc(CC(=O)NCC(=O)O)cc2)cc1,0.08319959744703002,0.08319959744703002,0.08319959744703002,0.0,0.0,1,39,best_total_reward
823,OC(CNCCOc1cccc(Br)c1)COc1ccccc1,OC(CNCCOc1cccc(Br)c1)COc1ccccc1,0.0831372711678021,0.0831372711678021,0.0831372711678021,0.0,0.0,1,45,best_total_reward
824,COc1ccc(-c2n[nH]c(=O)[nH]2)cc1,COc1ccc(-c2n[nH]c(=O)[nH]2)cc1,0.08295445548070224,0.08295445548070224,0.08295445548070224,0.0,0.0,1,44,best_total_reward
825,c1ccc2c(c1)CCC(c1nnc(C3CCCNC3)o1)O2,c1ccc2c(c1)CCC(c1nnc(C3CCCNC3)o1)O2,0.08291334464893148,0.08291334464893148,0.08291334464893148,0.0,0.0,1,5,best_total_reward
826,CN1NC2CC1CN(c1ccccc1)c1ccccc12,CN1NC2CC1CN(c1ccccc1)c1ccccc12,0.0827604276819239,0.0827604276819239,0.0827604276819239,0.0,0.0,1,61,best_total_reward
827,CC1(C)CSC(c2ccco2)N1,CC1(C)CSC(c2ccco2)N1,0.0826458872940396,0.0826458872940396,0.0826458872940396,0.0,0.0,1,51,best_total_reward
828,COc1cccc2cc(CN3C(=O)C(=NOCCS(C)(=O)=O)c4ccccc43)n(CCCC(F)(F)F)c12,COc1cccc2cc(CN3C(=O)C(=NOCCS(C)(=O)=O)c4ccccc43)n(CCCC(F)(F)F)c12,0.08216263411276448,0.08216263411276448,0.08216263411276448,0.0,0.0,1,55,best_total_reward
829,COc1ccc(C(=O)n2cccc2)cc1OC,COc1ccc(C(=O)n2cccc2)cc1OC,0.08215268894180024,0.08215268894180024,0.08215268894180024,0.0,0.0,1,44,best_total_reward
830,CN1CCN(CCCNC(O)c2cc(O)n(C3CC3)c2)CC1,CN1CCN(CCCNC(O)c2cc(O)n(C3CC3)c2)CC1,0.08209451862403158,0.08209451862403158,0.08209451862403158,0.0,0.0,1,58,best_total_reward
831,NC(=O)C1CN(C(=O)NCc2nc3ccccc3s2)c2ccccc2O1,NC(=O)C1CN(C(=O)NCc2nc3ccccc3s2)c2ccccc2O1,0.08208627408854324,0.08208627408854324,0.08208627408854324,0.0,0.0,1,56,best_total_reward
832,O=C(O)COc1ccc(N(Cc2ccc(Oc3ccccc3)cc2)S(=O)(=O)c2ccc(Cc3cccs3)cc2)cc1,O=C(O)COc1ccc(N(Cc2ccc(Oc3ccccc3)cc2)S(=O)(=O)c2ccc(Cc3cccs3)cc2)cc1,0.08207869792494772,0.08207869792494772,0.08207869792494772,0.0,0.0,1,65,best_total_reward
833,COC(=O)c1c(C(=O)OC)c(-c2ccc(OC)cc2)n2c1CSC2C(=O)O,COC(=O)c1c(C(=O)OC)c(-c2ccc(OC)cc2)n2c1CSC2C(=O)O,0.08195197962445451,0.08195197962445451,0.08195197962445451,0.0,0.0,1,20,best_total_reward
834,O=C(Nc1ccccc1-c1ccccc1)N1CCN(C(=O)c2ccc(Cl)cc2)CC1,O=C(Nc1ccccc1-c1ccccc1)N1CCN(C(=O)c2ccc(Cl)cc2)CC1,0.08191542120430265,0.08191542120430265,0.08191542120430265,0.0,0.0,1,23,best_total_reward
835,O=C(C1CCC(c2ccccc2)C1)N1N=C(c2ccc([N+](=O)[O-])cc2)CC1c1ccccc1,O=C(C1CCC(c2ccccc2)C1)N1N=C(c2ccc([N+](=O)[O-])cc2)CC1c1ccccc1,0.0816235507424651,0.0816235507424651,0.0816235507424651,0.0,0.0,1,13,best_total_reward
836,CCOC(=O)Cc1cccc(NC(=O)C2OC(CO)C(O)C(O)C2O)c1,CCOC(=O)Cc1cccc(NC(=O)C2OC(CO)C(O)C(O)C2O)c1,0.08156223756290779,0.08156223756290779,0.08156223756290779,0.0,0.0,1,64,best_total_reward
837,O=[N+]([O-])c1cc(S(=O)(=O)Nc2ccc(-c3nnc4n3CCCCC4)cc2)ccc1Cl,O=[N+]([O-])c1cc(S(=O)(=O)Nc2ccc(-c3nnc4n3CCCCC4)cc2)ccc1Cl,0.08136055900329277,0.08136055900329277,0.08136055900329277,0.0,0.0,1,20,best_total_reward
838,COc1ccc2ccc(CCC(=O)CC(c3ccc(-c4ccccc4)cc3)n3cncn3)cc2c1,COc1ccc2ccc(CCC(=O)CC(c3ccc(-c4ccccc4)cc3)n3cncn3)cc2c1,0.08103364599787195,0.08103364599787195,0.08103364599787195,0.0,0.0,1,12,best_total_reward
839,Cc1ccccc1OCC(=O)Nc1ccc(-n2cnnn2)cc1,Cc1ccccc1OCC(=O)Nc1ccc(-n2cnnn2)cc1,0.08096501639213324,0.08096501639213324,0.08096501639213324,0.0,0.0,1,33,best_total_reward
840,O=C1c2cc(Cl)ccc2CC1Cc1ccccc1CCOC1(c2ccccc2)CCCCC1,O=C1c2cc(Cl)ccc2CC1Cc1ccccc1CCOC1(c2ccccc2)CCCCC1,0.08080241497219981,0.08080241497219981,0.08080241497219981,0.0,0.0,1,59,best_total_reward
841,O=C(NCc1ccc(Br)cc1)c1cccc2c1C(=O)N(C1CCNCC1)C2,O=C(NCc1ccc(Br)cc1)c1cccc2c1C(=O)N(C1CCNCC1)C2,0.08079002381967591,0.08079002381967591,0.08079002381967591,0.0,0.0,1,23,best_total_reward
842,CC(C)(C)c1cc(C(=O)Cc2cccnc2)cc(C(C)(C)C)c1O,CC(C)(C)c1cc(C(=O)Cc2cccnc2)cc(C(C)(C)C)c1O,0.08075735696743769,0.08075735696743769,0.08075735696743769,0.0,0.0,1,58,best_total_reward
843,O=C(Nc1ccc(Cl)cc1)N1CC2CCC(C1)N(C(=O)CCCCN1CCN(c3ccccc3)CC1)C2,O=C(Nc1ccc(Cl)cc1)N1CC2CCC(C1)N(C(=O)CCCCN1CCN(c3ccccc3)CC1)C2,0.0806440797354745,0.0806440797354745,0.0806440797354745,0.0,0.0,1,69,best_total_reward
844,O=C1C(Cl)C(c2ccc(O)cc2)N1c1nnc(Cc2ccccc2)n(O)c1=O,O=C1C(Cl)C(c2ccc(O)cc2)N1c1nnc(Cc2ccccc2)n(O)c1=O,0.08052845390156863,0.08052845390156863,0.08052845390156863,0.0,0.0,1,17,best_total_reward
845,CC1CN(C)CCN1c1ccc2[nH]nc(S(=O)(=O)c3cccc(F)c3)c2c1,CC1CN(C)CCN1c1ccc2[nH]nc(S(=O)(=O)c3cccc(F)c3)c2c1,0.0803652039766141,0.0803652039766141,0.0803652039766141,0.0,0.0,1,52,best_total_reward
846,COc1cccc(C2CC(=O)Nc3cc4c(cc32)OCO4)c1,COc1cccc(C2CC(=O)Nc3cc4c(cc32)OCO4)c1,0.08022222969180917,0.08022222969180917,0.08022222969180917,0.0,0.0,1,72,best_total_reward
847,CNCCC1CNCCN1c1ccc(OC)cc1,CNCCC1CNCCN1c1ccc(OC)cc1,0.08018665979770787,0.08018665979770787,0.08018665979770787,0.0,0.0,1,58,best_total_reward
848,NC(=O)c1ccc(NC(=O)COC(=O)c2cccnc2)cc1,NC(=O)c1ccc(NC(=O)COC(=O)c2cccnc2)cc1,0.08017598489702259,0.08017598489702259,0.08017598489702259,0.0,0.0,1,15,best_total_reward
849,CC1CC(C)CN(CCCCOc2cc3c(c(Cl)c2Cl)COC(C)(C)C3)C1,CC1CC(C)CN(CCCCOc2cc3c(c(Cl)c2Cl)COC(C)(C)C3)C1,0.08010110366160068,0.08010110366160068,0.08010110366160068,0.0,0.0,1,34,best_total_reward
850,Cn1c(-c2ccc(C(F)(F)F)cc2)ccc1-c1ccccc1C(F)(F)F,Cn1c(-c2ccc(C(F)(F)F)cc2)ccc1-c1ccccc1C(F)(F)F,0.08010095433497574,0.08010095433497574,0.08010095433497574,0.0,0.0,1,56,best_total_reward
851,CCOc1ccc(-c2c3c(-c4ccc(C)cc4)c(C(=O)NCc4ccco4)sc3c(O)n2CCc2ccccc2)cc1,CCOc1ccc(-c2c3c(-c4ccc(C)cc4)c(C(=O)NCc4ccco4)sc3c(O)n2CCc2ccccc2)cc1,0.08005815565161266,0.08005815565161266,0.08005815565161266,0.0,0.0,1,19,best_total_reward
852,COC1Oc2ccccc2C2C(CO)N(Cc3ccccc3Cl)C12,COC1Oc2ccccc2C2C(CO)N(Cc3ccccc3Cl)C12,0.07999483863743051,0.07999483863743051,0.07999483863743051,0.0,0.0,1,52,best_total_reward
853,CC(C)(C)C(=O)Nc1ccc(Cl)c(NC(=O)C2CCCCC2)c1Cl,CC(C)(C)C(=O)Nc1ccc(Cl)c(NC(=O)C2CCCCC2)c1Cl,0.07988315429868122,0.07988315429868122,0.07988315429868122,0.0,0.0,1,24,best_total_reward
854,CNC1CCc2cc(OC)ccc2C1N(C)CCCc1ccccc1,CNC1CCc2cc(OC)ccc2C1N(C)CCCc1ccccc1,0.07987804906310063,0.07987804906310063,0.07987804906310063,0.0,0.0,1,63,best_total_reward
855,Nc1ccc(Sc2ccc(NCc3cccc(O)c3)cc2)cc1,Nc1ccc(Sc2ccc(NCc3cccc(O)c3)cc2)cc1,0.07950119655081507,0.07950119655081507,0.07950119655081507,0.0,0.0,1,12,best_total_reward
856,Cc1ccc(NC(=O)c2ccco2)cc1S(=O)(=O)N1CCCCC1,Cc1ccc(NC(=O)c2ccco2)cc1S(=O)(=O)N1CCCCC1,0.07946889095189633,0.07946889095189633,0.07946889095189633,0.0,0.0,1,43,best_total_reward
857,C#CCn1c(=Nc2cccc3[nH]ncc23)ncc2c(N3OC4CCCC3C4)nc(N3CCNCC3)nc21,C#CCn1c(=Nc2cccc3[nH]ncc23)ncc2c(N3OC4CCCC3C4)nc(N3CCNCC3)nc21,0.07915062110174856,0.07915062110174856,0.07915062110174856,0.0,0.0,1,51,best_total_reward
858,COC(=O)CNC(=O)Cn1c(=O)c2ccccc2n(Cc2ccccc2F)c1=O,COC(=O)CNC(=O)Cn1c(=O)c2ccccc2n(Cc2ccccc2F)c1=O,0.07877092748107896,0.07877092748107896,0.07877092748107896,0.0,0.0,1,50,best_total_reward
859,COc1ccc(-c2cnc3c(c2)C(=O)N(CC2CCN(C(Cc4ccccc4)C(=O)O)CC2)CC(=O)N3)cc1,COc1ccc(-c2cnc3c(c2)C(=O)N(CC2CCN(C(Cc4ccccc4)C(=O)O)CC2)CC(=O)N3)cc1,0.07873634952673851,0.07873634952673851,0.07873634952673851,0.0,0.0,1,31,best_total_reward
860,O=C(O)c1cn(Cc2ccc(-c3ccccc3)cc2)c2ccccc2c1=O,O=C(O)c1cn(Cc2ccc(-c3ccccc3)cc2)c2ccccc2c1=O,0.07866383831353119,0.07866383831353119,0.07866383831353119,0.0,0.0,1,9,best_total_reward
861,CC(C)C(C(=O)N(Cc1cccnc1)Cc1cccs1)N(C)Cc1ccccc1,CC(C)C(C(=O)N(Cc1cccnc1)Cc1cccs1)N(C)Cc1ccccc1,0.07863884270465332,0.07863884270465332,0.07863884270465332,0.0,0.0,1,4,best_total_reward
862,CCCOC(=O)c1c2nc(NCCCN(CC)CC)c(F)cc2c(=O)n2c1sc1ccccc12,CCCOC(=O)c1c2nc(NCCCN(CC)CC)c(F)cc2c(=O)n2c1sc1ccccc12,0.07850044676503823,0.07850044676503823,0.07850044676503823,0.0,0.0,1,38,best_total_reward
863,Cc1ccc(-c2nn(C)c(=O)c3ccccc23)cc1NS(=O)(=O)c1cccc(C(F)(F)F)c1,Cc1ccc(-c2nn(C)c(=O)c3ccccc23)cc1NS(=O)(=O)c1cccc(C(F)(F)F)c1,0.07838960813858273,0.07838960813858273,0.07838960813858273,0.0,0.0,1,48,best_total_reward
864,COC(=O)c1ccc(CCC(=O)NCC(O)c2cccc(OCc3ccccc3)c2)cc1,COC(=O)c1ccc(CCC(=O)NCC(O)c2cccc(OCc3ccccc3)c2)cc1,0.07834496747858162,0.07834496747858162,0.07834496747858162,0.0,0.0,1,26,best_total_reward
865,CNC(=O)c1cccc(C(=O)NC(Cc2ccccc2)C(O)CNCc2ccc(OS(=O)(=O)c3cccc(OC)c3)nc2)c1,CNC(=O)c1cccc(C(=O)NC(Cc2ccccc2)C(O)CNCc2ccc(OS(=O)(=O)c3cccc(OC)c3)nc2)c1,0.07832093514698159,0.07832093514698159,0.07832093514698159,0.0,0.0,1,55,best_total_reward
866,NCC(c1ccccc1)C1CCCCC1,NCC(c1ccccc1)C1CCCCC1,0.07829362617714888,0.07829362617714888,0.07829362617714888,0.0,0.0,1,72,best_total_reward
867,Cc1cc(C)c(S(=O)(=O)NCCCN2CCOCC2)c(C)c1,Cc1cc(C)c(S(=O)(=O)NCCCN2CCOCC2)c(C)c1,0.07820551656289282,0.07820551656289282,0.07820551656289282,0.0,0.0,1,60,best_total_reward
868,O=S(=O)(c1ccc2[nH]c(O)cc2c1)N1CCCCC1,O=S(=O)(c1ccc2[nH]c(O)cc2c1)N1CCCCC1,0.0780553114991961,0.0780553114991961,0.0780553114991961,0.0,0.0,1,62,best_total_reward
869,Cc1ccc(NC(=O)OCCCN(C)C)cc1Cl,Cc1ccc(NC(=O)OCCCN(C)C)cc1Cl,0.07794653541137067,0.07794653541137067,0.07794653541137067,0.0,0.0,1,11,best_total_reward
870,S=c1[nH]ccn1C1CCN(Cc2ccccc2)CC1,S=c1[nH]ccn1C1CCN(Cc2ccccc2)CC1,0.07782843488253242,0.07782843488253242,0.07782843488253242,0.0,0.0,1,75,best_total_reward
871,O=C(c1cc2n(n1)CCNC2)N1CCCC2c3cc(F)ccc3OCC21,O=C(c1cc2n(n1)CCNC2)N1CCCC2c3cc(F)ccc3OCC21,0.07764738641359761,0.07764738641359761,0.07764738641359761,0.0,0.0,1,50,best_total_reward
872,COc1ccccc1C(=O)COC(=O)CSc1ccccc1,COc1ccccc1C(=O)COC(=O)CSc1ccccc1,0.07751214698923048,0.07751214698923048,0.07751214698923048,0.0,0.0,1,9,best_total_reward
873,Cc1ccccc1CCNC(=O)c1ccc2nc(N3CCOCC3)sc2c1,Cc1ccccc1CCNC(=O)c1ccc2nc(N3CCOCC3)sc2c1,0.0774335607876905,0.0774335607876905,0.0774335607876905,0.0,0.0,1,12,best_total_reward
874,CC1(C)C(NC(=O)c2ccccn2)C(C)(C)C1Oc1ccc(C#N)c(Cl)c1,CC1(C)C(NC(=O)c2ccccn2)C(C)(C)C1Oc1ccc(C#N)c(Cl)c1,0.07738214034696048,0.07738214034696048,0.07738214034696048,0.0,0.0,1,62,best_total_reward
875,Cc1ccccc1-c1ncn(CCCCNC(=O)Nc2cc(C(F)(F)F)cc(C(F)(F)F)c2)c1-c1cccs1,Cc1ccccc1-c1ncn(CCCCNC(=O)Nc2cc(C(F)(F)F)cc(C(F)(F)F)c2)c1-c1cccs1,0.07715516237473949,0.07715516237473949,0.07715516237473949,0.0,0.0,1,74,best_total_reward
876,O=C(c1ccc(F)cc1)N1CCC2(CC1)NCCc1[nH]cnc12,O=C(c1ccc(F)cc1)N1CCC2(CC1)NCCc1[nH]cnc12,0.07705728654378731,0.07705728654378731,0.07705728654378731,0.0,0.0,1,33,best_total_reward
877,O=C(NCc1cccnc1)C1CCN(c2nnc(-n3cccc3)s2)CC1,O=C(NCc1cccnc1)C1CCN(c2nnc(-n3cccc3)s2)CC1,0.07672236833001984,0.07672236833001984,0.07672236833001984,0.0,0.0,1,45,best_total_reward
878,CC(=O)NCCc1cc(CCCc2ccccc2Br)c[n+]2c1[S+]([O-])CCC2,CC(=O)NCCc1cc(CCCc2ccccc2Br)c[n+]2c1[S+]([O-])CCC2,0.07651588000340773,0.07651588000340773,0.07651588000340773,0.0,0.0,1,51,best_total_reward
879,COc1ccc(CN(Cc2cccc(OC)c2)Cc2ccccc2Cc2ccccc2)cc1,COc1ccc(CN(Cc2cccc(OC)c2)Cc2ccccc2Cc2ccccc2)cc1,0.07636370015633953,0.07636370015633953,0.07636370015633953,0.0,0.0,1,73,best_total_reward
880,COc1cccc(Oc2ccc(C(=O)NCC3CN(C)CCO3)cn2)c1,COc1cccc(Oc2ccc(C(=O)NCC3CN(C)CCO3)cn2)c1,0.07606401984566699,0.07606401984566699,0.07606401984566699,0.0,0.0,1,6,best_total_reward
881,Cc1ccc(C(=O)NCC(=O)NC(C)c2ccc(C(=O)c3ccccc3)cc2)cc1C,Cc1ccc(C(=O)NCC(=O)NC(C)c2ccc(C(=O)c3ccccc3)cc2)cc1C,0.07603599238498167,0.07603599238498167,0.07603599238498167,0.0,0.0,1,7,best_total_reward
882,O=S(=O)(NCCc1c[nH]c2ccccc12)c1ccc(-c2ccc(OC(F)(F)F)cc2)cc1,O=S(=O)(NCCc1c[nH]c2ccccc12)c1ccc(-c2ccc(OC(F)(F)F)cc2)cc1,0.07573393716244799,0.07573393716244799,0.07573393716244799,0.0,0.0,1,27,best_total_reward
883,CC12CCC(=O)CC1=CCC1C2CCC2(C)C(C(=O)Nc3cccc(F)c3F)CCC12,CC12CCC(=O)CC1=CCC1C2CCC2(C)C(C(=O)Nc3cccc(F)c3F)CCC12,0.07558962184883741,0.07558962184883741,0.07558962184883741,0.0,0.0,1,1,best_total_reward
884,N=C(N)c1ccc(C(=O)NCCC(=O)NC(Cc2ccccc2)C(=O)O)cc1,N=C(N)c1ccc(C(=O)NCCC(=O)NC(Cc2ccccc2)C(=O)O)cc1,0.07557462948753929,0.07557462948753929,0.07557462948753929,0.0,0.0,1,56,best_total_reward
885,OCCCN=c1[nH]nc(-c2ccccc2)o1,OCCCN=c1[nH]nc(-c2ccccc2)o1,0.07544071905205153,0.07544071905205153,0.07544071905205153,0.0,0.0,1,65,best_total_reward
886,CCCN(Cc1ccc(Cl)cc1)C(=O)c1ccc2ncsc2c1,CCCN(Cc1ccc(Cl)cc1)C(=O)c1ccc2ncsc2c1,0.07541197227247767,0.07541197227247767,0.07541197227247767,0.0,0.0,1,36,best_total_reward
887,Cc1cccc(C)c1OCC(=O)NC1CC(C)(C)NC(C)(C)C1,Cc1cccc(C)c1OCC(=O)NC1CC(C)(C)NC(C)(C)C1,0.0753662330297286,0.0753662330297286,0.0753662330297286,0.0,0.0,1,48,best_total_reward
888,OCC12C=CC(O1)c1c2c(O)n(OCCCOc2ccccc2C2CCCCC2)c1O,OCC12C=CC(O1)c1c2c(O)n(OCCCOc2ccccc2C2CCCCC2)c1O,0.0752342735607116,0.0752342735607116,0.0752342735607116,0.0,0.0,1,38,best_total_reward
889,COc1ccc2c(c1)C(C)(C)C1CCC3(C)C(C(O)CC4C(=O)CCC43C)C1(C)CC2,COc1ccc2c(c1)C(C)(C)C1CCC3(C)C(C(O)CC4C(=O)CCC43C)C1(C)CC2,0.07520133000004002,0.07520133000004002,0.07520133000004002,0.0,0.0,1,27,best_total_reward
890,O=C1c2ccccc2OC(CN2CCN(c3ccccc3)CC2)C1c1cccs1,O=C1c2ccccc2OC(CN2CCN(c3ccccc3)CC2)C1c1cccs1,0.07514972039363231,0.07514972039363231,0.07514972039363231,0.0,0.0,1,14,best_total_reward
891,CC(CCNC(=O)OCc1ccccc1)(C(O)=NO)S(C)(=O)=O,CC(CCNC(=O)OCc1ccccc1)(C(O)=NO)S(C)(=O)=O,0.07501274299147602,0.07501274299147602,0.07501274299147602,0.0,0.0,1,18,best_total_reward
892,CC(=O)c1ccc(N(C(=O)c2ccco2)C(C(=O)NCC2CCCO2)c2cccs2)cc1,CC(=O)c1ccc(N(C(=O)c2ccco2)C(C(=O)NCC2CCCO2)c2cccs2)cc1,0.07489814281642185,0.07489814281642185,0.07489814281642185,0.0,0.0,1,74,best_total_reward
893,COCCN1C(=O)CSc2sccc21,COCCN1C(=O)CSc2sccc21,0.07481642259167612,0.07481642259167612,0.07481642259167612,0.0,0.0,1,38,best_total_reward
894,O=C(Cn1ccnc1)c1ccc2c(c1)OCO2,O=C(Cn1ccnc1)c1ccc2c(c1)OCO2,0.07476900656203544,0.07476900656203544,0.07476900656203544,0.0,0.0,1,18,best_total_reward
895,C=CC=CN(C(N)=O)c1ccc(Cl)cc1,C=CC=CN(C(N)=O)c1ccc(Cl)cc1,0.07473055976531118,0.07473055976531118,0.07473055976531118,0.0,0.0,1,59,best_total_reward
896,Fc1ccccc1C1(c2nnc3c(CCN4CCCCCC4)c[nH]n23)CC1,Fc1ccccc1C1(c2nnc3c(CCN4CCCCCC4)c[nH]n23)CC1,0.07462383435556684,0.07462383435556684,0.07462383435556684,0.0,0.0,1,49,best_total_reward
897,O=S(=O)(Cc1cn(-c2ccccc2)nn1)N1CCC(Cc2ccccc2)CC1,O=S(=O)(Cc1cn(-c2ccccc2)nn1)N1CCC(Cc2ccccc2)CC1,0.07444899940415,0.07444899940415,0.07444899940415,0.0,0.0,1,12,best_total_reward
898,Cc1cc2c(c(-c3cnn(C)c3)c1)OC(CNC(=O)c1cc[nH]n1)C2,Cc1cc2c(c(-c3cnn(C)c3)c1)OC(CNC(=O)c1cc[nH]n1)C2,0.07440967899981712,0.07440967899981712,0.07440967899981712,0.0,0.0,1,28,best_total_reward
899,Cc1ccc(CNC(=O)COC(=O)c2oc3ccccc3c2C)cc1,Cc1ccc(CNC(=O)COC(=O)c2oc3ccccc3c2C)cc1,0.07425900676724871,0.07425900676724871,0.07425900676724871,0.0,0.0,1,59,best_total_reward
900,CN1c2ccccc2N(Nc2ccc(Cl)cc2)C(=O)C12CSC1=C2C(=O)c2ncccc2C1=O,CN1c2ccccc2N(Nc2ccc(Cl)cc2)C(=O)C12CSC1=C2C(=O)c2ncccc2C1=O,0.07425124443073353,0.07425124443073353,0.07425124443073353,0.0,0.0,1,14,best_total_reward
901,Cn1nnnc1SCCSc1nnc2ccccc2n1,Cn1nnnc1SCCSc1nnc2ccccc2n1,0.07419534651944336,0.07419534651944336,0.07419534651944336,0.0,0.0,1,66,best_total_reward
902,CCOC(=O)N1CCN(C(=O)c2cc3cc(S(=O)(=O)N4CCCCC4)ccc3oc2=N)CC1,CCOC(=O)N1CCN(C(=O)c2cc3cc(S(=O)(=O)N4CCCCC4)ccc3oc2=N)CC1,0.07411631133107748,0.07411631133107748,0.07411631133107748,0.0,0.0,1,54,best_total_reward
903,O=C(c1ccc(Cn2cc(Cl)cn2)o1)N1CCN(c2ccccc2F)CC1,O=C(c1ccc(Cn2cc(Cl)cn2)o1)N1CCN(c2ccccc2F)CC1,0.07409752152984157,0.07409752152984157,0.07409752152984157,0.0,0.0,1,38,best_total_reward
904,Cc1cnc(C(CC(=O)O)c2ccc(C#N)cc2)s1,Cc1cnc(C(CC(=O)O)c2ccc(C#N)cc2)s1,0.07399842382477492,0.07399842382477492,0.07399842382477492,0.0,0.0,1,16,best_total_reward
905,CC1=CC(O)C(O)C(C)O1,CC1=CC(O)C(O)C(C)O1,0.07396504049781004,0.07396504049781004,0.07396504049781004,0.0,0.0,1,67,best_total_reward
906,CC(=O)NC(C)Cc1ccc(C#Cc2c(-c3cccc(OCc4ccccc4)c3)noc2C)cc1,CC(=O)NC(C)Cc1ccc(C#Cc2c(-c3cccc(OCc4ccccc4)c3)noc2C)cc1,0.07389663633654237,0.07389663633654237,0.07389663633654237,0.0,0.0,1,42,best_total_reward
907,COc1cccc(-c2ccc(CC(NC(=O)C3CCCN3C(=O)C(NC(=O)C(CC(C)C)NC(C)=O)C(C)C)C(=O)O)cc2)c1,COc1cccc(-c2ccc(CC(NC(=O)C3CCCN3C(=O)C(NC(=O)C(CC(C)C)NC(C)=O)C(C)C)C(=O)O)cc2)c1,0.07378484205492643,0.07378484205492643,0.07378484205492643,0.0,0.0,1,60,best_total_reward
908,CN(C)CCCN(C(=O)COc1ccccc1Cl)c1nc2ccc(F)cc2s1,CN(C)CCCN(C(=O)COc1ccccc1Cl)c1nc2ccc(F)cc2s1,0.07374007952888938,0.07374007952888938,0.07374007952888938,0.0,0.0,1,59,best_total_reward
909,NS(=O)(=O)c1ccccc1-c1ccc(NC(=O)C(Cc2ccc(C(=O)O)cc2F)NC(=O)Cc2ccc(Cl)cc2)cc1,NS(=O)(=O)c1ccccc1-c1ccc(NC(=O)C(Cc2ccc(C(=O)O)cc2F)NC(=O)Cc2ccc(Cl)cc2)cc1,0.07360978140322474,0.07360978140322474,0.07360978140322474,0.0,0.0,1,60,best_total_reward
910,CCOc1ccc(Cl)cc1CNC(=O)c1ccc2ccc(N3CCN(CC)CC3)n2c1,CCOc1ccc(Cl)cc1CNC(=O)c1ccc2ccc(N3CCN(CC)CC3)n2c1,0.07360971366120225,0.07360971366120225,0.07360971366120225,0.0,0.0,1,58,best_total_reward
911,NC(=O)c1c(C(F)(F)F)c(-c2cc(C(O)CO)[nH]n2)nc2c1ccc1ccccc12,NC(=O)c1c(C(F)(F)F)c(-c2cc(C(O)CO)[nH]n2)nc2c1ccc1ccccc12,0.07343665378902109,0.07343665378902109,0.07343665378902109,0.0,0.0,1,8,best_total_reward
912,CCN1CCN(c2oc3c(c2S(=O)(=O)c2ccccc2)CCN(Cc2ccccc2)C3=O)CC1,CCN1CCN(c2oc3c(c2S(=O)(=O)c2ccccc2)CCN(Cc2ccccc2)C3=O)CC1,0.07335722691577173,0.07335722691577173,0.07335722691577173,0.0,0.0,1,52,best_total_reward
913,C=CCc1cnc2c(OC)cccc2c1-c1cccc2oc(=NC3CC3)[nH]c12,C=CCc1cnc2c(OC)cccc2c1-c1cccc2oc(=NC3CC3)[nH]c12,0.07330551318341164,0.07330551318341164,0.07330551318341164,0.0,0.0,1,17,best_total_reward
914,CCOC(=O)CCn1c(=O)oc2cc(S(=O)(=O)N3CCC4(CC3)OCCO4)ccc21,CCOC(=O)CCn1c(=O)oc2cc(S(=O)(=O)N3CCC4(CC3)OCCO4)ccc21,0.07304037715916774,0.07304037715916774,0.07304037715916774,0.0,0.0,1,46,best_total_reward
915,CCNC(=O)c1cccc(CNC(CO)c2ccc(-n3ccnc3)cc2)c1,CCNC(=O)c1cccc(CNC(CO)c2ccc(-n3ccnc3)cc2)c1,0.07289863252822278,0.07289863252822278,0.07289863252822278,0.0,0.0,1,31,best_total_reward
916,COc1ccc(C2=C3OC(C)=C(C)N3C(c3ccccc3OC)C3(Cc4ccccc4C3=O)C23C(=O)Nc2ccccc23)cc1,COc1ccc(C2=C3OC(C)=C(C)N3C(c3ccccc3OC)C3(Cc4ccccc4C3=O)C23C(=O)Nc2ccccc23)cc1,0.07283271129216774,0.07283271129216774,0.07283271129216774,0.0,0.0,1,29,best_total_reward
917,O=C1C(=O)N(CCN2CCN(NCc3ccccc3F)CC2)c2ccccc21,O=C1C(=O)N(CCN2CCN(NCc3ccccc3F)CC2)c2ccccc21,0.0727874196700873,0.0727874196700873,0.0727874196700873,0.0,0.0,1,20,best_total_reward
918,O=C1COc2ccc(CNCC3(F)CCN(C(=O)c4ccc(F)c(Cl)c4)CC3)nc2N1,O=C1COc2ccc(CNCC3(F)CCN(C(=O)c4ccc(F)c(Cl)c4)CC3)nc2N1,0.07275313173582391,0.07275313173582391,0.07275313173582391,0.0,0.0,1,68,best_total_reward
919,S=C(NCc1ccco1)N1CCN(C(c2ccccc2)c2ccc(Cl)cc2)CC1,S=C(NCc1ccco1)N1CCN(C(c2ccccc2)c2ccc(Cl)cc2)CC1,0.07218160813022062,0.07218160813022062,0.07218160813022062,0.0,0.0,1,63,best_total_reward
920,NC(=O)c1ncc(C(=O)N2CCN(S(=O)(=O)c3ccccc3)CC2)s1,NC(=O)c1ncc(C(=O)N2CCN(S(=O)(=O)c3ccccc3)CC2)s1,0.07192930103820185,0.07192930103820185,0.07192930103820185,0.0,0.0,1,70,best_total_reward
921,CCOC(=O)CCNC(=S)N1CCc2ccccc21,CCOC(=O)CCNC(=S)N1CCc2ccccc21,0.07189942892797199,0.07189942892797199,0.07189942892797199,0.0,0.0,1,50,best_total_reward
922,O=C1CSC(c2ccc3c(c2)OCO3)N1c1ccc(F)cc1,O=C1CSC(c2ccc3c(c2)OCO3)N1c1ccc(F)cc1,0.07154269992426818,0.07154269992426818,0.07154269992426818,0.0,0.0,1,5,best_total_reward
923,Cc1ccsc1C1c2c(C(C)(C)C)n[nH]c2C(=O)N1c1cccc2ccccc12,Cc1ccsc1C1c2c(C(C)(C)C)n[nH]c2C(=O)N1c1cccc2ccccc12,0.07148057200567615,0.07148057200567615,0.07148057200567615,0.0,0.0,1,41,best_total_reward
924,O=C(Nc1ccc(N2CCN(C(=O)C3CCCCC3)CC2)cc1)c1ccco1,O=C(Nc1ccc(N2CCN(C(=O)C3CCCCC3)CC2)cc1)c1ccco1,0.07129074966907815,0.07129074966907815,0.07129074966907815,0.0,0.0,1,43,best_total_reward
925,O=C1OC(=O)c2cc(S(=O)(=O)Nc3ccccc3)cc3cccc1c23,O=C1OC(=O)c2cc(S(=O)(=O)Nc3ccccc3)cc3cccc1c23,0.07128495010179205,0.07128495010179205,0.07128495010179205,0.0,0.0,1,66,best_total_reward
926,Cn1c2c(c3ccccc31)CCC1C(=O)N(C3CCN(CCC(C)(C)C)CC3)CC(=O)N21,Cn1c2c(c3ccccc31)CCC1C(=O)N(C3CCN(CCC(C)(C)C)CC3)CC(=O)N21,0.07126329469319134,0.07126329469319134,0.07126329469319134,0.0,0.0,1,69,best_total_reward
927,Cc1cnn(CC(O)COc2ccccc2-c2ccc([N+](=O)[O-])cc2)c1,Cc1cnn(CC(O)COc2ccccc2-c2ccc([N+](=O)[O-])cc2)c1,0.07117327673080007,0.07117327673080007,0.07117327673080007,0.0,0.0,1,54,best_total_reward
928,Cc1cc2ccccc2cc1S(=O)(=O)NC(=O)NCC12CC3CC(CC(C3)C1)C2,Cc1cc2ccccc2cc1S(=O)(=O)NC(=O)NCC12CC3CC(CC(C3)C1)C2,0.07104686726186324,0.07104686726186324,0.07104686726186324,0.0,0.0,1,37,best_total_reward
929,CCOC(=O)c1c(OC)c2ccc(OC3OC(COC4(C)CC5(C)CCC4OO5)C(O)C(O)C3O)cc2oc1=O,CCOC(=O)c1c(OC)c2ccc(OC3OC(COC4(C)CC5(C)CCC4OO5)C(O)C(O)C3O)cc2oc1=O,0.0709797927462817,0.0709797927462817,0.0709797927462817,0.0,0.0,1,71,best_total_reward
930,O=C(NCCN1CCCCC1)c1cc(-c2ccc(F)cc2)on1,O=C(NCCN1CCCCC1)c1cc(-c2ccc(F)cc2)on1,0.07096980093439502,0.07096980093439502,0.07096980093439502,0.0,0.0,1,74,best_total_reward
931,COc1cc(C=O)ccc1OC(=O)N(C)C,COc1cc(C=O)ccc1OC(=O)N(C)C,0.07080220922560011,0.07080220922560011,0.07080220922560011,0.0,0.0,1,43,best_total_reward
932,O=C(COC(=O)c1ccc(O)cc1)NC(=O)NC1CCCC1,O=C(COC(=O)c1ccc(O)cc1)NC(=O)NC1CCCC1,0.07074757822461337,0.07074757822461337,0.07074757822461337,0.0,0.0,1,23,best_total_reward
933,N=c1[nH]c(=O)c2ncn(C3OC(C[n+]4ccccc4)C(O)C3O)c2[nH]1,N=c1[nH]c(=O)c2ncn(C3OC(C[n+]4ccccc4)C(O)C3O)c2[nH]1,0.07051465934292593,0.07051465934292593,0.07051465934292593,0.0,0.0,1,69,best_total_reward
934,CN(C)C(=O)CCC(=O)N(CCCO)c1ccc(Cl)cc1C(O)c1ccccc1Cl,CN(C)C(=O)CCC(=O)N(CCCO)c1ccc(Cl)cc1C(O)c1ccccc1Cl,0.07040539634470185,0.07040539634470185,0.07040539634470185,0.0,0.0,1,14,best_total_reward
935,CC1CN(c2ccccc2)CC(C)N1,CC1CN(c2ccccc2)CC(C)N1,0.07032638941186341,0.07032638941186341,0.07032638941186341,0.0,0.0,1,71,best_total_reward
936,CC(=O)N=c1[nH]cc([S+]([O-])Nc2ccc(C(=O)N(C)C)cc2)s1,CC(=O)N=c1[nH]cc([S+]([O-])Nc2ccc(C(=O)N(C)C)cc2)s1,0.07008531493120118,0.07008531493120118,0.07008531493120118,0.0,0.0,1,36,best_total_reward
937,CCn1cc(C#CCN2C(=O)N(Cc3ccc4c(c3)OCOC4)OCC2Cc2ccccc2)c2cc(C(=O)N(C)C)ncc21,CCn1cc(C#CCN2C(=O)N(Cc3ccc4c(c3)OCOC4)OCC2Cc2ccccc2)c2cc(C(=O)N(C)C)ncc21,0.06989405516684395,0.06989405516684395,0.06989405516684395,0.0,0.0,1,64,best_total_reward
938,CCC(C)(C)NC(=O)c1ccccc1NC(=O)Nc1ccccc1,CCC(C)(C)NC(=O)c1ccccc1NC(=O)Nc1ccccc1,0.06988019423032657,0.06988019423032657,0.06988019423032657,0.0,0.0,1,28,best_total_reward
939,COc1ccc(C2(NCCn3ncc4ccccc43)CCCCC2)cc1,COc1ccc(C2(NCCn3ncc4ccccc43)CCCCC2)cc1,0.06980839185020722,0.06980839185020722,0.06980839185020722,0.0,0.0,1,25,best_total_reward
940,CC(=O)C1CCC2C3CCC4N(C)C(=O)CCC4(C)C3CCC12C,CC(=O)C1CCC2C3CCC4N(C)C(=O)CCC4(C)C3CCC12C,0.06965431496927656,0.06965431496927656,0.06965431496927656,0.0,0.0,1,25,best_total_reward
941,COc1ccccc1N1CCN(c2ccncc2S(C)(=O)=O)CC1,COc1ccccc1N1CCN(c2ccncc2S(C)(=O)=O)CC1,0.06921737580556724,0.06921737580556724,0.06921737580556724,0.0,0.0,1,40,best_total_reward
942,Cn1c(Oc2ccccc2)nc2c1c(=O)n(CCCCn1ccnc1)c(=O)n2C,Cn1c(Oc2ccccc2)nc2c1c(=O)n(CCCCn1ccnc1)c(=O)n2C,0.06914670002878688,0.06914670002878688,0.06914670002878688,0.0,0.0,1,56,best_total_reward
943,CC1Cc2ccccc2N1C(=O)CN1CCN(C(=O)OC(C)(C)C)CC1,CC1Cc2ccccc2N1C(=O)CN1CCN(C(=O)OC(C)(C)C)CC1,0.06908028176380332,0.06908028176380332,0.06908028176380332,0.0,0.0,1,46,best_total_reward
944,Cc1ccc(C(=O)N2CCN(C(=O)c3cn(Cc4ccccc4)nn3)CC2)cc1,Cc1ccc(C(=O)N2CCN(C(=O)c3cn(Cc4ccccc4)nn3)CC2)cc1,0.06901961748545689,0.06901961748545689,0.06901961748545689,0.0,0.0,1,19,best_total_reward
945,COc1cc2c(cc1OC)C(c1cc(OC)c(OC)c(OC)c1)C1C(=O)OCC1C2Nc1ccc(C(=O)C=Cc2ccccc2Br)cc1,COc1cc2c(cc1OC)C(c1cc(OC)c(OC)c(OC)c1)C1C(=O)OCC1C2Nc1ccc(C(=O)C=Cc2ccccc2Br)cc1,0.06898370120327806,0.06898370120327806,0.06898370120327806,0.0,0.0,1,12,best_total_reward
946,COc1ccnc(N2CCOC3(CCN(S(C)(=O)=O)CC3)C2)n1,COc1ccnc(N2CCOC3(CCN(S(C)(=O)=O)CC3)C2)n1,0.0689774731362179,0.0689774731362179,0.0689774731362179,0.0,0.0,1,47,best_total_reward
947,CC(N=c1[nH]c(N2CCN(C)CC2)cc(=NC2CC2)[nH]1)c1ccc(Cl)c(NC(=O)c2ccc(NS(C)(=O)=O)cc2)c1,CC(N=c1[nH]c(N2CCN(C)CC2)cc(=NC2CC2)[nH]1)c1ccc(Cl)c(NC(=O)c2ccc(NS(C)(=O)=O)cc2)c1,0.06848798155679771,0.06848798155679771,0.06848798155679771,0.0,0.0,1,54,best_total_reward
948,O=C(NCC(=O)N1CCN(S(=O)(=O)c2ccccc2F)CC1)c1cc2ccccc2o1,O=C(NCC(=O)N1CCN(S(=O)(=O)c2ccccc2F)CC1)c1cc2ccccc2o1,0.068191397154008,0.068191397154008,0.068191397154008,0.0,0.0,1,39,best_total_reward
949,CC(O)C(=O)N(C)c1nnc(CCCOc2ccccc2Cl)s1,CC(O)C(=O)N(C)c1nnc(CCCOc2ccccc2Cl)s1,0.068164654427689,0.068164654427689,0.068164654427689,0.0,0.0,1,16,best_total_reward
950,O=C(O)C(Cc1ccccc1)N1Cc2ccccc2C1c1cccs1,O=C(O)C(Cc1ccccc1)N1Cc2ccccc2C1c1cccs1,0.06814680758232851,0.06814680758232851,0.06814680758232851,0.0,0.0,1,70,best_total_reward
951,CN(Cc1ccccc1)C(=O)Oc1nsc2ccccc12,CN(Cc1ccccc1)C(=O)Oc1nsc2ccccc12,0.0677836445705353,0.0677836445705353,0.0677836445705353,0.0,0.0,1,15,best_total_reward
952,CCCn1c(=O)c2[nH]c(-c3cc(C(=O)Nc4ccc(OC(F)(F)F)cc4)cnc3N3CC(C)CCC3C)nc2n(CCC)c1=O,CCCn1c(=O)c2[nH]c(-c3cc(C(=O)Nc4ccc(OC(F)(F)F)cc4)cnc3N3CC(C)CCC3C)nc2n(CCC)c1=O,0.06757232333426809,0.06757232333426809,0.06757232333426809,0.0,0.0,1,18,best_total_reward
953,Cc1ccc(NS(=O)(=O)c2ccc(CCC(O)=NO)cc2)cc1,Cc1ccc(NS(=O)(=O)c2ccc(CCC(O)=NO)cc2)cc1,0.0673896645556655,0.0673896645556655,0.0673896645556655,0.0,0.0,1,4,best_total_reward
954,CCOC(=O)N1CCN(S(=O)(=O)c2ccc(OCc3cccc(F)c3)cc2)CC1,CCOC(=O)N1CCN(S(=O)(=O)c2ccc(OCc3cccc(F)c3)cc2)CC1,0.06734352787273462,0.06734352787273462,0.06734352787273462,0.0,0.0,1,64,best_total_reward
955,N=C(N)c1ccc(CNC(=O)C2CCCN2CCCn2cnc3cc(C(=O)NCC(NS(=O)(=O)c4ccccc4)C(=O)O)ccc32)cc1,N=C(N)c1ccc(CNC(=O)C2CCCN2CCCn2cnc3cc(C(=O)NCC(NS(=O)(=O)c4ccccc4)C(=O)O)ccc32)cc1,0.06711589605627967,0.06711589605627967,0.06711589605627967,0.0,0.0,1,48,best_total_reward
956,CCCCCCC1(c2ccccc2)OC(C)C(=O)NC1=O,CCCCCCC1(c2ccccc2)OC(C)C(=O)NC1=O,0.06706283259834671,0.06706283259834671,0.06706283259834671,0.0,0.0,1,71,best_total_reward
957,O=S(=O)(NC1CCN2CCC(Oc3ccccn3)C2C1)c1ccc(Cl)s1,O=S(=O)(NC1CCN2CCC(Oc3ccccn3)C2C1)c1ccc(Cl)s1,0.0670552341538129,0.0670552341538129,0.0670552341538129,0.0,0.0,1,44,best_total_reward
958,O=C(CCCn1c(=O)[nH]c2ccccc2c1=O)NCc1ccco1,O=C(CCCn1c(=O)[nH]c2ccccc2c1=O)NCc1ccco1,0.06697112545188046,0.06697112545188046,0.06697112545188046,0.0,0.0,1,48,best_total_reward
959,CCOC(=O)N1CCN(S(=O)(=O)c2ccc3[nH]c(=NC(C)=O)sc3c2)CC1,CCOC(=O)N1CCN(S(=O)(=O)c2ccc3[nH]c(=NC(C)=O)sc3c2)CC1,0.06662783754135589,0.06662783754135589,0.06662783754135589,0.0,0.0,1,44,best_total_reward
960,CCc1cc(OCc2ccc(-c3ccccc3-c3nn[nH]n3)cc2)c2c(n1)CCCC2,CCc1cc(OCc2ccc(-c3ccccc3-c3nn[nH]n3)cc2)c2c(n1)CCCC2,0.06659669913983048,0.06659669913983048,0.06659669913983048,0.0,0.0,1,29,best_total_reward
961,O=C1OCCC1Sc1nnc(-c2cccc(F)c2)n1C1CCCCC1,O=C1OCCC1Sc1nnc(-c2cccc(F)c2)n1C1CCCCC1,0.06645770311392799,0.06645770311392799,0.06645770311392799,0.0,0.0,1,72,best_total_reward
962,COc1cc2c(cc1OC)C(=O)C(C[N+]1(C)CCOCC1)C2,COc1cc2c(cc1OC)C(=O)C(C[N+]1(C)CCOCC1)C2,0.06639190519006456,0.06639190519006456,0.06639190519006456,0.0,0.0,1,34,best_total_reward
963,CCOc1cc(C=NNS(=O)(=O)c2ccccc2)ccc1O,CCOc1cc(C=NNS(=O)(=O)c2ccccc2)ccc1O,0.0663887211871405,0.0663887211871405,0.0663887211871405,0.0,0.0,1,72,best_total_reward
964,COc1cc2c(cc1OC)C(c1ccccc1)N(C(=O)CN(C)C)CC2,COc1cc2c(cc1OC)C(c1ccccc1)N(C(=O)CN(C)C)CC2,0.0663060120970534,0.0663060120970534,0.0663060120970534,0.0,0.0,1,40,best_total_reward
965,CC(C)C(NC(=O)C(CCCc1ccccc1)CC(=O)O)C(=O)NC(Cc1ccc(OCc2cc(Cl)ccc2Cl)cc1)C(=O)O,CC(C)C(NC(=O)C(CCCc1ccccc1)CC(=O)O)C(=O)NC(Cc1ccc(OCc2cc(Cl)ccc2Cl)cc1)C(=O)O,0.06622120632240205,0.06622120632240205,0.06622120632240205,0.0,0.0,1,37,best_total_reward
966,C=CCn1c(=O)n(CN(C)S(=O)(=O)c2cc(C)ccc2OC)c2ccccc21,C=CCn1c(=O)n(CN(C)S(=O)(=O)c2cc(C)ccc2OC)c2ccccc21,0.06607661167417081,0.06607661167417081,0.06607661167417081,0.0,0.0,1,50,best_total_reward
967,CC(C)(C)OC(=O)NC(Cc1ccccc1)C(=O)NC(CCCN=C(N)N)C(=O)N1CCc2ccccc2C1,CC(C)(C)OC(=O)NC(Cc1ccccc1)C(=O)NC(CCCN=C(N)N)C(=O)N1CCc2ccccc2C1,0.06605064319490586,0.06605064319490586,0.06605064319490586,0.0,0.0,1,58,best_total_reward
968,COc1ccc(NS(=O)(=O)c2cc3c4c(c2)CCN4C(=O)CC3)cc1,COc1ccc(NS(=O)(=O)c2cc3c4c(c2)CCN4C(=O)CC3)cc1,0.06598103947881148,0.06598103947881148,0.06598103947881148,0.0,0.0,1,42,best_total_reward
969,COc1cccc2c(CN3CCN(CCOC(=O)c4ccccc4F)CC3)coc12,COc1cccc2c(CN3CCN(CCOC(=O)c4ccccc4F)CC3)coc12,0.0658854722646099,0.0658854722646099,0.0658854722646099,0.0,0.0,1,30,best_total_reward
970,COc1ccccc1N(CC(=O)NCc1ccccc1)S(=O)(=O)c1ccccc1,COc1ccccc1N(CC(=O)NCc1ccccc1)S(=O)(=O)c1ccccc1,0.06573479773580546,0.06573479773580546,0.06573479773580546,0.0,0.0,1,53,best_total_reward
971,CCC(=O)Nc1ccc(Cl)c(-n2nc(C)n(C(F)F)c2=O)c1,CCC(=O)Nc1ccc(Cl)c(-n2nc(C)n(C(F)F)c2=O)c1,0.06566064596412367,0.06566064596412367,0.06566064596412367,0.0,0.0,1,20,best_total_reward
972,CCOc1ncccc1CN1CC2(CCN(CCS(=O)(=O)c3cccc(OC)c3)CC2)OC1=O,CCOc1ncccc1CN1CC2(CCN(CCS(=O)(=O)c3cccc(OC)c3)CC2)OC1=O,0.06538815621820018,0.06538815621820018,0.06538815621820018,0.0,0.0,1,35,best_total_reward
973,N#CCCCn1c(Cn2c(=O)n(-c3ccccc3F)c3ccccc32)nc2ccccc21,N#CCCCn1c(Cn2c(=O)n(-c3ccccc3F)c3ccccc32)nc2ccccc21,0.06529738442074869,0.06529738442074869,0.06529738442074869,0.0,0.0,1,42,best_total_reward
974,CCC(C)c1ccccc1Oc1ncccn1,CCC(C)c1ccccc1Oc1ncccn1,0.0652956418939306,0.0652956418939306,0.0652956418939306,0.0,0.0,1,2,best_total_reward
975,O=C(c1ccc(O)cc1O)N1CCCCc2ccccc21,O=C(c1ccc(O)cc1O)N1CCCCc2ccccc21,0.06518883261062006,0.06518883261062006,0.06518883261062006,0.0,0.0,1,53,best_total_reward
976,CCOCNC(=O)C1CCN(S(=O)(=O)c2ccc(OC)c(Cl)c2)CC1,CCOCNC(=O)C1CCN(S(=O)(=O)c2ccc(OC)c(Cl)c2)CC1,0.0650930862714237,0.0650930862714237,0.0650930862714237,0.0,0.0,1,13,best_total_reward
977,COc1ccc(N=c2[nH]cc(CN(C)Cc3ccco3)[nH]2)c(C)c1,COc1ccc(N=c2[nH]cc(CN(C)Cc3ccco3)[nH]2)c(C)c1,0.06505888920355504,0.06505888920355504,0.06505888920355504,0.0,0.0,1,63,best_total_reward
978,CC(O)CNCC1CCN(c2cc(-c3[nH]nc4cnc(-c5cnn(C)c5)cc34)ccn2)CC1,CC(O)CNCC1CCN(c2cc(-c3[nH]nc4cnc(-c5cnn(C)c5)cc34)ccn2)CC1,0.06475053265798413,0.06475053265798413,0.06475053265798413,0.0,0.0,1,6,best_total_reward
979,O=C(CN1CCOC(COc2ccccc2)C1)Nc1cc2ccccc2ccc1=O,O=C(CN1CCOC(COc2ccccc2)C1)Nc1cc2ccccc2ccc1=O,0.06470225267585454,0.06470225267585454,0.06470225267585454,0.0,0.0,1,48,best_total_reward
980,CC1CN(S(=O)(=O)c2ccccc2)CCN1CCc1ccc2c(c1)COC2=O,CC1CN(S(=O)(=O)c2ccccc2)CCN1CCc1ccc2c(c1)COC2=O,0.0646066541116502,0.0646066541116502,0.0646066541116502,0.0,0.0,1,19,best_total_reward
981,CCC(Cc1cc(OC)c(OCCCNC)c2cccnc12)C(=O)N1CCc2cc(OC)c(OC)cc2C1,CCC(Cc1cc(OC)c(OCCCNC)c2cccnc12)C(=O)N1CCc2cc(OC)c(OC)cc2C1,0.06442112603855464,0.06442112603855464,0.06442112603855464,0.0,0.0,1,42,best_total_reward
982,N#Cc1cccc(C2(O)CC3CC(c4ccc(F)cc4)C(C2)N3)c1,N#Cc1cccc(C2(O)CC3CC(c4ccc(F)cc4)C(C2)N3)c1,0.06435716239850689,0.06435716239850689,0.06435716239850689,0.0,0.0,1,19,best_total_reward
983,Cc1ccc2c(c1)C1(C(=O)N2)C(c2ccccc2)CN(C)C12C(=O)Nc1ccccc12,Cc1ccc2c(c1)C1(C(=O)N2)C(c2ccccc2)CN(C)C12C(=O)Nc1ccccc12,0.06425087249623591,0.06425087249623591,0.06425087249623591,0.0,0.0,1,42,best_total_reward
984,OCc1ccccc1C#Cc1cn(C2CC(O)C(O)C(CO)O2)nn1,OCc1ccccc1C#Cc1cn(C2CC(O)C(O)C(CO)O2)nn1,0.06424235362941987,0.06424235362941987,0.06424235362941987,0.0,0.0,1,73,best_total_reward
985,O=C(NCc1ccc(F)cc1)c1[nH]c(-c2ccncc2)nc(=O)c1O,O=C(NCc1ccc(F)cc1)c1[nH]c(-c2ccncc2)nc(=O)c1O,0.06409463784748372,0.06409463784748372,0.06409463784748372,0.0,0.0,1,8,best_total_reward
986,CC(=O)c1c[nH]c2cc(F)c(-c3ccc(F)c(F)c3)cc2c1=NC1CCNCC1,CC(=O)c1c[nH]c2cc(F)c(-c3ccc(F)c(F)c3)cc2c1=NC1CCNCC1,0.06387333418631932,0.06387333418631932,0.06387333418631932,0.0,0.0,1,36,best_total_reward
987,O=C(CN(c1ccc(F)cc1)S(=O)(=O)c1ccc(Cl)cc1)NCCSc1ccccc1,O=C(CN(c1ccc(F)cc1)S(=O)(=O)c1ccc(Cl)cc1)NCCSc1ccccc1,0.06378953231664033,0.06378953231664033,0.06378953231664033,0.0,0.0,1,19,best_total_reward
988,Cc1c(C(=O)N2CCCCC2)nc(-c2ccccc2)n1-c1ccc(F)cc1,Cc1c(C(=O)N2CCCCC2)nc(-c2ccccc2)n1-c1ccc(F)cc1,0.06360271218717119,0.06360271218717119,0.06360271218717119,0.0,0.0,1,67,best_total_reward
989,CCCN1CCCC2Cc3ccc(O)c4c3C3(CCC(=O)CCC(=O)C3O4)C21,CCCN1CCCC2Cc3ccc(O)c4c3C3(CCC(=O)CCC(=O)C3O4)C21,0.06312356099877603,0.06312356099877603,0.06312356099877603,0.0,0.0,1,74,best_total_reward
990,COc1ccc(CNC(=NO)c2cccnc2OCc2cscn2)cc1,COc1ccc(CNC(=NO)c2cccnc2OCc2cscn2)cc1,0.0629430704828391,0.0629430704828391,0.0629430704828391,0.0,0.0,1,64,best_total_reward
991,COc1ccc(Cc2c[nH]c(=O)[nH]c2=O)cc1,COc1ccc(Cc2c[nH]c(=O)[nH]c2=O)cc1,0.06287002164813636,0.06287002164813636,0.06287002164813636,0.0,0.0,1,48,best_total_reward
992,CCOc1ccc(Cc2cc(C3CCN(CC4CN(C(C(=O)O)C5CCCCC5)CC4c4ccc(Cl)cc4)CC3)n(CC)n2)cc1,CCOc1ccc(Cc2cc(C3CCN(CC4CN(C(C(=O)O)C5CCCCC5)CC4c4ccc(Cl)cc4)CC3)n(CC)n2)cc1,0.06285407199849312,0.06285407199849312,0.06285407199849312,0.0,0.0,1,22,best_total_reward
993,Cc1cccc(C(=O)NCC2CN(c3ncccn3)CCO2)n1,Cc1cccc(C(=O)NCC2CN(c3ncccn3)CCO2)n1,0.06270204665246838,0.06270204665246838,0.06270204665246838,0.0,0.0,1,57,best_total_reward
994,CC(NC(=O)COC(=O)Cc1n[nH]c(=O)c2ccccc12)c1ccccc1,CC(NC(=O)COC(=O)Cc1n[nH]c(=O)c2ccccc12)c1ccccc1,0.06258109098677232,0.06258109098677232,0.06258109098677232,0.0,0.0,1,32,best_total_reward
995,CCc1cc2ccc(OC3CC(C)(C)C(O)C(OC)C3O)cc2oc1=O,CCc1cc2ccc(OC3CC(C)(C)C(O)C(OC)C3O)cc2oc1=O,0.06255390624894455,0.06255390624894455,0.06255390624894455,0.0,0.0,1,72,best_total_reward
996,CNC(=O)c1ccc(C)c(-c2c(NC(=O)c3ccccc3)c(C(=O)NC)n3ccccc23)c1,CNC(=O)c1ccc(C)c(-c2c(NC(=O)c3ccccc3)c(C(=O)NC)n3ccccc23)c1,0.06235257989996482,0.06235257989996482,0.06235257989996482,0.0,0.0,1,48,best_total_reward
997,COc1ccccc1C1CN(C)C2(CC(=O)Nc3ccccc32)C12C(=O)c1ccccc1C2=O,COc1ccccc1C1CN(C)C2(CC(=O)Nc3ccccc32)C12C(=O)c1ccccc1C2=O,0.062266830667049966,0.062266830667049966,0.062266830667049966,0.0,0.0,1,13,best_total_reward
998,Fc1ccc(NC(=S)N(Cc2ccc3c(c2)OCO3)C2CCCCCC2)cc1,Fc1ccc(NC(=S)N(Cc2ccc3c(c2)OCO3)C2CCCCCC2)cc1,0.06222301654152156,0.06222301654152156,0.06222301654152156,0.0,0.0,1,6,best_total_reward
999,OCC1OC(c2ccc(Cl)c(Cc3ccc(-c4cccs4)cc3)c2)C(O)C(O)C1O,OCC1OC(c2ccc(Cl)c(Cc3ccc(-c4cccs4)cc3)c2)C(O)C(O)C1O,0.06128102864443525,0.06128102864443525,0.06128102864443525,0.0,0.0,1,21,best_total_reward
1000,CC(C)(C)c1ccc(-c2ccc(C34CC5CC(CC(C5)C3)C4)n2CC(=O)NCCC(=N)N)cc1,CC(C)(C)c1ccc(-c2ccc(C34CC5CC(CC(C5)C3)C4)n2CC(=O)NCCC(=N)N)cc1,0.061047483449821305,0.061047483449821305,0.061047483449821305,0.0,0.0,1,44,best_total_reward
1001,CC(=O)c1cn(C2CCNCC2)nn1,CC(=O)c1cn(C2CCNCC2)nn1,0.06095721155989667,0.06095721155989667,0.06095721155989667,0.0,0.0,1,48,best_total_reward
1002,O=C(NCCO)c1cc(O)n(Cc2cc(F)cc(F)c2)c1,O=C(NCCO)c1cc(O)n(Cc2cc(F)cc(F)c2)c1,0.06079648875801625,0.06079648875801625,0.06079648875801625,0.0,0.0,1,22,best_total_reward
1003,COC(=O)C(Cc1ccccc1)NC(=O)OC1CCOC1=O,COC(=O)C(Cc1ccccc1)NC(=O)OC1CCOC1=O,0.06077159167911831,0.06077159167911831,0.06077159167911831,0.0,0.0,1,75,best_total_reward
1004,CN(C)c1ccc(CNS(=O)(=O)c2ccc3c(c2)NC(=O)CC(=O)N3)cc1,CN(C)c1ccc(CNS(=O)(=O)c2ccc3c(c2)NC(=O)CC(=O)N3)cc1,0.06075908662306952,0.06075908662306952,0.06075908662306952,0.0,0.0,1,15,best_total_reward
1005,COC(=O)OC12CCC3C4=CCC(=O)CC4CCC3(C)C(CC1)C2(C)C(=O)O,COC(=O)OC12CCC3C4=CCC(=O)CC4CCC3(C)C(CC1)C2(C)C(=O)O,0.0606984166374254,0.0606984166374254,0.0606984166374254,0.0,0.0,1,53,best_total_reward
1006,CCS(=O)(=O)c1ccc(-c2c(O)ccc3cc(-c4ccc(NS(C)(=O)=O)cc4)cnc23)cc1,CCS(=O)(=O)c1ccc(-c2c(O)ccc3cc(-c4ccc(NS(C)(=O)=O)cc4)cnc23)cc1,0.06066468928612072,0.06066468928612072,0.06066468928612072,0.0,0.0,1,10,best_total_reward
1007,O=C(NC1c2ccccc2OCC1NC1CCC1)c1cccnc1N1CCCC1,O=C(NC1c2ccccc2OCC1NC1CCC1)c1cccnc1N1CCCC1,0.060559943163654345,0.060559943163654345,0.060559943163654345,0.0,0.0,1,25,best_total_reward
1008,CNC(C)C(=O)NC(C(=O)N1CCCC1C(=O)NC(Cc1c[nH]c2ccccc12)C(=O)NC12CC3CC(CC(C3)C1)C2)C1CCCCC1,CNC(C)C(=O)NC(C(=O)N1CCCC1C(=O)NC(Cc1c[nH]c2ccccc12)C(=O)NC12CC3CC(CC(C3)C1)C2)C1CCCCC1,0.06038342226009324,0.06038342226009324,0.06038342226009324,0.0,0.0,1,52,best_total_reward
1009,CC(O)(CSc1cccs1)C(=O)Nc1ccc2c(c1)CCC2,CC(O)(CSc1cccs1)C(=O)Nc1ccc2c(c1)CCC2,0.060249615807501954,0.060249615807501954,0.060249615807501954,0.0,0.0,1,55,best_total_reward
1010,Cc1ccccc1N1CCN(Cc2ccc(-c3ccccc3)cc2)C(=O)C1=O,Cc1ccccc1N1CCN(Cc2ccc(-c3ccccc3)cc2)C(=O)C1=O,0.060034199687100775,0.060034199687100775,0.060034199687100775,0.0,0.0,1,15,best_total_reward
1011,CCCCCCCCC#CCCCC(O)C(COC1OC(CO)C(O)C(O)C1O)NC(=O)C(CC(C)C)NC(C)=O,CCCCCCCCC#CCCCC(O)C(COC1OC(CO)C(O)C(O)C1O)NC(=O)C(CC(C)C)NC(C)=O,0.059822755927262515,0.059822755927262515,0.059822755927262515,0.0,0.0,1,69,best_total_reward
1012,CCOCCn1c(=O)c2ccccc2n2c(CCCC(=O)NCCc3ccccc3)nnc12,CCOCCn1c(=O)c2ccccc2n2c(CCCC(=O)NCCc3ccccc3)nnc12,0.059803207144129594,0.059803207144129594,0.059803207144129594,0.0,0.0,1,47,best_total_reward
1013,CC(=O)NC(C)C(=O)NC(CCCCNC(C)=S)C(=O)NC(CC(C)C)C(=O)NC(C=O)C(N)=O,CC(=O)NC(C)C(=O)NC(CCCCNC(C)=S)C(=O)NC(CC(C)C)C(=O)NC(C=O)C(N)=O,0.059786668562479446,0.059786668562479446,0.059786668562479446,0.0,0.0,1,38,best_total_reward
1014,CCCCOC(=O)C(N)=Cc1cccc[n+]1COC(=O)C1CSC2C(C(C)O)C(=O)N12,CCCCOC(=O)C(N)=Cc1cccc[n+]1COC(=O)C1CSC2C(C(C)O)C(=O)N12,0.05968192216784418,0.05968192216784418,0.05968192216784418,0.0,0.0,1,55,best_total_reward
1015,CCC(Nc1c(C)cccc1Cl)C(C)(O)C(Cc1c(Cl)cccc1Cl)OC,CCC(Nc1c(C)cccc1Cl)C(C)(O)C(Cc1c(Cl)cccc1Cl)OC,0.0596008516639544,0.0596008516639544,0.0596008516639544,0.0,0.0,1,14,best_total_reward
1016,CCC1(CC(=O)O)OCCc2c1[nH]c1c(F)ccc(Cl)c21,CCC1(CC(=O)O)OCCc2c1[nH]c1c(F)ccc(Cl)c21,0.05935327345198056,0.05935327345198056,0.05935327345198056,0.0,0.0,1,19,best_total_reward
1017,CC1CC(c2ccccc2)C(C)C12COCO2,CC1CC(c2ccccc2)C(C)C12COCO2,0.05929978907229283,0.05929978907229283,0.05929978907229283,0.0,0.0,1,23,best_total_reward
1018,CC1(C(=O)N2CCOCC2)COC(c2nc(-c3ccc(F)cc3)c(-c3ccncc3)[nH]2)OC1,CC1(C(=O)N2CCOCC2)COC(c2nc(-c3ccc(F)cc3)c(-c3ccncc3)[nH]2)OC1,0.059274677419375414,0.059274677419375414,0.059274677419375414,0.0,0.0,1,8,best_total_reward
1019,CC1CN(c2[nH]cnc(=N)c2-c2ccc(F)cc2F)CCC1(C)N,CC1CN(c2[nH]cnc(=N)c2-c2ccc(F)cc2F)CCC1(C)N,0.05919191460565904,0.05919191460565904,0.05919191460565904,0.0,0.0,1,14,best_total_reward
1020,O=S(=O)(c1ccccc1)N(CCCCc1ccccc1)c1ccccn1,O=S(=O)(c1ccccc1)N(CCCCc1ccccc1)c1ccccn1,0.0590571956983671,0.0590571956983671,0.0590571956983671,0.0,0.0,1,62,best_total_reward
1021,N#Cc1ccc(Nc2cc(=NC3CC3)n3ncc(=Cc4[nH]c(=O)[nH]c4O)c3n2)cc1,N#Cc1ccc(Nc2cc(=NC3CC3)n3ncc(=Cc4[nH]c(=O)[nH]c4O)c3n2)cc1,0.05900958706168617,0.05900958706168617,0.05900958706168617,0.0,0.0,1,18,best_total_reward
1022,CCN(CC)C1CCC2(CC1)C[S+]([O-])c1ccccc12,CCN(CC)C1CCC2(CC1)C[S+]([O-])c1ccccc12,0.058447373723965586,0.058447373723965586,0.058447373723965586,0.0,0.0,1,2,best_total_reward
1023,O=C(O)c1cccc(OCCCNc2ccccc2[N+](=O)[O-])c1,O=C(O)c1cccc(OCCCNc2ccccc2[N+](=O)[O-])c1,0.05844730374811603,0.05844730374811603,0.05844730374811603,0.0,0.0,1,43,best_total_reward
1024,CN(c1ccccc1C(=O)N=c1cc(C(=O)NN)[nH]n1-c1ccccc1)S(C)(=O)=O,CN(c1ccccc1C(=O)N=c1cc(C(=O)NN)[nH]n1-c1ccccc1)S(C)(=O)=O,0.05843447216182274,0.05843447216182274,0.05843447216182274,0.0,0.0,1,61,best_total_reward
1025,Cc1cc(-c2ccc3c(c2)OCCN(Cc2ccccn2)C3=O)on1,Cc1cc(-c2ccc3c(c2)OCCN(Cc2ccccn2)C3=O)on1,0.05828136317607533,0.05828136317607533,0.05828136317607533,0.0,0.0,1,46,best_total_reward
1026,O=C(CCCN1CCC2(CCc3ccccc32)CC1)c1ccc(F)cc1,O=C(CCCN1CCC2(CCc3ccccc32)CC1)c1ccc(F)cc1,0.05823318027014487,0.05823318027014487,0.05823318027014487,0.0,0.0,1,24,best_total_reward
1027,O=C(N=c1c(Cl)c[nH]cc1Cl)c1ccc(Cl)c(N=c2[nH]cnc3cnc(N4CCN(CC5CC5)CC4)nc23)c1,O=C(N=c1c(Cl)c[nH]cc1Cl)c1ccc(Cl)c(N=c2[nH]cnc3cnc(N4CCN(CC5CC5)CC4)nc23)c1,0.05817203402111014,0.05817203402111014,0.05817203402111014,0.0,0.0,1,17,best_total_reward
1028,CCCN(CC1COc2ccccc2O1)S(=O)(=O)c1ccc(S(=O)(=O)NC2CC2)cc1,CCCN(CC1COc2ccccc2O1)S(=O)(=O)c1ccc(S(=O)(=O)NC2CC2)cc1,0.058152276889948284,0.058152276889948284,0.058152276889948284,0.0,0.0,1,15,best_total_reward
1029,CC(C)(C)Cc1ccc(C#N)cc1F,CC(C)(C)Cc1ccc(C#N)cc1F,0.05767250518542014,0.05767250518542014,0.05767250518542014,0.0,0.0,1,64,best_total_reward
1030,Cc1ccc(SCC(=O)OCC(=O)N2CCOCC2)cc1,Cc1ccc(SCC(=O)OCC(=O)N2CCOCC2)cc1,0.05764721903888061,0.05764721903888061,0.05764721903888061,0.0,0.0,1,69,best_total_reward
1031,CCCCN1CCC(c2ccccc2)C(NC(=O)CC)C1,CCCCN1CCC(c2ccccc2)C(NC(=O)CC)C1,0.05761407124074261,0.05761407124074261,0.05761407124074261,0.0,0.0,1,18,best_total_reward
1032,Cc1ccc(-c2nnn(CC(=O)N(CCc3ccccc3)C(CO)C(C)C)n2)o1,Cc1ccc(-c2nnn(CC(=O)N(CCc3ccccc3)C(CO)C(C)C)n2)o1,0.05753241871967428,0.05753241871967428,0.05753241871967428,0.0,0.0,1,36,best_total_reward
1033,CC(C)C1(C(=O)N=c2cc3[nH][nH]c(=N)c3c[nH]2)CC(=O)N(c2cncnc2)C1,CC(C)C1(C(=O)N=c2cc3[nH][nH]c(=N)c3c[nH]2)CC(=O)N(c2cncnc2)C1,0.05735233690747565,0.05735233690747565,0.05735233690747565,0.0,0.0,1,21,best_total_reward
1034,CC1(C)CN(Cc2csc(Cl)n2)C(=O)C1Oc1ccc(F)cn1,CC1(C)CN(Cc2csc(Cl)n2)C(=O)C1Oc1ccc(F)cn1,0.05712465889379541,0.05712465889379541,0.05712465889379541,0.0,0.0,1,72,best_total_reward
1035,O=C(CN1CCOCC1)NCc1ccco1,O=C(CN1CCOCC1)NCc1ccco1,0.05693927551780278,0.05693927551780278,0.05693927551780278,0.0,0.0,1,3,best_total_reward
1036,O=C(NC1CC1c1ccccc1)C(c1ccccc1)N1CCN(CCc2ccccc2)CC1,O=C(NC1CC1c1ccccc1)C(c1ccccc1)N1CCN(CCc2ccccc2)CC1,0.056648881602656256,0.056648881602656256,0.056648881602656256,0.0,0.0,1,5,best_total_reward
1037,COCC1CC2(C(=O)OC)CC13c1cc(N)ccc1CC1C2CC3N1C,COCC1CC2(C(=O)OC)CC13c1cc(N)ccc1CC1C2CC3N1C,0.05664403117858426,0.05664403117858426,0.05664403117858426,0.0,0.0,1,39,best_total_reward
1038,COc1cc(C(=O)N2CCCC2)c(F)cc1N=c1nc(OC)c(C2CC2)c[nH]1,COc1cc(C(=O)N2CCCC2)c(F)cc1N=c1nc(OC)c(C2CC2)c[nH]1,0.05662187134826162,0.05662187134826162,0.05662187134826162,0.0,0.0,1,55,best_total_reward
1039,Clc1ccc(-c2ccccc2)c(-n2ccnc2C(Cc2c[nH]c3ccccc23)NCC2CC2)c1,Clc1ccc(-c2ccccc2)c(-n2ccnc2C(Cc2c[nH]c3ccccc23)NCC2CC2)c1,0.056259012927480014,0.056259012927480014,0.056259012927480014,0.0,0.0,1,14,best_total_reward
1040,COc1ccc(CN(C)CC(=O)NCc2cc(C)c(OC)c(C)c2)cc1,COc1ccc(CN(C)CC(=O)NCc2cc(C)c(OC)c(C)c2)cc1,0.05611421606018576,0.05611421606018576,0.05611421606018576,0.0,0.0,1,66,best_total_reward
1041,Cc1cc(C)c(-c2[nH]c(C3(C)COC3)nc2C)cc1C(=O)N1CCC(c2ccc(C#N)cc2)CC1,Cc1cc(C)c(-c2[nH]c(C3(C)COC3)nc2C)cc1C(=O)N1CCC(c2ccc(C#N)cc2)CC1,0.05606518772760509,0.05606518772760509,0.05606518772760509,0.0,0.0,1,66,best_total_reward
1042,Cn1c(=O)ccn(Cc2ccc(Cn3cncn3)cc2)c1=O,Cn1c(=O)ccn(Cc2ccc(Cn3cncn3)cc2)c1=O,0.05601492427634451,0.05601492427634451,0.05601492427634451,0.0,0.0,1,35,best_total_reward
1043,CC(C)C(C)(C#N)NC(=O)CSc1[nH]c(=O)nc2c1CCCC2,CC(C)C(C)(C#N)NC(=O)CSc1[nH]c(=O)nc2c1CCCC2,0.055494434734609,0.055494434734609,0.055494434734609,0.0,0.0,1,21,best_total_reward
1044,c1cnc2ccc(C3(c4nnc5n4CCCCCC5)CC3)cc2c1,c1cnc2ccc(C3(c4nnc5n4CCCCCC5)CC3)cc2c1,0.0554669984491013,0.0554669984491013,0.0554669984491013,0.0,0.0,1,13,best_total_reward
1045,C=C(C)C1CCC(C)(O)c2cc(C(C)(C)C(=O)OCC)oc21,C=C(C)C1CCC(C)(O)c2cc(C(C)(C)C(=O)OCC)oc21,0.05543182743736216,0.05543182743736216,0.05543182743736216,0.0,0.0,1,67,best_total_reward
1046,CCOC(=O)C1CCN(C(CNS(=O)(=O)c2ccc(OC)c(Cl)c2)c2ccco2)CC1,CCOC(=O)C1CCN(C(CNS(=O)(=O)c2ccc(OC)c(Cl)c2)c2ccco2)CC1,0.05532198462575228,0.05532198462575228,0.05532198462575228,0.0,0.0,1,21,best_total_reward
1047,CC1CN(C(=O)C23CCCC2OCC3)Cc2cc(C#N)cnc2N1,CC1CN(C(=O)C23CCCC2OCC3)Cc2cc(C#N)cnc2N1,0.05527416767720346,0.05527416767720346,0.05527416767720346,0.0,0.0,1,32,best_total_reward
1048,COc1ccc(OCC(=O)NNC(=O)c2ccccc2-n2ccnc2)cc1,COc1ccc(OCC(=O)NNC(=O)c2ccccc2-n2ccnc2)cc1,0.05518342473175193,0.05518342473175193,0.05518342473175193,0.0,0.0,1,52,best_total_reward
1049,Cc1ccccc1N1C(=O)Nc2c(n(C)c(=O)n(C)c2=O)C1c1cccs1,Cc1ccccc1N1C(=O)Nc2c(n(C)c(=O)n(C)c2=O)C1c1cccs1,0.05514084841831194,0.05514084841831194,0.05514084841831194,0.0,0.0,1,39,best_total_reward
1050,CCCCC(=O)NC1CCN(CC(C)=Cc2ccccc2)CC1,CCCCC(=O)NC1CCN(CC(C)=Cc2ccccc2)CC1,0.05510034392280283,0.05510034392280283,0.05510034392280283,0.0,0.0,1,66,best_total_reward
1051,CC(O)Cc1nc(=O)c2c(CN(C)CCc3ccc4ccccc4c3)c[nH]c2[nH]1,CC(O)Cc1nc(=O)c2c(CN(C)CCc3ccc4ccccc4c3)c[nH]c2[nH]1,0.05505389084658909,0.05505389084658909,0.05505389084658909,0.0,0.0,1,29,best_total_reward
1052,O=C(c1cccs1)N1CCN(c2cccc(Cl)c2)CC1,O=C(c1cccs1)N1CCN(c2cccc(Cl)c2)CC1,0.05497965914737259,0.05497965914737259,0.05497965914737259,0.0,0.0,1,52,best_total_reward
1053,Cc1ccccc1-c1cc(CNCc2ccccc2)ccc1C(=O)NC(CO)CO,Cc1ccccc1-c1cc(CNCc2ccccc2)ccc1C(=O)NC(CO)CO,0.05495982498573735,0.05495982498573735,0.05495982498573735,0.0,0.0,1,37,best_total_reward
1054,Cc1ccccc1OCCCC(=O)OC(C)C,Cc1ccccc1OCCCC(=O)OC(C)C,0.05492207335742157,0.05492207335742157,0.05492207335742157,0.0,0.0,1,49,best_total_reward
1055,CC(=O)N1CCC(c2nccnc2OC2CCCC(N=c3[nH]c4ccccc4s3)C2)CC1,CC(=O)N1CCC(c2nccnc2OC2CCCC(N=c3[nH]c4ccccc4s3)C2)CC1,0.05468856715003832,0.05468856715003832,0.05468856715003832,0.0,0.0,1,62,best_total_reward
1056,COc1c(C2CC2)cc(N=c2nc(Oc3ccc4c(-c5cccs5)ncnc4c3)cc[nH]2)cc1N1CCOCC1,COc1c(C2CC2)cc(N=c2nc(Oc3ccc4c(-c5cccs5)ncnc4c3)cc[nH]2)cc1N1CCOCC1,0.054613381875727715,0.054613381875727715,0.054613381875727715,0.0,0.0,1,33,best_total_reward
1057,CCN(CC)C(=O)c1ccc2[nH]c(O)c(C3=Nc4ccccc4C3=O)c2c1,CCN(CC)C(=O)c1ccc2[nH]c(O)c(C3=Nc4ccccc4C3=O)c2c1,0.05442110552433916,0.05442110552433916,0.05442110552433916,0.0,0.0,1,7,best_total_reward
1058,C=CCc1ccccc1OCC(=O)N1CCCc2ccccc21,C=CCc1ccccc1OCC(=O)N1CCCc2ccccc21,0.05439264156360623,0.05439264156360623,0.05439264156360623,0.0,0.0,1,46,best_total_reward
1059,O=C(NCCSCc1ccccc1F)c1ccccc1Cl,O=C(NCCSCc1ccccc1F)c1ccccc1Cl,0.05437209219090482,0.05437209219090482,0.05437209219090482,0.0,0.0,1,36,best_total_reward
1060,COC(=O)NC(CC(=O)O)Cc1ccccc1,COC(=O)NC(CC(=O)O)Cc1ccccc1,0.05420976090148704,0.05420976090148704,0.05420976090148704,0.0,0.0,1,59,best_total_reward
1061,Cc1c(Cl)cccc1NC(=O)CCCn1cnc2ccccc2c1=O,Cc1c(Cl)cccc1NC(=O)CCCn1cnc2ccccc2c1=O,0.05419941525696591,0.05419941525696591,0.05419941525696591,0.0,0.0,1,44,best_total_reward
1062,O=C(C1CCN(C2CCN(C(c3ccccc3F)c3ccccc3Cl)CC2)CC1)N1CCCC1,O=C(C1CCN(C2CCN(C(c3ccccc3F)c3ccccc3Cl)CC2)CC1)N1CCCC1,0.05415884106706414,0.05415884106706414,0.05415884106706414,0.0,0.0,1,40,best_total_reward
1063,OCCCCCCOc1cc(F)ccc1-c1ccncc1C=CC(O)=NO,OCCCCCCOc1cc(F)ccc1-c1ccncc1C=CC(O)=NO,0.054124158054919484,0.054124158054919484,0.054124158054919484,0.0,0.0,1,24,best_total_reward
1064,Cc1noc(C)c1CS(=O)(=O)N1CCOCC1,Cc1noc(C)c1CS(=O)(=O)N1CCOCC1,0.053963017184235844,0.053963017184235844,0.053963017184235844,0.0,0.0,1,68,best_total_reward
1065,CCc1cccc(C)c1NC(=O)c1cc2c(s1)-c1c(C)cccc1OC2,CCc1cccc(C)c1NC(=O)c1cc2c(s1)-c1c(C)cccc1OC2,0.05385291782966943,0.05385291782966943,0.05385291782966943,0.0,0.0,1,12,best_total_reward
1066,c1ccc2c(CCNC3=NCCN3CCN3CCOCC3)c[nH]c2c1,c1ccc2c(CCNC3=NCCN3CCN3CCOCC3)c[nH]c2c1,0.05381652211509879,0.05381652211509879,0.05381652211509879,0.0,0.0,1,60,best_total_reward
1067,CC(C)(C)C#Cc1cncc(-c2ccc3c(c2)S(=O)(=O)CCNC3=O)c1,CC(C)(C)C#Cc1cncc(-c2ccc3c(c2)S(=O)(=O)CCNC3=O)c1,0.0537635096292251,0.0537635096292251,0.0537635096292251,0.0,0.0,1,75,best_total_reward
1068,CCNC(=O)N=c1ccc(NC(=O)C2CCN(C(=O)CC)CC2)c[nH]1,CCNC(=O)N=c1ccc(NC(=O)C2CCN(C(=O)CC)CC2)c[nH]1,0.053687361696977395,0.053687361696977395,0.053687361696977395,0.0,0.0,1,33,best_total_reward
1069,CNc1cccc(Cl)c1C(=O)NCC(NC(C)=O)c1c(F)cccc1F,CNc1cccc(Cl)c1C(=O)NCC(NC(C)=O)c1c(F)cccc1F,0.053570261114836176,0.053570261114836176,0.053570261114836176,0.0,0.0,1,16,best_total_reward
1070,Cc1cc2c(cc1S(=O)(=O)Nc1ccc(C)c(S(=O)(=O)N3CCOCC3)c1)n(C)c(=O)c(=O)n2C,Cc1cc2c(cc1S(=O)(=O)Nc1ccc(C)c(S(=O)(=O)N3CCOCC3)c1)n(C)c(=O)c(=O)n2C,0.05353150731977349,0.05353150731977349,0.05353150731977349,0.0,0.0,1,24,best_total_reward
1071,CCSc1ncc(Cl)c(C(=O)NC2CCS(=O)(=O)C2)n1,CCSc1ncc(Cl)c(C(=O)NC2CCS(=O)(=O)C2)n1,0.053424531926570165,0.053424531926570165,0.053424531926570165,0.0,0.0,1,74,best_total_reward
1072,COc1cc(NC(C)CCCN(CCNC(C)(C)C)C(=O)C23CC4CC(CC(C4)C2)C3)c2ncccc2c1,COc1cc(NC(C)CCCN(CCNC(C)(C)C)C(=O)C23CC4CC(CC(C4)C2)C3)c2ncccc2c1,0.05329642921671539,0.05329642921671539,0.05329642921671539,0.0,0.0,1,26,best_total_reward
1073,O=C(Cc1c(Br)[nH]c2cccc(-c3ccccc3Cl)c2c1=O)NC(CC(O)O)C(=O)O,O=C(Cc1c(Br)[nH]c2cccc(-c3ccccc3Cl)c2c1=O)NC(CC(O)O)C(=O)O,0.053291364468908184,0.053291364468908184,0.053291364468908184,0.0,0.0,1,34,best_total_reward
1074,O=C(CCCCCCC(O)=NO)Nc1ccc(Cl)cc1C(F)(F)F,O=C(CCCCCCC(O)=NO)Nc1ccc(Cl)cc1C(F)(F)F,0.05322471104230005,0.05322471104230005,0.05322471104230005,0.0,0.0,1,48,best_total_reward
1075,O=S1(=O)CCN(Cc2nc(CN3CCOCC3)no2)CC1,O=S1(=O)CCN(Cc2nc(CN3CCOCC3)no2)CC1,0.05311864660172597,0.05311864660172597,0.05311864660172597,0.0,0.0,1,45,best_total_reward
1076,O=C(CC1CCC(CC2CCN3CC2CC3Cc2ccccc2)O1)Nc1ccc(F)cc1F,O=C(CC1CCC(CC2CCN3CC2CC3Cc2ccccc2)O1)Nc1ccc(F)cc1F,0.05303472600074111,0.05303472600074111,0.05303472600074111,0.0,0.0,1,41,best_total_reward
1077,CC(=O)NCCNC(=O)c1cn(C(C(=O)N2CCN(C(=O)OC(C)(C)C)CC2)C(C)C)nn1,CC(=O)NCCNC(=O)c1cn(C(C(=O)N2CCN(C(=O)OC(C)(C)C)CC2)C(C)C)nn1,0.052762306723666434,0.052762306723666434,0.052762306723666434,0.0,0.0,1,35,best_total_reward
1078,Cc1ccc(-c2cc(C(F)(F)F)nn2-c2ccc(S(N)(=O)=O)cc2)cc1,Cc1ccc(-c2cc(C(F)(F)F)nn2-c2ccc(S(N)(=O)=O)cc2)cc1,0.05264998932947291,0.05264998932947291,0.05264998932947291,0.0,0.0,1,46,best_total_reward
1079,CCCCCNC(=O)c1c(O)cc(OC)c(CC)c1OC,CCCCCNC(=O)c1c(O)cc(OC)c(CC)c1OC,0.05239290583331993,0.05239290583331993,0.05239290583331993,0.0,0.0,1,49,best_total_reward
1080,COC(CO)c1coc(=O)c(Br)c1,COC(CO)c1coc(=O)c(Br)c1,0.05235503944686575,0.05235503944686575,0.05235503944686575,0.0,0.0,1,37,best_total_reward
1081,COc1cccc(N=c2nc3c(c[nH]2)ncc(=O)n3-c2ccc3c(c2)OCO3)c1,COc1cccc(N=c2nc3c(c[nH]2)ncc(=O)n3-c2ccc3c(c2)OCO3)c1,0.052281203421020155,0.052281203421020155,0.052281203421020155,0.0,0.0,1,8,best_total_reward
1082,Nc1ccccc1S(=O)(=O)Nc1ccccc1-c1ccc2nc[nH]c(=Nc3ccc(OCc4ccccc4F)c(Cl)c3)c2c1,Nc1ccccc1S(=O)(=O)Nc1ccccc1-c1ccc2nc[nH]c(=Nc3ccc(OCc4ccccc4F)c(Cl)c3)c2c1,0.052278175865039696,0.052278175865039696,0.052278175865039696,0.0,0.0,1,13,best_total_reward
1083,NC(=S)NN=C1C2CCCC1C(c1ccccc1F)NC2c1cccc(Cl)c1,NC(=S)NN=C1C2CCCC1C(c1ccccc1F)NC2c1cccc(Cl)c1,0.052216247678553,0.052216247678553,0.052216247678553,0.0,0.0,1,6,best_total_reward
1084,CC1CN(C(C)CO)C(=O)c2cc(NS(=O)(=O)c3ccccc3)ccc2OC1CN(C)C(=O)Nc1ccc(C(F)(F)F)cc1,CC1CN(C(C)CO)C(=O)c2cc(NS(=O)(=O)c3ccccc3)ccc2OC1CN(C)C(=O)Nc1ccc(C(F)(F)F)cc1,0.05217069572976053,0.05217069572976053,0.05217069572976053,0.0,0.0,1,7,best_total_reward
1085,CC(C)(C)OC(=O)NC(Cc1ccccc1)C(=O)OCCSc1nncs1,CC(C)(C)OC(=O)NC(Cc1ccccc1)C(=O)OCCSc1nncs1,0.05211190609250685,0.05211190609250685,0.05211190609250685,0.0,0.0,1,41,best_total_reward
1086,COC(=O)C1(C)CCCC2(C)C1CCC13CCC4C(C)(C)C(=O)C=CC4(C)C(CC1O)C23,COC(=O)C1(C)CCCC2(C)C1CCC13CCC4C(C)(C)C(=O)C=CC4(C)C(CC1O)C23,0.05138725170767463,0.05138725170767463,0.05138725170767463,0.0,0.0,1,23,best_total_reward
1087,Cc1cn(S(C)(=O)=O)c2ccc(C(=O)N3CCN(CCO)CC3)cc12,Cc1cn(S(C)(=O)=O)c2ccc(C(=O)N3CCN(CCO)CC3)cc12,0.05131811811383786,0.05131811811383786,0.05131811811383786,0.0,0.0,1,54,best_total_reward
1088,N#Cc1ccccc1S(=O)(=O)N1CCN(C(=O)c2ccccc2)CC1,N#Cc1ccccc1S(=O)(=O)N1CCN(C(=O)c2ccccc2)CC1,0.05116834339161308,0.05116834339161308,0.05116834339161308,0.0,0.0,1,47,best_total_reward
1089,O=C(NCc1cccnc1)c1ccc(CN2CC(=O)N3CCCCC3C2=O)cc1,O=C(NCc1cccnc1)c1ccc(CN2CC(=O)N3CCCCC3C2=O)cc1,0.05100285584441259,0.05100285584441259,0.05100285584441259,0.0,0.0,1,31,best_total_reward
1090,Cc1[nH]c(-n2c(-c3ccccc3)csc2=NC(=O)COc2ccc(Cl)cc2)nc(=O)c1C,Cc1[nH]c(-n2c(-c3ccccc3)csc2=NC(=O)COc2ccc(Cl)cc2)nc(=O)c1C,0.05079460226807014,0.05079460226807014,0.05079460226807014,0.0,0.0,1,61,best_total_reward
1091,CC(C)CCN1CCOC2(CCCCC2)C1,CC(C)CCN1CCOC2(CCCCC2)C1,0.05072423390325762,0.05072423390325762,0.05072423390325762,0.0,0.0,1,25,best_total_reward
1092,CCN1CCCC1CNC(=O)c1ccc2ncn(-c3ccccc3)c2c1,CCN1CCCC1CNC(=O)c1ccc2ncn(-c3ccccc3)c2c1,0.05068713904089657,0.05068713904089657,0.05068713904089657,0.0,0.0,1,17,best_total_reward
1093,CSC(=S)Nc1ccccc1C,CSC(=S)Nc1ccccc1C,0.05062438316099044,0.05062438316099044,0.05062438316099044,0.0,0.0,1,45,best_total_reward
1094,CSc1ccc(Oc2nc(C)ccc2C(=NO)N2CCN(C3CCC3)CC2)cc1C,CSc1ccc(Oc2nc(C)ccc2C(=NO)N2CCN(C3CCC3)CC2)cc1C,0.050539237419857316,0.050539237419857316,0.050539237419857316,0.0,0.0,1,29,best_total_reward
1095,COC1C(=O)OC23C1C(O)N(CCOc1ccc(C4Cc5c(C)cc(O)c(O)c5OC4=O)cc1)CC2(O)C(=O)C(C(N)=O)C(=O)C3N(C)C,COC1C(=O)OC23C1C(O)N(CCOc1ccc(C4Cc5c(C)cc(O)c(O)c5OC4=O)cc1)CC2(O)C(=O)C(C(N)=O)C(=O)C3N(C)C,0.05051576996766588,0.05051576996766588,0.05051576996766588,0.0,0.0,1,63,best_total_reward
1096,CN1CCc2cc(Cl)c(O)cc2C1CCc1ccc(O)cc1,CN1CCc2cc(Cl)c(O)cc2C1CCc1ccc(O)cc1,0.05034482226546666,0.05034482226546666,0.05034482226546666,0.0,0.0,1,52,best_total_reward
1097,COc1ccc(CCNS(=O)(=O)c2c(C)[nH]c(C)c2C(=O)N2CCCCC2)cc1OC,COc1ccc(CCNS(=O)(=O)c2c(C)[nH]c(C)c2C(=O)N2CCCCC2)cc1OC,0.05018330808036716,0.05018330808036716,0.05018330808036716,0.0,0.0,1,28,best_total_reward
1098,O=C(Cc1cccc(F)c1)NS(=O)(=O)c1ccc(F)c(Cl)c1,O=C(Cc1cccc(F)c1)NS(=O)(=O)c1ccc(F)c(Cl)c1,0.05014200913288727,0.05014200913288727,0.05014200913288727,0.0,0.0,1,68,best_total_reward
1099,CC1CCN(CN2C(=O)C(Cc3ccc(O)cc3)=NC2=S)CC1,CC1CCN(CN2C(=O)C(Cc3ccc(O)cc3)=NC2=S)CC1,0.05013064222914279,0.05013064222914279,0.05013064222914279,0.0,0.0,1,46,best_total_reward
1100,CC(C)(C)C(N)C(=O)N1CCC(c2cc(-c3nc4ccncc4[nH]3)n(-c3cccc(Cl)c3F)n2)CC1,CC(C)(C)C(N)C(=O)N1CCC(c2cc(-c3nc4ccncc4[nH]3)n(-c3cccc(Cl)c3F)n2)CC1,0.049863621333543086,0.049863621333543086,0.049863621333543086,0.0,0.0,1,48,best_total_reward
1101,CC(C)C(NCC(N)CS)C(=O)N1CCc2ccccc2C1C(=O)O,CC(C)C(NCC(N)CS)C(=O)N1CCc2ccccc2C1C(=O)O,0.0498007310761617,0.0498007310761617,0.0498007310761617,0.0,0.0,1,49,best_total_reward
1102,CC(=O)N1CC(=O)CC1CNC1CCC(C(F)(F)F)CC1,CC(=O)N1CC(=O)CC1CNC1CCC(C(F)(F)F)CC1,0.04972327726219094,0.04972327726219094,0.04972327726219094,0.0,0.0,1,35,best_total_reward
1103,CNC(=O)Nc1ccc(OCCCNCC(O)c2cccc(Cl)c2)cc1,CNC(=O)Nc1ccc(OCCCNCC(O)c2cccc(Cl)c2)cc1,0.049307802456557144,0.049307802456557144,0.049307802456557144,0.0,0.0,1,56,best_total_reward
1104,OCCCCCCOc1ccccn1,OCCCCCCOc1ccccn1,0.049166578832690044,0.049166578832690044,0.049166578832690044,0.0,0.0,1,51,best_total_reward
1105,COc1ccccc1-c1cn(CCCCCC(O)=NO)nn1,COc1ccccc1-c1cn(CCCCCC(O)=NO)nn1,0.0490894834730694,0.0490894834730694,0.0490894834730694,0.0,0.0,1,37,best_total_reward
1106,CCCCN1C=CC(CC(=O)O)OO1,CCCCN1C=CC(CC(=O)O)OO1,0.04903602271358393,0.04903602271358393,0.04903602271358393,0.0,0.0,1,40,best_total_reward
1107,CCC(CCc1ccccc1)NC(=O)c1cc(=O)c2cccc(CN)c2o1,CCC(CCc1ccccc1)NC(=O)c1cc(=O)c2cccc(CN)c2o1,0.04898136217639661,0.04898136217639661,0.04898136217639661,0.0,0.0,1,64,best_total_reward
1108,CC(c1ccccn1)n1cc(CO)nn1,CC(c1ccccn1)n1cc(CO)nn1,0.04891772205740088,0.04891772205740088,0.04891772205740088,0.0,0.0,1,27,best_total_reward
1109,COC(=O)c1ccc(NS(=O)(=O)c2cc3c4c(c2)CCN4C(=O)CC3)cc1,COC(=O)c1ccc(NS(=O)(=O)c2cc3c4c(c2)CCN4C(=O)CC3)cc1,0.04844074907960273,0.04844074907960273,0.04844074907960273,0.0,0.0,1,16,best_total_reward
1110,COC(=O)c1ncccc1F,COC(=O)c1ncccc1F,0.0480751612225434,0.0480751612225434,0.0480751612225434,0.0,0.0,1,27,best_total_reward
1111,O=C(c1ccccc1Cn1cncn1)N1CCCC2(CCN(C3CCCC3)CC2)C1,O=C(c1ccccc1Cn1cncn1)N1CCCC2(CCN(C3CCCC3)CC2)C1,0.04765680630068631,0.04765680630068631,0.04765680630068631,0.0,0.0,1,34,best_total_reward
1112,CC(O)CCC(=O)NN1C(=O)C(c2ccccc2)=NC1(C)C,CC(O)CCC(=O)NN1C(=O)C(c2ccccc2)=NC1(C)C,0.04738379175293037,0.04738379175293037,0.04738379175293037,0.0,0.0,1,15,best_total_reward
1113,Cn1cccc1C(=O)OCC(=O)N(CC(=O)NC1CCCCC1)c1ccccc1,Cn1cccc1C(=O)OCC(=O)N(CC(=O)NC1CCCCC1)c1ccccc1,0.04722352578723229,0.04722352578723229,0.04722352578723229,0.0,0.0,1,30,best_total_reward
1114,Clc1cc(Cl)cc(C2CC3CCC2N3)c1,Clc1cc(Cl)cc(C2CC3CCC2N3)c1,0.04713949640974987,0.04713949640974987,0.04713949640974987,0.0,0.0,1,51,best_total_reward
1115,Cc1ccc(C(O)c2cccnc2)c(C)c1,Cc1ccc(C(O)c2cccnc2)c(C)c1,0.047007899455216065,0.047007899455216065,0.047007899455216065,0.0,0.0,1,37,best_total_reward
1116,COC1C(NC(=O)c2cnccn2)CC12CCN(C(=O)c1ccsc1)CC2,COC1C(NC(=O)c2cnccn2)CC12CCN(C(=O)c1ccsc1)CC2,0.0469595946202243,0.0469595946202243,0.0469595946202243,0.0,0.0,1,10,best_total_reward
1117,Cc1onc(-c2ccccc2)c1COc1ccc(C(=O)N2CCSCC2)cn1,Cc1onc(-c2ccccc2)c1COc1ccc(C(=O)N2CCSCC2)cn1,0.046871589970284296,0.046871589970284296,0.046871589970284296,0.0,0.0,1,49,best_total_reward
1118,O=C(NC1CCN(C(=O)CCCCCCCC(O)=NO)CC1)c1ccc2c[nH]nc2c1,O=C(NC1CCN(C(=O)CCCCCCCC(O)=NO)CC1)c1ccc2c[nH]nc2c1,0.046839657173515396,0.046839657173515396,0.046839657173515396,0.0,0.0,1,32,best_total_reward
1119,CCNC(=O)NC(=NC1=NC(=O)C(=O)N1C(C)C)NCC(CC1CCCC1)c1ccc(OC)c(F)c1,CCNC(=O)NC(=NC1=NC(=O)C(=O)N1C(C)C)NCC(CC1CCCC1)c1ccc(OC)c(F)c1,0.04679860743923953,0.04679860743923953,0.04679860743923953,0.0,0.0,1,22,best_total_reward
1120,COc1cccc(CN2CCc3cc(-c4cncc5nnc(C6(C)COC6)n45)ccc3C(C)C2)n1,COc1cccc(CN2CCc3cc(-c4cncc5nnc(C6(C)COC6)n45)ccc3C(C)C2)n1,0.04666002126804161,0.04666002126804161,0.04666002126804161,0.0,0.0,1,6,best_total_reward
1121,CC1SCc2ncnc(N3CCN(C(=O)C(CC4CCCC4)CN(O)C=O)CC3)c21,CC1SCc2ncnc(N3CCN(C(=O)C(CC4CCCC4)CN(O)C=O)CC3)c21,0.04640781368099752,0.04640781368099752,0.04640781368099752,0.0,0.0,1,4,best_total_reward
1122,CN1C(=O)C(C(C)(C)C)CC2Sc3ccc(F)cc3C21,CN1C(=O)C(C(C)(C)C)CC2Sc3ccc(F)cc3C21,0.04622908871178772,0.04622908871178772,0.04622908871178772,0.0,0.0,1,58,best_total_reward
1123,CC1(C)CCC2(C(=O)O)CCC(C)(C)OC2C1,CC1(C)CCC2(C(=O)O)CCC(C)(C)OC2C1,0.04608465926346995,0.04608465926346995,0.04608465926346995,0.0,0.0,1,14,best_total_reward
1124,CCCN(CCC)C(=O)NS(=O)(=O)c1ccccc1,CCCN(CCC)C(=O)NS(=O)(=O)c1ccccc1,0.045897450851939754,0.045897450851939754,0.045897450851939754,0.0,0.0,1,13,best_total_reward
1125,NC(=O)NC(C(=O)NC1CCN(S(=O)(=O)c2cccc(Cl)c2)CC1)c1ccccc1,NC(=O)NC(C(=O)NC1CCN(S(=O)(=O)c2cccc(Cl)c2)CC1)c1ccccc1,0.04561027897949022,0.04561027897949022,0.04561027897949022,0.0,0.0,1,73,best_total_reward
1126,COC(=O)C(Cc1ccc(Br)cc1)=NC(=O)CCc1ccc(O)c(O)c1,COC(=O)C(Cc1ccc(Br)cc1)=NC(=O)CCc1ccc(O)c(O)c1,0.04508748411841228,0.04508748411841228,0.04508748411841228,0.0,0.0,1,69,best_total_reward
1127,CNC(=O)C(N=c1cc[nH]c(-n2cnc3ccc(Br)cc32)n1)C(C)(C)C,CNC(=O)C(N=c1cc[nH]c(-n2cnc3ccc(Br)cc32)n1)C(C)(C)C,0.04474240464011489,0.04474240464011489,0.04474240464011489,0.0,0.0,1,35,best_total_reward
1128,CC(C)Oc1ccc(Oc2ccc(S(=O)(=O)N=c3[nH]cns3)cc2F)c(-c2ccnn2C)c1,CC(C)Oc1ccc(Oc2ccc(S(=O)(=O)N=c3[nH]cns3)cc2F)c(-c2ccnn2C)c1,0.04466994932080711,0.04466994932080711,0.04466994932080711,0.0,0.0,1,8,best_total_reward
1129,O=C(NC1CCc2oc(CCCO)cc2C1)C(F)(F)F,O=C(NC1CCc2oc(CCCO)cc2C1)C(F)(F)F,0.04465890884924573,0.04465890884924573,0.04465890884924573,0.0,0.0,1,59,best_total_reward
1130,COc1cc(OC2OC(CO)C(O)C(O)C2O)c2c(=O)c(CC=C(C)C)c(-c3cc(O)cc(O)c3)oc2c1,COc1cc(OC2OC(CO)C(O)C(O)C2O)c2c(=O)c(CC=C(C)C)c(-c3cc(O)cc(O)c3)oc2c1,0.044534598803618514,0.044534598803618514,0.044534598803618514,0.0,0.0,1,4,best_total_reward
1131,Cn1ncc(NC(=O)c2nc(-c3c(F)cccc3F)sc2N)c1N1CCCC(N)CC1,Cn1ncc(NC(=O)c2nc(-c3c(F)cccc3F)sc2N)c1N1CCCC(N)CC1,0.044377849326390474,0.044377849326390474,0.044377849326390474,0.0,0.0,1,36,best_total_reward
1132,O=C(c1ccccc1-n1nccn1)N1CCOCC1Cc1cccc(-n2nccn2)c1,O=C(c1ccccc1-n1nccn1)N1CCOCC1Cc1cccc(-n2nccn2)c1,0.04418242495842696,0.04418242495842696,0.04418242495842696,0.0,0.0,1,26,best_total_reward
1133,CN1CCN(C(O)c2cc(O)n(-c3ccc(Cl)cc3)c2)CC1,CN1CCN(C(O)c2cc(O)n(-c3ccc(Cl)cc3)c2)CC1,0.04418201341043007,0.04418201341043007,0.04418201341043007,0.0,0.0,1,34,best_total_reward
1134,CSCC(C)NC(=S)N(C)Cc1cccnc1,CSCC(C)NC(=S)N(C)Cc1cccnc1,0.04410817482645628,0.04410817482645628,0.04410817482645628,0.0,0.0,1,48,best_total_reward
1135,CC(Cc1cccnc1)NCC(O)c1cc(O)cc(O)c1,CC(Cc1cccnc1)NCC(O)c1cc(O)cc(O)c1,0.043991148701777796,0.043991148701777796,0.043991148701777796,0.0,0.0,1,47,best_total_reward
1136,C=CC(=O)Nc1cccc(-n2c(=O)n(C)c3cnc4ccc(-c5cnc(N(C)C)nc5)nc4c32)c1,C=CC(=O)Nc1cccc(-n2c(=O)n(C)c3cnc4ccc(-c5cnc(N(C)C)nc5)nc4c32)c1,0.043989541498952275,0.043989541498952275,0.043989541498952275,0.0,0.0,1,69,best_total_reward
1137,Cc1cccc(NC(=O)NCC(c2cc(C(F)(F)F)cc(C(F)(F)F)c2)N2CCCCCC2)c1,Cc1cccc(NC(=O)NCC(c2cc(C(F)(F)F)cc(C(F)(F)F)c2)N2CCCCCC2)c1,0.04360234863433117,0.04360234863433117,0.04360234863433117,0.0,0.0,1,12,best_total_reward
1138,CC12CCC(=O)CC1C(=O)CC1=C2CCC2(C)C(C(=O)CN3CCCC3)CCC12O,CC12CCC(=O)CC1C(=O)CC1=C2CCC2(C)C(C(=O)CN3CCCC3)CCC12O,0.043541383998290314,0.043541383998290314,0.043541383998290314,0.0,0.0,1,42,best_total_reward
1139,CC(C)C(NC(=O)c1ccco1)C(=O)N1CCCCCC1,CC(C)C(NC(=O)c1ccco1)C(=O)N1CCCCCC1,0.04347306199399196,0.04347306199399196,0.04347306199399196,0.0,0.0,1,32,best_total_reward
1140,CCCCCCC(=NC(=O)C1CC1(C)C)C(=O)O,CCCCCCC(=NC(=O)C1CC1(C)C)C(=O)O,0.04340967140495399,0.04340967140495399,0.04340967140495399,0.0,0.0,1,27,best_total_reward
1141,CN(C)S(=O)(=O)c1cc(NC(=O)CN)ccc1Cl,CN(C)S(=O)(=O)c1cc(NC(=O)CN)ccc1Cl,0.04334307281868554,0.04334307281868554,0.04334307281868554,0.0,0.0,1,25,best_total_reward
1142,CCCCN(c1ccc2c(=O)oc(OCC(=O)O)c(CCC)c2c1)S(=O)(=O)c1ccc(Br)cc1,CCCCN(c1ccc2c(=O)oc(OCC(=O)O)c(CCC)c2c1)S(=O)(=O)c1ccc(Br)cc1,0.04326524595835323,0.04326524595835323,0.04326524595835323,0.0,0.0,1,18,best_total_reward
1143,CC(=O)NC(Cc1c[nH]cn1)C(=O)NC(CC(C)C)C(=O)N1CCCC1C(=O)NC(C)C(=O)OC(C)(C)C,CC(=O)NC(Cc1c[nH]cn1)C(=O)NC(CC(C)C)C(=O)N1CCCC1C(=O)NC(C)C(=O)OC(C)(C)C,0.043214074981271375,0.043214074981271375,0.043214074981271375,0.0,0.0,1,69,best_total_reward
1144,O=C(O)Cc1csc(-c2ccsc2)c1,O=C(O)Cc1csc(-c2ccsc2)c1,0.042921855726508494,0.042921855726508494,0.042921855726508494,0.0,0.0,1,63,best_total_reward
1145,O=S(=O)(CCCO)c1ccc(Br)cc1,O=S(=O)(CCCO)c1ccc(Br)cc1,0.042789580979056926,0.042789580979056926,0.042789580979056926,0.0,0.0,1,1,best_total_reward
1146,O=C(C1CCCCC1)N(Cc1cc2c(Cl)cccc2[nH]c1=O)c1ccccc1,O=C(C1CCCCC1)N(Cc1cc2c(Cl)cccc2[nH]c1=O)c1ccccc1,0.042745878085722486,0.042745878085722486,0.042745878085722486,0.0,0.0,1,30,best_total_reward
1147,CCOCCCNC(=O)C(C)N1CCN(S(=O)(=O)c2ccccc2F)CC1,CCOCCCNC(=O)C(C)N1CCN(S(=O)(=O)c2ccccc2F)CC1,0.042372109960938056,0.042372109960938056,0.042372109960938056,0.0,0.0,1,39,best_total_reward
1148,NS(=O)(=O)c1ccc(Cn2c(O)c3c(c2O)CCC=C3)cc1Cl,NS(=O)(=O)c1ccc(Cn2c(O)c3c(c2O)CCC=C3)cc1Cl,0.04210081602536499,0.04210081602536499,0.04210081602536499,0.0,0.0,1,19,best_total_reward
1149,COc1cc(C(O)CNC(C)Cc2ccc(C(F)(F)F)cc2)cc(OC)c1OC,COc1cc(C(O)CNC(C)Cc2ccc(C(F)(F)F)cc2)cc(OC)c1OC,0.04195930482337602,0.04195930482337602,0.04195930482337602,0.0,0.0,1,32,best_total_reward
1150,C[n+]1ccccc1C1OC(CO)C(O)C(O)C1O,C[n+]1ccccc1C1OC(CO)C(O)C(O)C1O,0.0419405886295348,0.0419405886295348,0.0419405886295348,0.0,0.0,1,64,best_total_reward
1151,O=C(Cc1ccc(F)cc1)NN1C(=O)CSC1c1ccccc1Cl,O=C(Cc1ccc(F)cc1)NN1C(=O)CSC1c1ccccc1Cl,0.04189792555048265,0.04189792555048265,0.04189792555048265,0.0,0.0,1,31,best_total_reward
1152,Cc1ccc(-c2cc(COS(N)(=O)=O)ccc2C(=O)O)cc1,Cc1ccc(-c2cc(COS(N)(=O)=O)ccc2C(=O)O)cc1,0.04181042982571327,0.04181042982571327,0.04181042982571327,0.0,0.0,1,34,best_total_reward
1153,Cc1ccc(C(=NO)N2CCC(C(N)=O)CC2)c(Oc2ccc3ccccc3c2)n1,Cc1ccc(C(=NO)N2CCC(C(N)=O)CC2)c(Oc2ccc3ccccc3c2)n1,0.04132953114508437,0.04132953114508437,0.04132953114508437,0.0,0.0,1,28,best_total_reward
1154,CC(C)NC(=O)N(C)CC1Oc2ncc(Br)cc2C(=O)N(C(C)CO)CC1C,CC(C)NC(=O)N(C)CC1Oc2ncc(Br)cc2C(=O)N(C(C)CO)CC1C,0.04107922787265924,0.04107922787265924,0.04107922787265924,0.0,0.0,1,28,best_total_reward
1155,Cc1ccccc1C,Cc1ccccc1C,0.04096908192367728,0.04096908192367728,0.04096908192367728,0.0,0.0,1,66,best_total_reward
1156,CCc1noc(-c2nnc3n2CC(CNCc2cccc(C)n2)OC3)n1,CCc1noc(-c2nnc3n2CC(CNCc2cccc(C)n2)OC3)n1,0.04092438098362991,0.04092438098362991,0.04092438098362991,0.0,0.0,1,60,best_total_reward
1157,CCOc1c(OC)cccc1C(O)CNC,CCOc1c(OC)cccc1C(O)CNC,0.04070557674876715,0.04070557674876715,0.04070557674876715,0.0,0.0,1,54,best_total_reward
1158,Cc1cc(CCNS(=O)(=O)c2ccc(N)cc2)no1,Cc1cc(CCNS(=O)(=O)c2ccc(N)cc2)no1,0.040696598279687725,0.040696598279687725,0.040696598279687725,0.0,0.0,1,3,best_total_reward
1159,Cc1nnc(C2CCC3CCC(Cn4nc(-c5ccc(Oc6ccccc6)cc5F)c5c(=N)[nH]cnc54)N32)o1,Cc1nnc(C2CCC3CCC(Cn4nc(-c5ccc(Oc6ccccc6)cc5F)c5c(=N)[nH]cnc54)N32)o1,0.03989543119645702,0.03989543119645702,0.03989543119645702,0.0,0.0,1,6,best_total_reward
1160,COc1ccccc1CCNC(=O)C(C)Oc1ccccc1OC,COc1ccccc1CCNC(=O)C(C)Oc1ccccc1OC,0.03958358907569336,0.03958358907569336,0.03958358907569336,0.0,0.0,1,70,best_total_reward
1161,O=C(CSC1=NCCS1)N1CCN(c2ccccc2)CC1,O=C(CSC1=NCCS1)N1CCN(c2ccccc2)CC1,0.03955872354121356,0.03955872354121356,0.03955872354121356,0.0,0.0,1,29,best_total_reward
1162,CCCCC(=O)N=C1SC2CS(=O)(=O)CC2N1Cc1ccccc1,CCCCC(=O)N=C1SC2CS(=O)(=O)CC2N1Cc1ccccc1,0.039503338036555875,0.039503338036555875,0.039503338036555875,0.0,0.0,1,4,best_total_reward
1163,Oc1cc(C(O)O)cn1CCOc1ccc2ccccc2c1,Oc1cc(C(O)O)cn1CCOc1ccc2ccccc2c1,0.0393737241942983,0.0393737241942983,0.0393737241942983,0.0,0.0,1,32,best_total_reward
1164,CCCC(NC(=O)c1cnccn1)C(=O)NC(C(=O)N(C)C(=CC(C)C(=O)O)C(C)C)C(C)(C)C,CCCC(NC(=O)c1cnccn1)C(=O)NC(C(=O)N(C)C(=CC(C)C(=O)O)C(C)C)C(C)(C)C,0.039223196394146204,0.039223196394146204,0.039223196394146204,0.0,0.0,1,29,best_total_reward
1165,CC(C)CS(=O)(=O)N1CCOC12CCN(CC1CCCO1)CC2,CC(C)CS(=O)(=O)N1CCOC12CCN(CC1CCCO1)CC2,0.03883761395319478,0.03883761395319478,0.03883761395319478,0.0,0.0,1,33,best_total_reward
1166,O=C1CCc2c(cccc2OCCN2CCN(Cc3ccccc3)CC2)N1,O=C1CCc2c(cccc2OCCN2CCN(Cc3ccccc3)CC2)N1,0.038764763484736425,0.038764763484736425,0.038764763484736425,0.0,0.0,1,53,best_total_reward
1167,Cc1c(O)c(=O)ccn1CCCCNC(=O)c1cccc(F)c1,Cc1c(O)c(=O)ccn1CCCCNC(=O)c1cccc(F)c1,0.038327509421621955,0.038327509421621955,0.038327509421621955,0.0,0.0,1,26,best_total_reward
1168,C=C(C)CN(CC1CCCO1)C(=O)c1ccc2c(c1)OCO2,C=C(C)CN(CC1CCCO1)C(=O)c1ccc2c(c1)OCO2,0.0382725030628252,0.0382725030628252,0.0382725030628252,0.0,0.0,1,9,best_total_reward
1169,CC(C)c1cc(C(=O)O)cc(C(C)(C)C)c1O,CC(C)c1cc(C(=O)O)cc(C(C)(C)C)c1O,0.038089880020811054,0.038089880020811054,0.038089880020811054,0.0,0.0,1,16,best_total_reward
1170,COc1c(CN2CCOCC2)cc(NC(=NC#N)NC2CCCC2)cc1NC(C)=O,COc1c(CN2CCOCC2)cc(NC(=NC#N)NC2CCCC2)cc1NC(C)=O,0.037822774225113646,0.037822774225113646,0.037822774225113646,0.0,0.0,1,47,best_total_reward
1171,NCC1CCN(c2c(F)cc3c(=O)c(C(=O)O)cn(C4CC4)c3c2Cl)C1,NCC1CCN(c2c(F)cc3c(=O)c(C(=O)O)cn(C4CC4)c3c2Cl)C1,0.037547561340206766,0.037547561340206766,0.037547561340206766,0.0,0.0,1,38,best_total_reward
1172,CS(=O)(=O)N1CCOC(CN2CCc3sccc3C2)(c2ccccc2)C1,CS(=O)(=O)N1CCOC(CN2CCc3sccc3C2)(c2ccccc2)C1,0.03745500202701008,0.03745500202701008,0.03745500202701008,0.0,0.0,1,53,best_total_reward
1173,Cc1cccc(=O)n1CCCNS(=O)(=O)c1ccc(F)cc1,Cc1cccc(=O)n1CCCNS(=O)(=O)c1ccc(F)cc1,0.03737995118410419,0.03737995118410419,0.03737995118410419,0.0,0.0,1,59,best_total_reward
1174,N=c1[nH]c(=N)c2c(Oc3ccc(C(=O)O)c(S(N)(=O)=O)c3)cccc2[nH]1,N=c1[nH]c(=N)c2c(Oc3ccc(C(=O)O)c(S(N)(=O)=O)c3)cccc2[nH]1,0.03709058181806414,0.03709058181806414,0.03709058181806414,0.0,0.0,1,17,best_total_reward
1175,CC(=O)NC1(c2ccccc2)CCN(CCCc2ccsc2)CC1,CC(=O)NC1(c2ccccc2)CCN(CCCc2ccsc2)CC1,0.03555520002491014,0.03555520002491014,0.03555520002491014,0.0,0.0,1,53,best_total_reward
1176,CC(NC(=O)C(N)Cc1ccc(O)cc1)C(=O)N1CCCC1C(=O)NCC1CC(Br)=NO1,CC(NC(=O)C(N)Cc1ccc(O)cc1)C(=O)N1CCCC1C(=O)NCC1CC(Br)=NO1,0.03540724884440443,0.03540724884440443,0.03540724884440443,0.0,0.0,1,43,best_total_reward
1177,NCC1CCC(C(=O)NCC2CCC(C(=O)NC3CC3)CC2)O1,NCC1CCC(C(=O)NCC2CCC(C(=O)NC3CC3)CC2)O1,0.034975188699595365,0.034975188699595365,0.034975188699595365,0.0,0.0,1,49,best_total_reward
1178,CCC1(C(=O)O)CCN(c2nc(=N)[nH]c3c2CCN(c2c(C#N)cc(C(=O)OC)cc2C(F)(F)F)CC3)C1,CCC1(C(=O)O)CCN(c2nc(=N)[nH]c3c2CCN(c2c(C#N)cc(C(=O)OC)cc2C(F)(F)F)CC3)C1,0.034895945330452274,0.034895945330452274,0.034895945330452274,0.0,0.0,1,61,best_total_reward
1179,O=C(O)CN(CCCCCNC(=O)c1ccccc1Cl)c1ccc(Cl)c(C(F)(F)F)c1,O=C(O)CN(CCCCCNC(=O)c1ccccc1Cl)c1ccc(Cl)c(C(F)(F)F)c1,0.03482088156925498,0.03482088156925498,0.03482088156925498,0.0,0.0,1,29,best_total_reward
1180,N=c1ccn(C2CC(O)C(COC(=O)C3CCCN3)O2)c(=O)[nH]1,N=c1ccn(C2CC(O)C(COC(=O)C3CCCN3)O2)c(=O)[nH]1,0.034479119288266004,0.034479119288266004,0.034479119288266004,0.0,0.0,1,27,best_total_reward
1181,CC(=O)N1CCN(c2ccc(S(C)(=O)=O)cc2F)CC1,CC(=O)N1CCN(c2ccc(S(C)(=O)=O)cc2F)CC1,0.03410041409651727,0.03410041409651727,0.03410041409651727,0.0,0.0,1,57,best_total_reward
1182,CC(C)CC(NC(=O)OC(C)(C)C)C(=O)N1CCCC1c1csc(=N)[nH]1,CC(C)CC(NC(=O)OC(C)(C)C)C(=O)N1CCCC1c1csc(=N)[nH]1,0.03406139464361313,0.03406139464361313,0.03406139464361313,0.0,0.0,1,25,best_total_reward
1183,O=C(OCC1CCSS1)C1CC=NCC1,O=C(OCC1CCSS1)C1CC=NCC1,0.03343208586869322,0.03343208586869322,0.03343208586869322,0.0,0.0,1,45,best_total_reward
1184,CC(CN1C(=O)OC2CC3(CCCC3)CC21)N1CCC([N+](=O)[O-])C1,CC(CN1C(=O)OC2CC3(CCCC3)CC21)N1CCC([N+](=O)[O-])C1,0.03318458489836258,0.03318458489836258,0.03318458489836258,0.0,0.0,1,3,best_total_reward
1185,COc1cc(C(=O)N2CCN(Cc3cccnc3C)CC2)c(S(N)(=O)=O)cc1OC,COc1cc(C(=O)N2CCN(Cc3cccnc3C)CC2)c(S(N)(=O)=O)cc1OC,0.03244615919942898,0.03244615919942898,0.03244615919942898,0.0,0.0,1,58,best_total_reward
1186,CCn1nnc(-c2nccnc2C(=O)N2CCC(c3ccc(C#N)cn3)CC2)n1,CCn1nnc(-c2nccnc2C(=O)N2CCC(c3ccc(C#N)cn3)CC2)n1,0.03108115578305666,0.03108115578305666,0.03108115578305666,0.0,0.0,1,29,best_total_reward
1187,CC(C)=CC(C=NO)c1c(O)cccc1OC(C)(C)C(=O)O,CC(C)=CC(C=NO)c1c(O)cccc1OC(C)(C)C(=O)O,0.030650832309380583,0.030650832309380583,0.030650832309380583,0.0,0.0,1,70,best_total_reward
1188,O=C(c1cc(C(F)(F)F)cc(C(F)(F)F)c1)N1CC2CC(C1)N(C1CCCCC1)C2,O=C(c1cc(C(F)(F)F)cc(C(F)(F)F)c1)N1CC2CC(C1)N(C1CCCCC1)C2,0.03013708556334929,0.03013708556334929,0.03013708556334929,0.0,0.0,1,3,best_total_reward
1189,Cn1cc(N2C(=O)c3c(n(C)c4ccc(S(=O)(=O)N5CCCC5CF)cc34)C2c2ccc(F)cc2F)cc(Cl)c1=O,Cn1cc(N2C(=O)c3c(n(C)c4ccc(S(=O)(=O)N5CCCC5CF)cc34)C2c2ccc(F)cc2F)cc(Cl)c1=O,0.029919963708042768,0.029919963708042768,0.029919963708042768,0.0,0.0,1,74,best_total_reward
1190,CC(=O)NN(C(=O)c1cccnc1)C(C)(C)C,CC(=O)NN(C(=O)c1cccnc1)C(C)(C)C,0.029407384361510868,0.029407384361510868,0.029407384361510868,0.0,0.0,1,62,best_total_reward
1191,CC1CC(C(C)C)CN(C(=O)C(c2ccccc2)c2cccs2)C1,CC1CC(C(C)C)CN(C(=O)C(c2ccccc2)c2cccs2)C1,0.028731337740794918,0.028731337740794918,0.028731337740794918,0.0,0.0,1,38,best_total_reward
1192,OCC1CC2=C(CCC2)N(CCc2cccc(C(F)(F)F)c2)C1,OCC1CC2=C(CCC2)N(CCc2cccc(C(F)(F)F)c2)C1,0.027962062986078375,0.027962062986078375,0.027962062986078375,0.0,0.0,1,34,best_total_reward
1193,Cc1nc(C2CCCCN2C(=O)C2CCCCN2C(=O)C2CCC2)no1,Cc1nc(C2CCCCN2C(=O)C2CCCCN2C(=O)C2CCC2)no1,0.027631245700387847,0.027631245700387847,0.027631245700387847,0.0,0.0,1,3,best_total_reward
1194,NC(=O)C1C2C=CC(C2)C1C(=O)N1CCOCC1,NC(=O)C1C2C=CC(C2)C1C(=O)N1CCOCC1,0.027218490173171815,0.027218490173171815,0.027218490173171815,0.0,0.0,1,5,best_total_reward
1195,CC(C)(C)OC(=O)NC(Cc1ccccc1)C(=O)OC1CC2C34CC(CC(C3)C1(C)C2(C)C)C4,CC(C)(C)OC(=O)NC(Cc1ccccc1)C(=O)OC1CC2C34CC(CC(C3)C1(C)C2(C)C)C4,0.02659699357686585,0.02659699357686585,0.02659699357686585,0.0,0.0,1,46,best_total_reward
1196,N#Cc1cc2c3cccc2n1-c1cccc(Cl)c1CCN3C1CCCCC1,N#Cc1cc2c3cccc2n1-c1cccc(Cl)c1CCN3C1CCCCC1,0.02659699357686585,0.02659699357686585,0.02659699357686585,0.0,0.0,1,75,best_total_reward
1197,CCC1CNCC1N(C)C(=O)NC1CCN(C(C)C)CC1,CCC1CNCC1N(C)C(=O)NC1CCN(C(C)C)CC1,0.02609907949381738,0.02609907949381738,0.02609907949381738,0.0,0.0,1,19,best_total_reward
1198,CC(CS)C(=O)N1CCC(CC(O)=NO)CC1,CC(CS)C(=O)N1CCC(CC(O)=NO)CC1,0.02552430612561431,0.02552430612561431,0.02552430612561431,0.0,0.0,1,30,best_total_reward
1199,CC(N)=NCCCN(N)C(N)=NC(=N)N,CC(N)=NCCCN(N)C(N)=NC(=N)N,0.023582582934778575,0.023582582934778575,0.023582582934778575,0.0,0.0,1,57,best_total_reward
1200,CCNC(=O)C(CC(C)C)N1CC(O)CC1=O,CCNC(=O)C(CC(C)C)N1CC(O)CC1=O,0.023342782023834812,0.023342782023834812,0.023342782023834812,0.0,0.0,1,30,best_total_reward
