run_id,timestamp,batch_index,molecule_index,smiles,canonical_smiles,targetA_raw,targetA_score,offTargetB_raw,offTargetB_score,off_target_penalty,total_reward,aggregation_mode,targetA_reason,offTargetB_reason
single_target_b1_a6000_post,2026-02-20T19:17:14,1,0,CC1CC(N)CC(c2ccncc2NC(=O)c2cccc(Cl)c2)C1,CC1CC(N)CC(c2ccncc2NC(=O)c2cccc(Cl)c2)C1,0.20496505498886108,0.08625215905510217,0.0,0.0,0.0,0.08625215905510217,single,ok,single_mode
single_target_b1_a6000_post,2026-02-20T19:17:14,1,1,N#CC(=Cc1ccc(N2C(=O)C=CC2=O)cc1)C(=O)O,N#CC(=Cc1ccc(N2C(=O)C=CC2=O)cc1)C(=O)O,0.504986306031545,0.509971289865349,0.0,0.0,0.0,0.509971289865349,single,ok,single_mode
single_target_b1_a6000_post,2026-02-20T19:17:14,1,2,CCCCN=c1[nH]c(CCO)nc(=Nc2ccc(C(C)=O)cc2)[nH]1,CCCCN=c1[nH]c(CCO)nc(=Nc2ccc(C(C)=O)cc2)[nH]1,0.2501271863778432,0.11930979345163976,0.0,0.0,0.0,0.11930979345163976,single,ok,single_mode
single_target_b1_a6000_post,2026-02-20T19:17:14,1,3,O=c1ccc(-c2cnc(-n3[nH]c(C(F)(F)F)cc3=O)s2)nn1-c1cccc(Cl)c1,O=c1ccc(-c2cnc(-n3[nH]c(C(F)(F)F)cc3=O)s2)nn1-c1cccc(Cl)c1,0.42114126682281494,0.34731332463666015,0.0,0.0,0.0,0.34731332463666015,single,ok,single_mode
single_target_b1_a6000_post,2026-02-20T19:17:14,1,4,Cc1ccc(C(=O)OCC2(CO)CC(=Cc3ccccc3)C(=O)O2)cc1,Cc1ccc(C(=O)OCC2(CO)CC(=Cc3ccccc3)C(=O)O2)cc1,0.2156072606643041,0.09320272833068731,0.0,0.0,0.0,0.09320272833068731,single,ok,single_mode
single_target_b1_a6000_post,2026-02-20T19:17:14,1,5,CCOc1cnc(N2CCC(NCc3ccc(Cl)cc3)CC2)c(C)c1,CCOc1cnc(N2CCC(NCc3ccc(Cl)cc3)CC2)c(C)c1,0.21636579682429632,0.09371686334188356,0.0,0.0,0.0,0.09371686334188356,single,ok,single_mode
single_target_b1_a6000_post,2026-02-20T19:17:14,1,6,COc1ccc(-c2ccc(C(C)=CCn3cncn3)cc2)cc1OC1CCOCC1,COc1ccc(-c2ccc(C(C)=CCn3cncn3)cc2)cc1OC1CCOCC1,0.39794523517290753,0.3065202711058253,0.0,0.0,0.0,0.3065202711058253,single,ok,single_mode
single_target_b1_a6000_post,2026-02-20T19:17:14,1,7,O=c1[nH]c2ccc(Cl)cc2c(=O)n1CCN1CCC2c3ccccc3C(c3ccccn3)C2C1,O=c1[nH]c2ccc(Cl)cc2c(=O)n1CCN1CCC2c3ccccc3C(c3ccccn3)C2C1,0.2543564786513646,0.12291097655609995,0.0,0.0,0.0,0.12291097655609995,single,ok,single_mode
single_target_b1_a6000_post,2026-02-20T19:17:14,1,8,Nc1c(N=Cc2ccccc2)sc2nc3c(cc12)CCCC3,Nc1c(N=Cc2ccccc2)sc2nc3c(cc12)CCCC3,0.5441974202791849,0.5874852949854209,0.0,0.0,0.0,0.5874852949854209,single,ok,single_mode
single_target_b1_a6000_post,2026-02-20T19:17:14,1,9,OC1(C2CCCCN2)Cc2cccc3cccc1c23,OC1(C2CCCCN2)Cc2cccc3cccc1c23,0.2791703939437866,0.14596106843718704,0.0,0.0,0.0,0.14596106843718704,single,ok,single_mode
single_target_b1_a6000_post,2026-02-20T19:17:14,1,10,CC(C)NNC(=O)c1c(C(C)C)n(CCC2CCCO2)c2ccc(OCCN(C)C)cc12,CC(C)NNC(=O)c1c(C(C)C)n(CCC2CCCO2)c2ccc(OCCN(C)C)cc12,0.3292421003182729,0.20325664079864386,0.0,0.0,0.0,0.20325664079864386,single,ok,single_mode
single_target_b1_a6000_post,2026-02-20T19:17:14,1,11,O=S(=O)(CCCO)c1ccc(Br)cc1,O=S(=O)(CCCO)c1ccc(Br)cc1,0.11153392462680738,0.042789580979056926,0.0,0.0,0.0,0.042789580979056926,single,ok,single_mode
single_target_b1_a6000_post,2026-02-20T19:17:14,1,12,C(=Cc1ccccn1)c1ccccc1,C(=Cc1ccccn1)c1ccccc1,0.3575059175491333,0.24232905285547043,0.0,0.0,0.0,0.24232905285547043,single,ok,single_mode
single_target_b1_a6000_post,2026-02-20T19:17:14,1,13,CC12CCC(=O)CC1=CCC1C2CCC2(C)C(C(=O)Nc3cccc(F)c3F)CCC12,CC12CCC(=O)CC1=CCC1C2CCC2(C)C(C(=O)Nc3cccc(F)c3F)CCC12,0.18702036142349243,0.07558962184883741,0.0,0.0,0.0,0.07558962184883741,single,ok,single_mode
single_target_b1_a6000_post,2026-02-20T19:17:14,1,14,COc1ccc(Cl)c(N=c2nc(-c3ccccc3)[nH]c3c2CCNCC3)c1,COc1ccc(Cl)c(N=c2nc(-c3ccccc3)[nH]c3c2CCNCC3)c1,0.32805121938387555,0.20171815959928105,0.0,0.0,0.0,0.20171815959928105,single,ok,single_mode
single_target_b1_a6000_post,2026-02-20T19:17:14,1,15,CCN1CCc2ccc(N=c3[nH]c(C)ccc3-c3cccnc3)cc2CC1,CCN1CCc2ccc(N=c3[nH]c(C)ccc3-c3cccnc3)cc2CC1,0.2503604243199031,0.11950599251287664,0.0,0.0,0.0,0.11950599251287664,single,ok,single_mode
single_target_b1_a6000_post,2026-02-20T19:22:55,2,0,CCN1CCN(c2cc3c(cc2F)c(=O)c(C(=O)O)cn3CC)CC1,CCN1CCN(c2cc3c(cc2F)c(=O)c(C(=O)O)cn3CC)CC1,0.21731861184040704,0.09436628260759518,0.0,0.0,0.0,0.09436628260759518,single,ok,single_mode
single_target_b1_a6000_post,2026-02-20T19:22:55,2,1,CCC(C)c1ccccc1Oc1ncccn1,CCC(C)c1ccccc1Oc1ncccn1,0.16733687619368234,0.0652956418939306,0.0,0.0,0.0,0.0652956418939306,single,ok,single_mode
single_target_b1_a6000_post,2026-02-20T19:22:55,2,2,Cn1cc(-c2cc(C(N)=O)nc(-c3cnc4ccccc4c3)c2)ccc1=N,Cn1cc(-c2cc(C(N)=O)nc(-c3cnc4ccccc4c3)c2)ccc1=N,0.2998398194710414,0.16780259155340818,0.0,0.0,0.0,0.16780259155340818,single,ok,single_mode
single_target_b1_a6000_post,2026-02-20T19:22:55,2,3,CC(C)n1cnc2c(=NC3CCCC3)[nH]c(Cl)nc21,CC(C)n1cnc2c(=NC3CCCC3)[nH]c(Cl)nc21,0.3038567006587982,0.17233811396412746,0.0,0.0,0.0,0.17233811396412746,single,ok,single_mode
single_target_b1_a6000_post,2026-02-20T19:22:55,2,4,N=C(Nc1cccnc1)SC(=N)c1ccc(Cl)cc1,N=C(Nc1cccnc1)SC(=N)c1ccc(Cl)cc1,0.4175603489081065,0.3408480722466915,0.0,0.0,0.0,0.3408480722466915,single,ok,single_mode
single_target_b1_a6000_post,2026-02-20T19:22:55,2,5,O=C(NC1(c2ccc(Cl)cc2)CCC1)c1nc(N2CCCC2)cc2ccccc12,O=C(NC1(c2ccc(Cl)cc2)CCC1)c1nc(N2CCCC2)cc2ccccc12,0.25486091276009876,0.1233466785729323,0.0,0.0,0.0,0.1233466785729323,single,ok,single_mode
single_target_b1_a6000_post,2026-02-20T19:22:55,2,6,COC(=O)C(=NC(=O)CCCC(=O)C=CC(=O)O)c1ccccc1O,COC(=O)C(=NC(=O)CCCC(=O)C=CC(=O)O)c1ccccc1O,0.2838757038116455,0.15071625611163472,0.0,0.0,0.0,0.15071625611163472,single,ok,single_mode
single_target_b1_a6000_post,2026-02-20T19:22:55,2,7,Cc1nc2ccccc2n1CC(=O)c1ccc(Cl)cc1,Cc1nc2ccccc2n1CC(=O)c1ccc(Cl)cc1,0.3121230552593867,0.18197619468776882,0.0,0.0,0.0,0.18197619468776882,single,ok,single_mode
single_target_b1_a6000_post,2026-02-20T19:22:55,2,8,O=C(C[n+]1cccc(F)c1)c1ccccc1,O=C(C[n+]1cccc(F)c1)c1ccccc1,0.3238646288712819,0.19637873651558138,0.0,0.0,0.0,0.19637873651558138,single,ok,single_mode
single_target_b1_a6000_post,2026-02-20T19:22:55,2,9,CCc1ccc(-c2ccc(C(=O)NCC(=O)NCc3ccccn3)cc2)cc1,CCc1ccc(-c2ccc(C(=O)NCC(=O)NCc3ccccn3)cc2)cc1,0.5286386609077454,0.5570280843700564,0.0,0.0,0.0,0.5570280843700564,single,ok,single_mode
single_target_b1_a6000_post,2026-02-20T19:22:55,2,10,OC(c1cnco1)C1Cc2cc3ccccc3cc2C1,OC(c1cnco1)C1Cc2cc3ccccc3cc2C1,0.2922363032897313,0.15947901499533426,0.0,0.0,0.0,0.15947901499533426,single,ok,single_mode
single_target_b1_a6000_post,2026-02-20T19:22:55,2,11,O=C(c1c(O)n(Cc2ccccc2)c2ccccc12)N1CCc2ccccc2C1,O=C(c1c(O)n(Cc2ccccc2)c2ccccc12)N1CCc2ccccc2C1,0.22085103392601013,0.09680920586682816,0.0,0.0,0.0,0.09680920586682816,single,ok,single_mode
single_target_b1_a6000_post,2026-02-20T19:22:55,2,12,COc1ccc(C(C(N)=O)N2CCN(c3ccc(NC(=O)c4ccccc4Cl)cc3Cl)CC2)cc1,COc1ccc(C(C(N)=O)N2CCN(c3ccc(NC(=O)c4ccccc4Cl)cc3Cl)CC2)cc1,0.20771445582310358,0.08800151060466889,0.0,0.0,0.0,0.08800151060466889,single,ok,single_mode
single_target_b1_a6000_post,2026-02-20T19:22:55,2,13,Cc1cccc(C2CC(c3ccc(Cl)cc3)CN3CNCC23)n1,Cc1cccc(C2CC(c3ccc(Cl)cc3)CN3CNCC23)n1,0.21717321376005808,0.0942669222427347,0.0,0.0,0.0,0.0942669222427347,single,ok,single_mode
single_target_b1_a6000_post,2026-02-20T19:22:55,2,14,CCC1Cc2c(C)nc3c(C(F)(F)F)cnn3c2N1c1cc(Cl)ccc1C,CCC1Cc2c(C)nc3c(C(F)(F)F)cnn3c2N1c1cc(Cl)ccc1C,0.28986433148384094,0.1569518043856753,0.0,0.0,0.0,0.1569518043856753,single,ok,single_mode
single_target_b1_a6000_post,2026-02-20T19:22:55,2,15,CCN(CC)C1CCC2(CC1)C[S+]([O-])c1ccccc12,CCN(CC)C1CCC2(CC1)C[S+]([O-])c1ccccc12,0.15257456401983896,0.058447373723965586,0.0,0.0,0.0,0.058447373723965586,single,ok,single_mode
single_target_b1_a6000_post,2026-02-20T19:29:21,3,0,CCCCCn1c(-c2ccccc2)c(C(=O)c2ccc(Cl)cc2)c2ccccc21,CCCCCn1c(-c2ccccc2)c(C(=O)c2ccc(Cl)cc2)c2ccccc21,0.25876474877198535,0.12676364042464333,0.0,0.0,0.0,0.12676364042464333,single,ok,single_mode
single_target_b1_a6000_post,2026-02-20T19:29:21,3,1,CC(=O)OCC1OC(C(C)OC(=O)C=CC(=O)OC2CCC3(C)C(OC(C)=O)C(OC(C)=O)CC(C3OC(C)=O)C2(C)C)C(OC(C)=O)C(OC(C)=O)C1OC(C)=O,CC(=O)OCC1OC(C(C)OC(=O)C=CC(=O)OC2CCC3(C)C(OC(C)=O)C(OC(C)=O)CC(C3OC(C)=O)C2(C)C)C(OC(C)=O)C(OC(C)=O)C1OC(C)=O,0.3393322179714839,0.2166422256307806,0.0,0.0,0.0,0.2166422256307806,single,ok,single_mode
single_target_b1_a6000_post,2026-02-20T19:29:21,3,2,O=C(CN1CCOCC1)NCc1ccco1,O=C(CN1CCOCC1)NCc1ccco1,0.149106835325559,0.05693927551780278,0.0,0.0,0.0,0.05693927551780278,single,ok,single_mode
single_target_b1_a6000_post,2026-02-20T19:29:21,3,3,Cc1cc(CCNS(=O)(=O)c2ccc(N)cc2)no1,Cc1cc(CCNS(=O)(=O)c2ccc(N)cc2)no1,0.10499213884274165,0.040696598279687725,0.0,0.0,0.0,0.040696598279687725,single,ok,single_mode
single_target_b1_a6000_post,2026-02-20T19:29:21,3,4,CC(C(c1ccccc1)n1ccc2cc(C=CC(O)=NO)ccc21)N1CCN(C)CC1,CC(C(c1ccccc1)n1ccc2cc(C=CC(O)=NO)ccc21)N1CCN(C)CC1,0.3199714720249176,0.19151000928658962,0.0,0.0,0.0,0.19151000928658962,single,ok,single_mode
single_target_b1_a6000_post,2026-02-20T19:29:21,3,5,Cc1nc(C2CCCCN2C(=O)C2CCCCN2C(=O)C2CCC2)no1,Cc1nc(C2CCCCN2C(=O)C2CCCCN2C(=O)C2CCC2)no1,0.05490151420235634,0.027631245700387847,0.0,0.0,0.0,0.027631245700387847,single,ok,single_mode
single_target_b1_a6000_post,2026-02-20T19:29:21,3,6,CC(C)N=c1[nH]c(-c2ccc(NCCN3CCN(C)CC3)cc2)cc2ncn(C)c(=O)c12,CC(C)N=c1[nH]c(-c2ccc(NCCN3CCN(C)CC3)cc2)cc2ncn(C)c(=O)c12,0.3096091051896413,0.17900149092283915,0.0,0.0,0.0,0.17900149092283915,single,ok,single_mode
single_target_b1_a6000_post,2026-02-20T19:29:21,3,7,CCCCCC(=O)Oc1ccc(C2=NCCO2)cc1,CCCCCC(=O)Oc1ccc(C2=NCCO2)cc1,0.27364244560400647,0.14053416651428766,0.0,0.0,0.0,0.14053416651428766,single,ok,single_mode
single_target_b1_a6000_post,2026-02-20T19:29:21,3,8,CCN1CCN(C(=O)c2cc3c(-c4cccc(F)c4)nn(C)c3s2)CC1,CCN1CCN(C(=O)c2cc3c(-c4cccc(F)c4)nn(C)c3s2)CC1,0.2552332977453868,0.12366917488763826,0.0,0.0,0.0,0.12366917488763826,single,ok,single_mode
single_target_b1_a6000_post,2026-02-20T19:29:21,3,9,O=c1c2ccccc2[nH]c(=NN=Cc2ccc(Cl)cc2)n1O,O=c1c2ccccc2[nH]c(=NN=Cc2ccc(Cl)cc2)n1O,0.5447273949782053,0.5885124118260991,0.0,0.0,0.0,0.5885124118260991,single,ok,single_mode
single_target_b1_a6000_post,2026-02-20T19:29:21,3,10,CC(CN1C(=O)OC2CC3(CCCC3)CC21)N1CCC([N+](=O)[O-])C1,CC(CN1C(=O)OC2CC3(CCCC3)CC21)N1CCC([N+](=O)[O-])C1,0.07850973308086395,0.03318458489836258,0.0,0.0,0.0,0.03318458489836258,single,ok,single_mode
single_target_b1_a6000_post,2026-02-20T19:29:21,3,11,CN(Cc1ccccc1)C(=O)C1CC(CC(=O)O)CN(Cc2ccc(Oc3cccc4c(=O)[nH]ncc34)cc2)C1=O,CN(Cc1ccccc1)C(=O)C1CC(CC(=O)O)CN(Cc2ccc(Oc3cccc4c(=O)[nH]ncc34)cc2)C1=O,0.34047648807366687,0.21819979265782943,0.0,0.0,0.0,0.21819979265782943,single,ok,single_mode
single_target_b1_a6000_post,2026-02-20T19:29:21,3,12,CCCCCCCCCCNCC1CC(OC2(C(=O)O)OC(COC(=O)N3CCC(CCN)C3)SCC2N)CN1,CCCCCCCCCCNCC1CC(OC2(C(=O)O)OC(COC(=O)N3CCC(CCN)C3)SCC2N)CN1,0.45013731718063354,0.40157630390367016,0.0,0.0,0.0,0.40157630390367016,single,ok,single_mode
single_target_b1_a6000_post,2026-02-20T19:29:21,3,13,CN=c1nc(OCCCN(C)C)[nH]c2[nH]c(Cc3ccc(C)cc3)nc12,CN=c1nc(OCCCN(C)C)[nH]c2[nH]c(Cc3ccc(C)cc3)nc12,0.3564656376838684,0.2408043209281992,0.0,0.0,0.0,0.2408043209281992,single,ok,single_mode
single_target_b1_a6000_post,2026-02-20T19:29:21,3,14,O=C(c1cc(C(F)(F)F)cc(C(F)(F)F)c1)N1CC2CC(C1)N(C1CCCCC1)C2,O=C(c1cc(C(F)(F)F)cc(C(F)(F)F)c1)N1CC2CC(C1)N(C1CCCCC1)C2,0.06607521946231525,0.03013708556334929,0.0,0.0,0.0,0.03013708556334929,single,ok,single_mode
single_target_b1_a6000_post,2026-02-20T19:29:21,3,15,CCN(CC)CCCC(=O)Nc1ccc2[nH]cnc(=Nc3cccc(Br)c3)c2c1,CCN(CC)CCCC(=O)Nc1ccc2[nH]cnc(=Nc3cccc(Br)c3)c2c1,0.2697977473338445,0.13686004440128496,0.0,0.0,0.0,0.13686004440128496,single,ok,single_mode
single_target_b1_a6000_post,2026-02-20T19:35:56,4,0,Oc1ccc(Cl)c2ccccc12,Oc1ccc(Cl)c2ccccc12,0.48093685507774353,0.46194743324014437,0.0,0.0,0.0,0.46194743324014437,single,ok,single_mode
single_target_b1_a6000_post,2026-02-20T19:35:56,4,1,CC1CN2CCCCC2CN1C(=O)CN1CCCC1CCN1CCN(C(=O)Nc2cccc(Cl)c2)CC1,CC1CN2CCCCC2CN1C(=O)CN1CCCC1CCN1CCN(C(=O)Nc2cccc(Cl)c2)CC1,0.2062459538380305,0.08706319959070975,0.0,0.0,0.0,0.08706319959070975,single,ok,single_mode
single_target_b1_a6000_post,2026-02-20T19:35:56,4,2,CCOC(=O)C1CCCN(C(=O)Cn2c(=O)oc3ccc(-c4ccccc4)cc32)C1,CCOC(=O)C1CCCN(C(=O)Cn2c(=O)oc3ccc(-c4ccccc4)cc32)C1,0.28850724796454114,0.15552061678516915,0.0,0.0,0.0,0.15552061678516915,single,ok,single_mode
single_target_b1_a6000_post,2026-02-20T19:35:56,4,3,COc1cc(OC2OC(CO)C(O)C(O)C2O)c2c(=O)c(CC=C(C)C)c(-c3cc(O)cc(O)c3)oc2c1,COc1cc(OC2OC(CO)C(O)C(O)C2O)c2c(=O)c(CC=C(C)C)c(-c3cc(O)cc(O)c3)oc2c1,0.1167584794263045,0.044534598803618514,0.0,0.0,0.0,0.044534598803618514,single,ok,single_mode
single_target_b1_a6000_post,2026-02-20T19:35:56,4,4,CN1CCC(C(=O)NC2CCCC(N=c3nc(-n4c(=Nc5ccccc5)[nH]c5cc(C#N)ccc54)cc[nH]3)CC2)(N2CCCCC2)CC1,CN1CCC(C(=O)NC2CCCC(N=c3nc(-n4c(=Nc5ccccc5)[nH]c5cc(C#N)ccc54)cc[nH]3)CC2)(N2CCCCC2)CC1,0.2501656462748845,0.11934212661777116,0.0,0.0,0.0,0.11934212661777116,single,ok,single_mode
single_target_b1_a6000_post,2026-02-20T19:35:56,4,5,Clc1cccc(Cl)c1CN1CCN(c2cc(-c3ccccc3)nc3ccccc23)CC1,Clc1cccc(Cl)c1CN1CCN(c2cc(-c3ccccc3)nc3ccccc23)CC1,0.2957940138876438,0.16333124963683285,0.0,0.0,0.0,0.16333124963683285,single,ok,single_mode
single_target_b1_a6000_post,2026-02-20T19:35:56,4,6,CCCCC(=O)N=C1SC2CS(=O)(=O)CC2N1Cc1ccccc1,CCCCC(=O)N=C1SC2CS(=O)(=O)CC2N1Cc1ccccc1,0.10111683358748753,0.039503338036555875,0.0,0.0,0.0,0.039503338036555875,single,ok,single_mode
single_target_b1_a6000_post,2026-02-20T19:35:56,4,7,Cc1ccc(NS(=O)(=O)c2ccc(CCC(O)=NO)cc2)cc1,Cc1ccc(NS(=O)(=O)c2ccc(CCC(O)=NO)cc2)cc1,0.17156302432219186,0.0673896645556655,0.0,0.0,0.0,0.0673896645556655,single,ok,single_mode
single_target_b1_a6000_post,2026-02-20T19:35:56,4,8,CC1SCc2ncnc(N3CCN(C(=O)C(CC4CCCC4)CN(O)C=O)CC3)c21,CC1SCc2ncnc(N3CCN(C(=O)C(CC4CCCC4)CN(O)C=O)CC3)c21,0.12215396761894226,0.04640781368099752,0.0,0.0,0.0,0.04640781368099752,single,ok,single_mode
single_target_b1_a6000_post,2026-02-20T19:35:56,4,9,COc1ccc2ccc3c(C(=O)NCCCN(C)CCCNC(=O)c4cccc5cc6cc(O)ccc6nc45)ccnc3c2c1,COc1ccc2ccc3c(C(=O)NCCCN(C)CCCNC(=O)c4cccc5cc6cc(O)ccc6nc45)ccnc3c2c1,0.5224776864051819,0.5448346243665829,0.0,0.0,0.0,0.5448346243665829,single,ok,single_mode
single_target_b1_a6000_post,2026-02-20T19:35:56,4,10,CCOc1nccnc1C(=NO)n1nc(C)cc1C,CCOc1nccnc1C(=NO)n1nc(C)cc1C,0.21631926794846854,0.09368525304960433,0.0,0.0,0.0,0.09368525304960433,single,ok,single_mode
single_target_b1_a6000_post,2026-02-20T19:35:56,4,11,NC(=O)c1c(O)nc2n1Cc1cc(OCC(=O)Nc3cccc(S(=O)(=O)N4CCOCC4)c3)ccc1C1CCCN21,NC(=O)c1c(O)nc2n1Cc1cc(OCC(=O)Nc3cccc(S(=O)(=O)N4CCOCC4)c3)ccc1C1CCCN21,0.4408888320128123,0.3839326030479461,0.0,0.0,0.0,0.3839326030479461,single,ok,single_mode
single_target_b1_a6000_post,2026-02-20T19:35:56,4,12,CC(C)C(C(=O)N(Cc1cccnc1)Cc1cccs1)N(C)Cc1ccccc1,CC(C)C(C(=O)N(Cc1cccnc1)Cc1cccs1)N(C)Cc1ccccc1,0.19237670799096426,0.07863884270465332,0.0,0.0,0.0,0.07863884270465332,single,ok,single_mode
single_target_b1_a6000_post,2026-02-20T19:35:56,4,13,O=C(c1cc2ccccc2o1)c1c(O)c(O)n(-c2cc3ccccc3s2)c1O,O=C(c1cc2ccccc2o1)c1c(O)c(O)n(-c2cc3ccccc3s2)c1O,0.44605499505996704,0.39375387012960344,0.0,0.0,0.0,0.39375387012960344,single,ok,single_mode
single_target_b1_a6000_post,2026-02-20T19:35:56,4,14,COc1ccccc1CSc1nc(C)n[nH]1,COc1ccccc1CSc1nc(C)n[nH]1,0.26560593644777936,0.13294665928700167,0.0,0.0,0.0,0.13294665928700167,single,ok,single_mode
single_target_b1_a6000_post,2026-02-20T19:35:56,4,15,CCCCCCCCC=Cc1cc(C)n(O)c(=O)c1,CCCCCCCCC=Cc1cc(C)n(O)c(=O)c1,0.3887906074523926,0.29117687160436195,0.0,0.0,0.0,0.29117687160436195,single,ok,single_mode
single_target_b1_a6000_post,2026-02-20T19:41:55,5,0,CN(CCCN1CCc2cc(O)c(O)cc2CC1=O)CCC(c1ccccc1)c1ccccc1,CN(CCCN1CCc2cc(O)c(O)cc2CC1=O)CCC(c1ccccc1)c1ccccc1,0.36026017864545185,0.24639757136388354,0.0,0.0,0.0,0.24639757136388354,single,ok,single_mode
single_target_b1_a6000_post,2026-02-20T19:41:55,5,1,NC(=O)C1C2C=CC(C2)C1C(=O)N1CCOCC1,NC(=O)C1C2C=CC(C2)C1C(=O)N1CCOCC1,0.052967128033439316,0.027218490173171815,0.0,0.0,0.0,0.027218490173171815,single,ok,single_mode
single_target_b1_a6000_post,2026-02-20T19:41:55,5,2,CN(C)CCCCCCCCN1C(=O)c2ccccc2C1=O,CN(C)CCCCCCCCN1C(=O)c2ccccc2C1=O,0.25180646777153015,0.1207286319523188,0.0,0.0,0.0,0.1207286319523188,single,ok,single_mode
single_target_b1_a6000_post,2026-02-20T19:41:55,5,3,CC(C)(C)OC(=O)c1ccc(N=Cc2cc(O)cc(O)c2)cc1,CC(C)(C)OC(=O)c1ccc(N=Cc2cc(O)cc(O)c2)cc1,0.36921486258506775,0.2599398710188854,0.0,0.0,0.0,0.2599398710188854,single,ok,single_mode
single_target_b1_a6000_post,2026-02-20T19:41:55,5,4,O=C(NC1CC1c1ccccc1)C(c1ccccc1)N1CCN(CCc2ccccc2)CC1,O=C(NC1CC1c1ccccc1)C(c1ccccc1)N1CCN(CCc2ccccc2)CC1,0.14842921122908592,0.056648881602656256,0.0,0.0,0.0,0.056648881602656256,single,ok,single_mode
single_target_b1_a6000_post,2026-02-20T19:41:55,5,5,CC(C)(C)OC(=O)n1ccc(-c2nccn2Cc2ccccc2)cc1=O,CC(C)(C)OC(=O)n1ccc(-c2nccn2Cc2ccccc2)cc1=O,0.30348104735215503,0.1719098774156558,0.0,0.0,0.0,0.1719098774156558,single,ok,single_mode
single_target_b1_a6000_post,2026-02-20T19:41:55,5,6,O=C1CSC(c2ccc3c(c2)OCO3)N1c1ccc(F)cc1,O=C1CSC(c2ccc3c(c2)OCO3)N1c1ccc(F)cc1,0.17959626019001007,0.07154269992426818,0.0,0.0,0.0,0.07154269992426818,single,ok,single_mode
single_target_b1_a6000_post,2026-02-20T19:41:55,5,7,Oc1cc(O)c(-c2cc(-c3ccc4c(c3)OCO4)on2)cc1-c1ccccc1,Oc1cc(O)c(-c2cc(-c3ccc4c(c3)OCO4)on2)cc1-c1ccccc1,0.3230816026528676,0.19539203559411247,0.0,0.0,0.0,0.19539203559411247,single,ok,single_mode
single_target_b1_a6000_post,2026-02-20T19:41:55,5,8,COc1ccc(C2OCC3(O)c4cc5c(cc4OCC23)OCO5)cc1O,COc1ccc(C2OCC3(O)c4cc5c(cc4OCC23)OCO5)cc1O,0.2788638472557068,0.14565562964490408,0.0,0.0,0.0,0.14565562964490408,single,ok,single_mode
single_target_b1_a6000_post,2026-02-20T19:41:55,5,9,COc1ccc(-c2cc(OC)nnc2-c2ccsc2)cc1,COc1ccc(-c2cc(OC)nnc2-c2ccsc2)cc1,0.25053151945273083,0.11965009447819161,0.0,0.0,0.0,0.11965009447819161,single,ok,single_mode
single_target_b1_a6000_post,2026-02-20T19:41:55,5,10,COc1ccc(-c2nnc(Cc3nnc(-c4cccs4)o3)o2)cc1,COc1ccc(-c2nnc(Cc3nnc(-c4cccs4)o3)o2)cc1,0.2938137998183568,0.16117794333017899,0.0,0.0,0.0,0.16117794333017899,single,ok,single_mode
single_target_b1_a6000_post,2026-02-20T19:41:55,5,11,CC(Cc1c[nH]c2ccccc12)(N=c1ccc(C(F)(F)F)c[nH]1)c1nc2cc(Cl)ccc2n1-c1ccccc1,CC(Cc1c[nH]c2ccccc12)(N=c1ccc(C(F)(F)F)c[nH]1)c1nc2cc(Cl)ccc2n1-c1ccccc1,0.2633711099624634,0.13089924917743007,0.0,0.0,0.0,0.13089924917743007,single,ok,single_mode
single_target_b1_a6000_post,2026-02-20T19:41:55,5,12,c1ccc2c(c1)CCC(c1nnc(C3CCCNC3)o1)O2,c1ccc2c(c1)CCC(c1nnc(C3CCCNC3)o1)O2,0.19957425693670908,0.08291334464893148,0.0,0.0,0.0,0.08291334464893148,single,ok,single_mode
single_target_b1_a6000_post,2026-02-20T19:41:55,5,13,COc1cc(O)c(Oc2c(F)c(F)cc(F)c2F)c(C(C)=O)c1,COc1cc(O)c(Oc2c(F)c(F)cc(F)c2F)c(C(C)=O)c1,0.22324966887633005,0.0985000750763892,0.0,0.0,0.0,0.0985000750763892,single,ok,single_mode
single_target_b1_a6000_post,2026-02-20T19:41:55,5,14,O=c1c2ccccc2c(-c2ccc(F)cc2)nn1-c1ccc(F)cc1,O=c1c2ccccc2c(-c2ccc(F)cc2)nn1-c1ccc(F)cc1,0.2581632783015569,0.12623195994804268,0.0,0.0,0.0,0.12623195994804268,single,ok,single_mode
single_target_b1_a6000_post,2026-02-20T19:41:55,5,15,O=Cc1ccc(OCc2cn(Cc3cc(-c4ccccc4)on3)nn2)cc1,O=Cc1ccc(OCc2cn(Cc3cc(-c4ccccc4)on3)nn2)cc1,0.24203621844450632,0.11267434991466194,0.0,0.0,0.0,0.11267434991466194,single,ok,single_mode
single_target_b1_a6000_post,2026-02-20T19:47:44,6,0,CC(C)c1cc2c(c(Cl)c1Cl)OC(O)(C(F)(F)F)OC2,CC(C)c1cc2c(c(Cl)c1Cl)OC(O)(C(F)(F)F)OC2,0.36104296644528705,0.24756223788752518,0.0,0.0,0.0,0.24756223788752518,single,ok,single_mode
single_target_b1_a6000_post,2026-02-20T19:47:44,6,1,CCc1cc(C(=O)NN=Cc2ccc(Cl)cc2)[nH]n1,CCc1cc(C(=O)NN=Cc2ccc(Cl)cc2)[nH]n1,0.3120337227980296,0.1818698340101666,0.0,0.0,0.0,0.1818698340101666,single,ok,single_mode
single_target_b1_a6000_post,2026-02-20T19:47:44,6,2,CC(O)CNCC1CCN(c2cc(-c3[nH]nc4cnc(-c5cnn(C)c5)cc34)ccn2)CC1,CC(O)CNCC1CCN(c2cc(-c3[nH]nc4cnc(-c5cnn(C)c5)cc34)ccn2)CC1,0.1662160779039065,0.06475053265798413,0.0,0.0,0.0,0.06475053265798413,single,ok,single_mode
single_target_b1_a6000_post,2026-02-20T19:47:44,6,3,Fc1ccc(NC(=S)N(Cc2ccc3c(c2)OCO3)C2CCCCCC2)cc1,Fc1ccc(NC(=S)N(Cc2ccc3c(c2)OCO3)C2CCCCCC2)cc1,0.16090160111586252,0.06222301654152156,0.0,0.0,0.0,0.06222301654152156,single,ok,single_mode
single_target_b1_a6000_post,2026-02-20T19:47:44,6,4,COc1cccc(CN2CCc3cc(-c4cncc5nnc(C6(C)COC6)n45)ccc3C(C)C2)n1,COc1cccc(CN2CCc3cc(-c4cncc5nnc(C6(C)COC6)n45)ccc3C(C)C2)n1,0.12286451707283656,0.04666002126804161,0.0,0.0,0.0,0.04666002126804161,single,ok,single_mode
single_target_b1_a6000_post,2026-02-20T19:47:44,6,5,O=C(O)Cc1ccc(-c2ccccn2)c(Cl)c1,O=C(O)Cc1ccc(-c2ccccn2)c(Cl)c1,0.28881483276685077,0.15584406141832413,0.0,0.0,0.0,0.15584406141832413,single,ok,single_mode
single_target_b1_a6000_post,2026-02-20T19:47:44,6,6,CCOC(=O)C(Cc1ccc2ccccc2c1)=NC(=O)c1ccccc1Cl,CCOC(=O)C(Cc1ccc2ccccc2c1)=NC(=O)c1ccccc1Cl,0.22843260069688162,0.10224372541366883,0.0,0.0,0.0,0.10224372541366883,single,ok,single_mode
single_target_b1_a6000_post,2026-02-20T19:47:44,6,7,CCCCc1ccc(-c2ccc(CC3=NC(=S)NC3=O)s2)cc1,CCCCc1ccc(-c2ccc(CC3=NC(=S)NC3=O)s2)cc1,0.34826969106992084,0.22902187614184466,0.0,0.0,0.0,0.22902187614184466,single,ok,single_mode
single_target_b1_a6000_post,2026-02-20T19:47:44,6,8,CC1Cc2ccccc2N1C(=O)COc1ccc(Cl)cc1Br,CC1Cc2ccccc2N1C(=O)COc1ccc(Cl)cc1Br,0.3667754530906677,0.25620331897784393,0.0,0.0,0.0,0.25620331897784393,single,ok,single_mode
single_target_b1_a6000_post,2026-02-20T19:47:44,6,9,Cc1nnc(C2CCC3CCC(Cn4nc(-c5ccc(Oc6ccccc6)cc5F)c5c(=N)[nH]cnc54)N32)o1,Cc1nnc(C2CCC3CCC(Cn4nc(-c5ccc(Oc6ccccc6)cc5F)c5c(=N)[nH]cnc54)N32)o1,0.10240245082726081,0.03989543119645702,0.0,0.0,0.0,0.03989543119645702,single,ok,single_mode
single_target_b1_a6000_post,2026-02-20T19:47:44,6,10,CCN1CCN(CCCCN2CC(c3ccc(OC)cc3)C(C(=O)O)C2c2c(F)cccc2F)CC1,CCN1CCN(CCCCN2CC(c3ccc(OC)cc3)C(C(=O)O)C2c2c(F)cccc2F)CC1,0.308980459968249,0.17826359829909874,0.0,0.0,0.0,0.17826359829909874,single,ok,single_mode
single_target_b1_a6000_post,2026-02-20T19:47:44,6,11,NCC(c1nn[nH]n1)N1c2ccccc2Sc2ccccc21,NCC(c1nn[nH]n1)N1c2ccccc2Sc2ccccc21,0.35001449783643085,0.23149584981958762,0.0,0.0,0.0,0.23149584981958762,single,ok,single_mode
single_target_b1_a6000_post,2026-02-20T19:47:44,6,12,NC(=S)NN=C1C2CCCC1C(c1ccccc1F)NC2c1cccc(Cl)c1,NC(=S)NN=C1C2CCCC1C(c1ccccc1F)NC2c1cccc(Cl)c1,0.13765841722488403,0.052216247678553,0.0,0.0,0.0,0.052216247678553,single,ok,single_mode
single_target_b1_a6000_post,2026-02-20T19:47:44,6,13,Cc1ccc(CNC(=O)c2ccccc2-n2cnnn2)o1,Cc1ccc(CNC(=O)c2ccccc2-n2cnnn2)o1,0.20932549238204956,0.08904139680440533,0.0,0.0,0.0,0.08904139680440533,single,ok,single_mode
single_target_b1_a6000_post,2026-02-20T19:47:44,6,14,Oc1c(C=CCCCc2ccccc2)c(O)c2ccccc2c1O,Oc1c(C=CCCCc2ccccc2)c(O)c2ccccc2c1O,0.437537024418513,0.3776102783288466,0.0,0.0,0.0,0.3776102783288466,single,ok,single_mode
single_target_b1_a6000_post,2026-02-20T19:47:44,6,15,COc1cccc(Oc2ccc(C(=O)NCC3CN(C)CCO3)cn2)c1,COc1cccc(Oc2ccc(C(=O)NCC3CN(C)CCO3)cn2)c1,0.1878665710488955,0.07606401984566699,0.0,0.0,0.0,0.07606401984566699,single,ok,single_mode
single_target_b1_a6000_post,2026-02-20T19:54:00,7,0,Cc1ccc(-c2nn(CC(F)(F)F)c3cnc4[nH]cnc4c23)cc1F,Cc1ccc(-c2nn(CC(F)(F)F)c3cnc4[nH]cnc4c23)cc1F,0.23060467839241028,0.10384978469342221,0.0,0.0,0.0,0.10384978469342221,single,ok,single_mode
single_target_b1_a6000_post,2026-02-20T19:54:00,7,1,CC1CN(C(C)CO)C(=O)c2cc(NS(=O)(=O)c3ccccc3)ccc2OC1CN(C)C(=O)Nc1ccc(C(F)(F)F)cc1,CC1CN(C(C)CO)C(=O)c2cc(NS(=O)(=O)c3ccccc3)ccc2OC1CN(C)C(=O)Nc1ccc(C(F)(F)F)cc1,0.137543315688769,0.05217069572976053,0.0,0.0,0.0,0.05217069572976053,single,ok,single_mode
single_target_b1_a6000_post,2026-02-20T19:54:00,7,2,CC(C)(C)c1cc(N2CCN(C3CC3)CC2)cc(N2C(N)=NC(N)=NC2(C)C)c1,CC(C)(C)c1cc(N2CCN(C3CC3)CC2)cc(N2C(N)=NC(N)=NC2(C)C)c1,0.33229103684425354,0.20723528166158886,0.0,0.0,0.0,0.20723528166158886,single,ok,single_mode
single_target_b1_a6000_post,2026-02-20T19:54:00,7,3,CCOc1ccc(CCNC(=O)CSc2nc3cc(OC)ccc3[nH]2)cc1OCC,CCOc1ccc(CCNC(=O)CSc2nc3cc(OC)ccc3[nH]2)cc1OCC,0.23560601472854614,0.10763283754548955,0.0,0.0,0.0,0.10763283754548955,single,ok,single_mode
single_target_b1_a6000_post,2026-02-20T19:54:00,7,4,Cc1ccccc1NC(=O)Nc1ccc2[nH]c(=O)[nH]c2c1,Cc1ccccc1NC(=O)Nc1ccc2[nH]c(=O)[nH]c2c1,0.3023186574379603,0.17059011990626902,0.0,0.0,0.0,0.17059011990626902,single,ok,single_mode
single_target_b1_a6000_post,2026-02-20T19:54:00,7,5,COc1cc(CCNCC(O)c2ccc(O)cc2)ccc1OCCCc1ccccc1,COc1cc(CCNCC(O)c2ccc(O)cc2)ccc1OCCCc1ccccc1,0.3577644924322764,0.2427090618157371,0.0,0.0,0.0,0.2427090618157371,single,ok,single_mode
single_target_b1_a6000_post,2026-02-20T19:54:00,7,6,CCC(=O)Nc1cccc(-c2cccnc2)c1,CCC(=O)Nc1cccc(-c2cccnc2)c1,0.26626619696617126,0.13355671623652143,0.0,0.0,0.0,0.13355671623652143,single,ok,single_mode
single_target_b1_a6000_post,2026-02-20T19:54:00,7,7,C=CCC(c1ccc(Cl)cc1)N1CCC(N2CCC(C(=O)NC(CNCc3ccc(Cl)cc3C)C(=O)NC3CCCCC3)CC2)CC1,C=CCC(c1ccc(Cl)cc1)N1CCC(N2CCC(C(=O)NC(CNCc3ccc(Cl)cc3C)C(=O)NC3CCCCC3)CC2)CC1,0.43347662687301636,0.37000695310426024,0.0,0.0,0.0,0.37000695310426024,single,ok,single_mode
single_target_b1_a6000_post,2026-02-20T19:54:00,7,8,COc1cccc(C=NNC(=O)c2nn(-c3ccccn3)c3ccccc23)c1OC,COc1cccc(C=NNC(=O)c2nn(-c3ccccn3)c3ccccc23)c1OC,0.3686397174994151,0.2590557186729115,0.0,0.0,0.0,0.2590557186729115,single,ok,single_mode
single_target_b1_a6000_post,2026-02-20T19:54:00,7,9,Cc1ccc(C(=O)NCC(=O)NC(C)c2ccc(C(=O)c3ccccc3)cc2)cc1C,Cc1ccc(C(=O)NCC(=O)NC(C)c2ccc(C(=O)c3ccccc3)cc2)cc1C,0.1878167117635409,0.07603599238498167,0.0,0.0,0.0,0.07603599238498167,single,ok,single_mode
single_target_b1_a6000_post,2026-02-20T19:54:00,7,10,O=C(N=c1[nH]c2cc(Cl)c(Br)c(Br)c2[nH]1)c1ccc2c(c1)OCO2,O=C(N=c1[nH]c2cc(Cl)c(Br)c(Br)c2[nH]1)c1ccc2c(c1)OCO2,0.5073046088218689,0.514605061683976,0.0,0.0,0.0,0.514605061683976,single,ok,single_mode
single_target_b1_a6000_post,2026-02-20T19:54:00,7,11,COc1ccccc1N1CCN(N=CC=Cc2ccccc2)CC1,COc1ccccc1N1CCN(N=CC=Cc2ccccc2)CC1,0.3223906457424164,0.19452447384415938,0.0,0.0,0.0,0.19452447384415938,single,ok,single_mode
single_target_b1_a6000_post,2026-02-20T19:54:00,7,12,CC(=O)c1c(NC(=O)C=C(C)C)oc2ccccc2c1=O,CC(=O)c1c(NC(=O)C=C(C)C)oc2ccccc2c1=O,0.3487933278083801,0.2297623875513223,0.0,0.0,0.0,0.2297623875513223,single,ok,single_mode
single_target_b1_a6000_post,2026-02-20T19:54:00,7,13,O=C1C(Cl)C(c2cn(-c3ccc([N+](=O)[O-])cc3)nc2-c2ccccn2)N1c1ccccc1,O=C1C(Cl)C(c2cn(-c3ccc([N+](=O)[O-])cc3)nc2-c2ccccn2)N1c1ccccc1,0.3439623713493347,0.22299437735499197,0.0,0.0,0.0,0.22299437735499197,single,ok,single_mode
single_target_b1_a6000_post,2026-02-20T19:54:00,7,14,O=C(Oc1ccc(Cl)cc1)c1ccc(-c2ccccc2)cc1,O=C(Oc1ccc(Cl)cc1)c1ccc(-c2ccccc2)cc1,0.410067747036616,0.32751234096984466,0.0,0.0,0.0,0.32751234096984466,single,ok,single_mode
single_target_b1_a6000_post,2026-02-20T19:54:00,7,15,CCN(CC)C(=O)c1ccc2[nH]c(O)c(C3=Nc4ccccc4C3=O)c2c1,CCN(CC)C(=O)c1ccc2[nH]c(O)c(C3=Nc4ccccc4C3=O)c2c1,0.1431193401416143,0.05442110552433916,0.0,0.0,0.0,0.05442110552433916,single,ok,single_mode
single_target_b1_a6000_post,2026-02-20T20:00:36,8,0,Cc1nc(-c2ccccc2)cn1-c1ccc(Cl)cc1,Cc1nc(-c2ccccc2)cn1-c1ccc(Cl)cc1,0.32658528288205463,0.19983631013737282,0.0,0.0,0.0,0.19983631013737282,single,ok,single_mode
single_target_b1_a6000_post,2026-02-20T20:00:36,8,1,COc1cccc(N=c2nc3c(c[nH]2)ncc(=O)n3-c2ccc3c(c2)OCO3)c1,COc1cccc(N=c2nc3c(c[nH]2)ncc(=O)n3-c2ccc3c(c2)OCO3)c1,0.1378223846356074,0.052281203421020155,0.0,0.0,0.0,0.052281203421020155,single,ok,single_mode
single_target_b1_a6000_post,2026-02-20T20:00:36,8,2,NC(=O)c1c(C(F)(F)F)c(-c2cc(C(O)CO)[nH]n2)nc2c1ccc1ccccc12,NC(=O)c1c(C(F)(F)F)c(-c2cc(C(O)CO)[nH]n2)nc2c1ccc1ccccc12,0.18311759581168494,0.07343665378902109,0.0,0.0,0.0,0.07343665378902109,single,ok,single_mode
single_target_b1_a6000_post,2026-02-20T20:00:36,8,3,CCCCCn1c2c(c3ccc(F)cc31)CCCC2,CCCCCn1c2c(c3ccc(F)cc31)CCCC2,0.31435900926589966,0.18465412548694118,0.0,0.0,0.0,0.18465412548694118,single,ok,single_mode
single_target_b1_a6000_post,2026-02-20T20:00:36,8,4,COc1ccccc1C(=O)NC(=S)NN=Cc1cccs1,COc1ccccc1C(=O)NC(=S)NN=Cc1cccs1,0.3389447232087453,0.21611659891892823,0.0,0.0,0.0,0.21611659891892823,single,ok,single_mode
single_target_b1_a6000_post,2026-02-20T20:00:36,8,5,COc1ccc(-c2ccc(COC3COc4nc([N+](=O)[O-])cn4C3)cc2)cc1OC,COc1ccc(-c2ccc(COC3COc4nc([N+](=O)[O-])cn4C3)cc2)cc1OC,0.29105829695860547,0.15821981400754467,0.0,0.0,0.0,0.15821981400754467,single,ok,single_mode
single_target_b1_a6000_post,2026-02-20T20:00:36,8,6,O=C(NCc1ccc(F)cc1)c1[nH]c(-c2ccncc2)nc(=O)c1O,O=C(NCc1ccc(F)cc1)c1[nH]c(-c2ccncc2)nc(=O)c1O,0.16485579311847687,0.06409463784748372,0.0,0.0,0.0,0.06409463784748372,single,ok,single_mode
single_target_b1_a6000_post,2026-02-20T20:00:36,8,7,CC(C)Oc1ccc(Oc2ccc(S(=O)(=O)N=c3[nH]cns3)cc2F)c(-c2ccnn2C)c1,CC(C)Oc1ccc(Oc2ccc(S(=O)(=O)N=c3[nH]cns3)cc2F)c(-c2ccnn2C)c1,0.1171555146574974,0.04466994932080711,0.0,0.0,0.0,0.04466994932080711,single,ok,single_mode
single_target_b1_a6000_post,2026-02-20T20:00:36,8,8,CC1(C(=O)N2CCOCC2)COC(c2nc(-c3ccc(F)cc3)c(-c3ccncc3)[nH]2)OC1,CC1(C(=O)N2CCOCC2)COC(c2nc(-c3ccc(F)cc3)c(-c3ccncc3)[nH]2)OC1,0.1544413740436236,0.059274677419375414,0.0,0.0,0.0,0.059274677419375414,single,ok,single_mode
single_target_b1_a6000_post,2026-02-20T20:00:36,8,9,O=c1cc(-c2cccc(OCCc3ccccc3)c2)oc2cc(O)cc(O)c12,O=c1cc(-c2cccc(OCCc3ccccc3)c2)oc2cc(O)cc(O)c12,0.3087741633256276,0.1780219706099336,0.0,0.0,0.0,0.1780219706099336,single,ok,single_mode
single_target_b1_a6000_post,2026-02-20T20:00:36,8,10,c1ccc2c(c1)-c1ccccc1C2(Sc1c[nH]nn1)c1cncnc1,c1ccc2c(c1)-c1ccccc1C2(Sc1c[nH]nn1)c1cncnc1,0.3665305475393931,0.25583013750814926,0.0,0.0,0.0,0.25583013750814926,single,ok,single_mode
single_target_b1_a6000_post,2026-02-20T20:00:36,8,11,O=C(c1ccccc1)c1cc(C(=O)N2CCC(O)(c3ccc(Cl)cc3)CC2)cc(C(O)=NO)c1,O=C(c1ccccc1)c1cc(C(=O)N2CCC(O)(c3ccc(Cl)cc3)CC2)cc(C(O)=NO)c1,0.26329492777585983,0.1308299300633229,0.0,0.0,0.0,0.1308299300633229,single,ok,single_mode
single_target_b1_a6000_post,2026-02-20T20:00:36,8,12,Cc1ccc2c(c1)N=C1CC(C)(C)CC(=O)C1C(c1ccc([S+](C)[O-])cc1)N2C,Cc1ccc2c(c1)N=C1CC(C)(C)CC(=O)C1C(c1ccc([S+](C)[O-])cc1)N2C,0.21794354418913522,0.09479441012069531,0.0,0.0,0.0,0.09479441012069531,single,ok,single_mode
single_target_b1_a6000_post,2026-02-20T20:00:36,8,13,c1ccc(Oc2ccc3nncn3n2)cc1,c1ccc(Oc2ccc3nncn3n2)cc1,0.42414068182309467,0.3527724855943247,0.0,0.0,0.0,0.3527724855943247,single,ok,single_mode
single_target_b1_a6000_post,2026-02-20T20:00:36,8,14,NC(=O)C=Cc1ccc(SCc2ccccc2)cc1,NC(=O)C=Cc1ccc(SCc2ccccc2)cc1,0.25216864546140033,0.12103654075177836,0.0,0.0,0.0,0.12103654075177836,single,ok,single_mode
single_target_b1_a6000_post,2026-02-20T20:00:36,8,15,Clc1ccc(Cn2ncc3ccccc32)cc1,Clc1ccc(Cn2ncc3ccccc32)cc1,0.41890912254651386,0.3432764578525159,0.0,0.0,0.0,0.3432764578525159,single,ok,single_mode
single_target_b1_a6000_post,2026-02-20T20:07:11,9,0,COc1ccc(COC(=O)NC(C(=O)NC(Cc2ccccc2)C(=O)C(=O)NCc2ccccc2)C(C)(C)C)cc1OC,COc1ccc(COC(=O)NC(C(=O)NC(Cc2ccccc2)C(=O)C(=O)NCc2ccccc2)C(C)(C)C)cc1OC,0.2993367413679759,0.16724132445025394,0.0,0.0,0.0,0.16724132445025394,single,ok,single_mode
single_target_b1_a6000_post,2026-02-20T20:07:11,9,1,O=C(O)c1cn(Cc2ccc(-c3ccccc3)cc2)c2ccccc2c1=O,O=C(O)c1cn(Cc2ccc(-c3ccccc3)cc2)c2ccccc2c1=O,0.19241982450087866,0.07866383831353119,0.0,0.0,0.0,0.07866383831353119,single,ok,single_mode
single_target_b1_a6000_post,2026-02-20T20:07:11,9,2,Cn1c(CNc2ccc3c(c2)OCO3)nnc1Sc1ncc([N+](=O)[O-])s1,Cn1c(CNc2ccc3c(c2)OCO3)nnc1Sc1ncc([N+](=O)[O-])s1,0.37202997008959454,0.26429559895250354,0.0,0.0,0.0,0.26429559895250354,single,ok,single_mode
single_target_b1_a6000_post,2026-02-20T20:07:11,9,3,CCCCN(C)CCCNC(=O)c1cn(CC(=O)c2c[nH]c3ccccc23)nn1,CCCCN(C)CCCNC(=O)c1cn(CC(=O)c2c[nH]c3ccccc23)nn1,0.3087473412354787,0.17799057373573648,0.0,0.0,0.0,0.17799057373573648,single,ok,single_mode
single_target_b1_a6000_post,2026-02-20T20:07:11,9,4,COCOc1cc(OC)ccc1C(=O)C=C(C#N)c1ccc(OC)cc1,COCOc1cc(OC)ccc1C(=O)C=C(C#N)c1ccc(OC)cc1,0.31480956077575684,0.1851974118130149,0.0,0.0,0.0,0.1851974118130149,single,ok,single_mode
single_target_b1_a6000_post,2026-02-20T20:07:11,9,5,Nc1ccc(S(=O)(=O)NCCCC(NC(=O)CCC(N)C(=O)O)C(=O)O)cc1,Nc1ccc(S(=O)(=O)NCCCC(NC(=O)CCC(N)C(=O)O)C(=O)O)cc1,0.37606677412986755,0.27062265057140883,0.0,0.0,0.0,0.27062265057140883,single,ok,single_mode
single_target_b1_a6000_post,2026-02-20T20:07:11,9,6,O=C(O)COc1ccc(CC(CC(=O)O)C(=O)O)cc1,O=C(O)COc1ccc(CC(CC(=O)O)C(=O)O)cc1,0.33396463592847186,0.20944353345019254,0.0,0.0,0.0,0.20944353345019254,single,ok,single_mode
single_target_b1_a6000_post,2026-02-20T20:07:11,9,7,C=C(C)CN(CC1CCCO1)C(=O)c1ccc2c(c1)OCO2,C=C(C)CN(CC1CCCO1)C(=O)c1ccc2c(c1)OCO2,0.09700006991624832,0.0382725030628252,0.0,0.0,0.0,0.0382725030628252,single,ok,single_mode
single_target_b1_a6000_post,2026-02-20T20:07:11,9,8,NNC(=O)c1ccc(-c2nnn(CC(=O)N(C3CC3)C(C(=O)NC3CCCC3)c3cccnc3)n2)cc1,NNC(=O)c1ccc(-c2nnn(CC(=O)N(C3CC3)C(C(=O)NC3CCCC3)c3cccnc3)n2)cc1,0.30597004915277165,0.1747630347130618,0.0,0.0,0.0,0.1747630347130618,single,ok,single_mode
single_target_b1_a6000_post,2026-02-20T20:07:11,9,9,Cc1n[nH]c(C)c1-c1nc(=Nc2ccc(S(=O)(=O)N3CCOCC3)cc2)c2c([nH]1)CCC2,Cc1n[nH]c(C)c1-c1nc(=Nc2ccc(S(=O)(=O)N3CCOCC3)cc2)c2c([nH]1)CCC2,0.25629350543022156,0.12459131374069932,0.0,0.0,0.0,0.12459131374069932,single,ok,single_mode
single_target_b1_a6000_post,2026-02-20T20:07:11,9,10,c1ccc(-c2nc3ccc(CN4CCC(N5CCCC5)CC4)cc3nc2-c2ccccc2)cc1,c1ccc(-c2nc3ccc(CN4CCC(N5CCCC5)CC4)cc3nc2-c2ccccc2)cc1,0.3794462978839874,0.27599218889637556,0.0,0.0,0.0,0.27599218889637556,single,ok,single_mode
single_target_b1_a6000_post,2026-02-20T20:07:11,9,11,O=C(N=c1cc[nH]cc1)NN=Cc1ccc(C(F)(F)F)cc1,O=C(N=c1cc[nH]cc1)NN=Cc1ccc(C(F)(F)F)cc1,0.4147469997406006,0.33580971611649824,0.0,0.0,0.0,0.33580971611649824,single,ok,single_mode
single_target_b1_a6000_post,2026-02-20T20:07:11,9,12,CCCCCC=CCC#CC#CC#CCC=CCCCCCC,CCCCCC=CCC#CC#CC#CCC=CCCCCCC,0.3983395000298818,0.30719113710076046,0.0,0.0,0.0,0.30719113710076046,single,ok,single_mode
single_target_b1_a6000_post,2026-02-20T20:07:11,9,13,COc1ccccc1C(=O)COC(=O)CSc1ccccc1,COc1ccccc1C(=O)COC(=O)CSc1ccccc1,0.19042005638281503,0.07751214698923048,0.0,0.0,0.0,0.07751214698923048,single,ok,single_mode
single_target_b1_a6000_post,2026-02-20T20:07:11,9,14,Cc1c(C(=O)NC(CC(=O)O)c2ccc(Br)cc2)cnn1-c1ccc(Br)cc1,Cc1c(C(=O)NC(CC(=O)O)c2ccc(Br)cc2)cnn1-c1ccc(Br)cc1,0.24424362182617188,0.114452011746812,0.0,0.0,0.0,0.114452011746812,single,ok,single_mode
single_target_b1_a6000_post,2026-02-20T20:07:11,9,15,O=C(COC(=O)c1ccc(Br)cc1)N=c1ccc(Cl)c[nH]1,O=C(COC(=O)c1ccc(Br)cc1)N=c1ccc(Cl)c[nH]1,0.2852137138446172,0.15209151629621065,0.0,0.0,0.0,0.15209151629621065,single,ok,single_mode
single_target_b1_a6000_post,2026-02-20T20:13:45,10,0,COc1cccc(C(=O)Nc2ccc(-c3nc4ccccc4[nH]c3=NC(C)=O)cc2)c1,COc1cccc(C(=O)Nc2ccc(-c3nc4ccccc4[nH]c3=NC(C)=O)cc2)c1,0.2696295728286107,0.13670119124527688,0.0,0.0,0.0,0.13670119124527688,single,ok,single_mode
single_target_b1_a6000_post,2026-02-20T20:13:45,10,1,O=C1c2ccc(Cl)cc2C(=O)N1c1ccc(-c2ccc(N3C(=O)CSC3c3ccccc3O)cc2)cc1,O=C1c2ccc(Cl)cc2C(=O)N1c1ccc(-c2ccc(N3C(=O)CSC3c3ccccc3O)cc2)cc1,0.20305239812781414,0.08505383527652338,0.0,0.0,0.0,0.08505383527652338,single,ok,single_mode
single_target_b1_a6000_post,2026-02-20T20:13:45,10,2,S=C(N=c1nccc[nH]1)NCCCCn1ccnc1,S=C(N=c1nccc[nH]1)NCCCCn1ccnc1,0.20274808506170908,0.08486457419501188,0.0,0.0,0.0,0.08486457419501188,single,ok,single_mode
single_target_b1_a6000_post,2026-02-20T20:13:45,10,3,COC1C(NC(=O)c2cnccn2)CC12CCN(C(=O)c1ccsc1)CC2,COC1C(NC(=O)c2cnccn2)CC12CCN(C(=O)c1ccsc1)CC2,0.12370378027359645,0.0469595946202243,0.0,0.0,0.0,0.0469595946202243,single,ok,single_mode
single_target_b1_a6000_post,2026-02-20T20:13:45,10,4,CCS(=O)(=O)c1ccc(-c2c(O)ccc3cc(-c4ccc(NS(C)(=O)=O)cc4)cnc23)cc1,CCS(=O)(=O)c1ccc(-c2c(O)ccc3cc(-c4ccc(NS(C)(=O)=O)cc4)cnc23)cc1,0.15752366185188293,0.06066468928612072,0.0,0.0,0.0,0.06066468928612072,single,ok,single_mode
single_target_b1_a6000_post,2026-02-20T20:13:45,10,5,CC=C1CC(c2cc(=O)c3ccccc3o2)C(O)CN(C(C)=O)C1,CC=C1CC(c2cc(=O)c3ccccc3o2)C(O)CN(C(C)=O)C1,0.20915739238262177,0.08893237627419713,0.0,0.0,0.0,0.08893237627419713,single,ok,single_mode
single_target_b1_a6000_post,2026-02-20T20:13:45,10,6,CN1C(=O)CN=C(c2ccccc2)c2ccc(Cl)cc21,CN1C(=O)CN=C(c2ccccc2)c2ccc(Cl)cc21,0.25506389637788135,0.12352237864251799,0.0,0.0,0.0,0.12352237864251799,single,ok,single_mode
single_target_b1_a6000_post,2026-02-20T20:13:45,10,7,Cc1ccc(N(Cc2ccc3c(c2)C=CC(C)(C)O3)S(=O)(=O)c2cc(C(=O)Nc3ccc(C#N)cc3)ccc2Cl)cc1,Cc1ccc(N(Cc2ccc3c(c2)C=CC(C)(C)O3)S(=O)(=O)c2cc(C(=O)Nc3ccc(C#N)cc3)ccc2Cl)cc1,0.23175015673041344,0.10470571755108947,0.0,0.0,0.0,0.10470571755108947,single,ok,single_mode
single_target_b1_a6000_post,2026-02-20T20:13:45,10,8,Oc1ccc(O)n1-c1nc(=Nc2cccc(Cl)c2)[nH]c2ccccc12,Oc1ccc(O)n1-c1nc(=Nc2cccc(Cl)c2)[nH]c2ccccc12,0.4158381720383962,0.3377595124281662,0.0,0.0,0.0,0.3377595124281662,single,ok,single_mode
single_target_b1_a6000_post,2026-02-20T20:13:45,10,9,C=CC(=O)Nc1ccc(C(O)Nc2cccc(Br)c2)c(N=c2cc[nH]c3cnccc23)c1,C=CC(=O)Nc1ccc(C(O)Nc2cccc(Br)c2)c(N=c2cc[nH]c3cnccc23)c1,0.2120331972837448,0.09081414971303757,0.0,0.0,0.0,0.09081414971303757,single,ok,single_mode
single_target_b1_a6000_post,2026-02-20T20:13:45,10,10,Cc1ccc(-c2nccn2-c2ccc(-c3cccc(N=c4cc(C)[nH]c(=N)[nH]4)c3)cc2)cc1,Cc1ccc(-c2nccn2-c2ccc(-c3cccc(N=c4cc(C)[nH]c(=N)[nH]4)c3)cc2)cc1,0.2180085430542628,0.09483903912767644,0.0,0.0,0.0,0.09483903912767644,single,ok,single_mode
single_target_b1_a6000_post,2026-02-20T20:13:45,10,11,NC(=O)CC(N)C(=O)NC(CC(=O)O)C(=O)O,NC(=O)CC(N)C(=O)NC(CC(=O)O)C(=O)O,0.3529180884361267,0.2356541163881509,0.0,0.0,0.0,0.2356541163881509,single,ok,single_mode
single_target_b1_a6000_post,2026-02-20T20:13:45,10,12,CCCc1cc(=O)[nH]c(SCC(=O)c2ccc(C)s2)n1,CCCc1cc(=O)[nH]c(SCC(=O)c2ccc(C)s2)n1,0.2051999717950821,0.08640038973879802,0.0,0.0,0.0,0.08640038973879802,single,ok,single_mode
single_target_b1_a6000_post,2026-02-20T20:13:45,10,13,Cc1nc(-c2ccccn2)n2cc(C(=O)NC3CCCC(C)(C)C3)ccc12,Cc1nc(-c2ccccn2)n2cc(C(=O)NC3CCCC(C)(C)C3)ccc12,0.5611964662869772,0.6200055377569874,0.0,0.0,0.0,0.6200055377569874,single,ok,single_mode
single_target_b1_a6000_post,2026-02-20T20:13:45,10,14,COc1cc2c(cc1OC)C1C=CC3(OC)OC(=O)C=CC3C1CC2,COc1cc2c(cc1OC)C1C=CC3(OC)OC(=O)C=CC3C1CC2,0.2887451946735382,0.15577078461324875,0.0,0.0,0.0,0.15577078461324875,single,ok,single_mode
single_target_b1_a6000_post,2026-02-20T20:13:45,10,15,CCOC(=O)c1c(S(=O)(=O)NC(=O)N=c2cccc[nH]2)sc2sc(C(C)(C)C)cc12,CCOC(=O)c1c(S(=O)(=O)NC(=O)N=c2cccc[nH]2)sc2sc(C(C)(C)C)cc12,0.4552666246891022,0.4114760023783785,0.0,0.0,0.0,0.4114760023783785,single,ok,single_mode
single_target_b1_a6000_post,2026-02-20T20:19:28,11,0,O=C(O)c1cc(Cl)ccc1NC(=O)c1nn(-c2ccc(Cl)cc2)c2c(oc3ccccc32)c1=O,O=C(O)c1cc(Cl)ccc1NC(=O)c1nn(-c2ccc(Cl)cc2)c2c(oc3ccccc32)c1=O,0.3066252221663793,0.1755202410023988,0.0,0.0,0.0,0.1755202410023988,single,ok,single_mode
single_target_b1_a6000_post,2026-02-20T20:19:28,11,1,Cc1ccc(NC(=O)OCCCN(C)C)cc1Cl,Cc1ccc(NC(=O)OCCCN(C)C)cc1Cl,0.1911774923404058,0.07794653541137067,0.0,0.0,0.0,0.07794653541137067,single,ok,single_mode
single_target_b1_a6000_post,2026-02-20T20:19:28,11,2,CC(=O)NCCN=c1ccc2ccc(-c3ccc(C(F)(F)F)cc3)cc2[nH]1,CC(=O)NCCN=c1ccc2ccc(-c3ccc(C(F)(F)F)cc3)cc2[nH]1,0.42345638076464337,0.35152355616805103,0.0,0.0,0.0,0.35152355616805103,single,ok,single_mode
single_target_b1_a6000_post,2026-02-20T20:19:28,11,3,CN1CCN(CCCN=c2nc3[nH]c(=NC(=O)NC(C)(C)C)c(-c4ccccc4Cl)cc3c[nH]2)CC1,CN1CCN(CCCN=c2nc3[nH]c(=NC(=O)NC(C)(C)C)c(-c4ccccc4Cl)cc3c[nH]2)CC1,0.3469732105731964,0.22719565979953696,0.0,0.0,0.0,0.22719565979953696,single,ok,single_mode
single_target_b1_a6000_post,2026-02-20T20:19:28,11,4,N#Cc1cc(C(=O)NCc2ccc(Cl)cc2)c(N)nc1SCc1ccc([N+](=O)[O-])cc1,N#Cc1cc(C(=O)NCc2ccc(Cl)cc2)c(N)nc1SCc1ccc([N+](=O)[O-])cc1,0.4232119818528493,0.351077990523476,0.0,0.0,0.0,0.351077990523476,single,ok,single_mode
single_target_b1_a6000_post,2026-02-20T20:19:28,11,5,CN(C)CCCn1cnc(-c2cc3nccc(Oc4ccc(NC(=O)NC(=O)NCCc5ccccc5)cc4F)c3s2)c1,CN(C)CCCn1cnc(-c2cc3nccc(Oc4ccc(NC(=O)NC(=O)NCCc5ccccc5)cc4F)c3s2)c1,0.3085764596859614,0.17779064843517967,0.0,0.0,0.0,0.17779064843517967,single,ok,single_mode
single_target_b1_a6000_post,2026-02-20T20:19:28,11,6,O=S(=O)(NC1CCCC1c1ccc(Cl)cc1)c1c(Cl)cccc1Cl,O=S(=O)(NC1CCCC1c1ccc(Cl)cc1)c1c(Cl)cccc1Cl,0.46284547448158264,0.4262332546620515,0.0,0.0,0.0,0.4262332546620515,single,ok,single_mode
single_target_b1_a6000_post,2026-02-20T20:19:28,11,7,Cc1cc(=NC(=O)c2ccc([N+](=O)[O-])o2)[nH]o1,Cc1cc(=NC(=O)c2ccc([N+](=O)[O-])o2)[nH]o1,0.5054169297218323,0.5108321642989643,0.0,0.0,0.0,0.5108321642989643,single,ok,single_mode
single_target_b1_a6000_post,2026-02-20T20:19:28,11,8,CCN(Cc1ccc(-c2ccc(CNCCc3ccccc3)cc2)cc1)C(=O)C1CCN(C(=O)CO)CC1,CCN(Cc1ccc(-c2ccc(CNCCc3ccccc3)cc2)cc1)C(=O)C1CCN(C(=O)CO)CC1,0.48278142015139264,0.4656171900401225,0.0,0.0,0.0,0.4656171900401225,single,ok,single_mode
single_target_b1_a6000_post,2026-02-20T20:19:28,11,9,C=C(C(=O)OC)C1CCC2(COC(C)=O)CCC3(O)C(C)(C(=O)CC4C5C(OC(C)=O)CC6CC(OC(C)=O)CCC6(C)C5CCC43C)C(=O)C2C1,C=C(C(=O)OC)C1CCC2(COC(C)=O)CCC3(O)C(C)(C(=O)CC4C5C(OC(C)=O)CC6CC(OC(C)=O)CCC6(C)C5CCC43C)C(=O)C2C1,0.2248140916247697,0.09961701153440856,0.0,0.0,0.0,0.09961701153440856,single,ok,single_mode
single_target_b1_a6000_post,2026-02-20T20:19:28,11,10,COc1ccc(C=CC(=O)N=c2[nH]c3ccccc3[nH]2)cc1,COc1ccc(C=CC(=O)N=c2[nH]c3ccccc3[nH]2)cc1,0.5288455983002981,0.5574365364816452,0.0,0.0,0.0,0.5574365364816452,single,ok,single_mode
single_target_b1_a6000_post,2026-02-20T20:19:28,11,11,CC(C)(N)C(=O)NC(Cc1ccc(Cl)cc1)C(=O)N1CCN(c2c(CNC3CCc4ccccc43)nc3ccccn23)CC1,CC(C)(N)C(=O)NC(Cc1ccc(Cl)cc1)C(=O)N1CCN(c2c(CNC3CCc4ccccc43)nc3ccccn23)CC1,0.5263879795869192,0.5525808327352414,0.0,0.0,0.0,0.5525808327352414,single,ok,single_mode
single_target_b1_a6000_post,2026-02-20T20:19:28,11,12,CC(C)(C)c1ccc(N=c2[nH]cnc3c2cnn3Cc2ccc(S(N)(=O)=O)cc2)cc1,CC(C)(C)c1ccc(N=c2[nH]cnc3c2cnn3Cc2ccc(S(N)(=O)=O)cc2)cc1,0.310651292403539,0.18023005013548182,0.0,0.0,0.0,0.18023005013548182,single,ok,single_mode
single_target_b1_a6000_post,2026-02-20T20:19:28,11,13,CC(=O)Cc1n[nH]c(=S)n1-c1ccccc1,CC(=O)Cc1n[nH]c(=S)n1-c1ccccc1,0.29960142572720844,0.16753643652719324,0.0,0.0,0.0,0.16753643652719324,single,ok,single_mode
single_target_b1_a6000_post,2026-02-20T20:19:28,11,14,CN1CCN(C2=CC(C)(C)Sc3ccccc32)CC1,CN1CCN(C2=CC(C)(C)Sc3ccccc32)CC1,0.20986937979857126,0.08939495929462087,0.0,0.0,0.0,0.08939495929462087,single,ok,single_mode
single_target_b1_a6000_post,2026-02-20T20:19:28,11,15,CC(C)(C)c1c(C#N)[n+]([O-])c2cc(Cl)c(Cl)cc2[n+]1[O-],CC(C)(C)c1c(C#N)[n+]([O-])c2cc(Cl)c(Cl)cc2[n+]1[O-],0.39274606108665466,0.29775078336268723,0.0,0.0,0.0,0.29775078336268723,single,ok,single_mode
single_target_b1_a6000_post,2026-02-20T20:25:11,12,0,Cc1cccc(NC(=O)NCC(c2cc(C(F)(F)F)cc(C(F)(F)F)c2)N2CCCCCC2)c1,Cc1cccc(NC(=O)NCC(c2cc(C(F)(F)F)cc(C(F)(F)F)c2)N2CCCCCC2)c1,0.11399215459823608,0.04360234863433117,0.0,0.0,0.0,0.04360234863433117,single,ok,single_mode
single_target_b1_a6000_post,2026-02-20T20:25:11,12,1,CN(CC(=O)CCN1CCC(N2CCCN(c3nc4ccccc4s3)CC2)CC1)C(C)(C)c1cccc(-c2ccc(Cl)cc2)n1,CN(CC(=O)CCN1CCC(N2CCCN(c3nc4ccccc4s3)CC2)CC1)C(C)(C)c1cccc(-c2ccc(Cl)cc2)n1,0.42844195167223614,0.36066837517740863,0.0,0.0,0.0,0.36066837517740863,single,ok,single_mode
single_target_b1_a6000_post,2026-02-20T20:25:11,12,2,COc1ccc2ccc(CCC(=O)CC(c3ccc(-c4ccccc4)cc3)n3cncn3)cc2c1,COc1ccc2ccc(CCC(=O)CC(c3ccc(-c4ccccc4)cc3)n3cncn3)cc2c1,0.19645186762015024,0.08103364599787195,0.0,0.0,0.0,0.08103364599787195,single,ok,single_mode
single_target_b1_a6000_post,2026-02-20T20:25:11,12,3,CCC(=O)NC(C)c1ccc(OC2CCN(c3ccc(OCC4CC4)cc3)C2)cc1,CCC(=O)NC(C)c1ccc(OC2CCN(c3ccc(OCC4CC4)cc3)C2)cc1,0.2687351703643799,0.13585896825830918,0.0,0.0,0.0,0.13585896825830918,single,ok,single_mode
single_target_b1_a6000_post,2026-02-20T20:25:11,12,4,Cc1c(Cc2ccccc2)c(Cl)nn1-c1ccccn1,Cc1c(Cc2ccccc2)c(Cl)nn1-c1ccccn1,0.3628203868865967,0.25022044920789066,0.0,0.0,0.0,0.25022044920789066,single,ok,single_mode
single_target_b1_a6000_post,2026-02-20T20:25:11,12,5,CCC(=O)Nc1cccc(C2=NOC3(C2)CC(C(N)=O)N(C(c2ccccc2)c2ccccc2)C3)c1,CCC(=O)Nc1cccc(C2=NOC3(C2)CC(C(N)=O)N(C(c2ccccc2)c2ccccc2)C3)c1,0.3582571744918823,0.24343424139485853,0.0,0.0,0.0,0.24343424139485853,single,ok,single_mode
single_target_b1_a6000_post,2026-02-20T20:25:11,12,6,CCCCC1(CCC)CCCc2c1[nH]c1ccc(O)cc21,CCCCC1(CCC)CCCc2c1[nH]c1ccc(O)cc21,0.2223736047744751,0.0978794833192404,0.0,0.0,0.0,0.0978794833192404,single,ok,single_mode
single_target_b1_a6000_post,2026-02-20T20:25:11,12,7,Cc1n[nH]c(=NC(=O)c2ccc(Br)c(S(=O)(=O)N3CCOCC3)c2)s1,Cc1n[nH]c(=NC(=O)c2ccc(Br)c(S(=O)(=O)N3CCOCC3)c2)s1,0.20200355350971222,0.08440313860926095,0.0,0.0,0.0,0.08440313860926095,single,ok,single_mode
single_target_b1_a6000_post,2026-02-20T20:25:11,12,8,O=S(=O)(Cc1cn(-c2ccccc2)nn1)N1CCC(Cc2ccccc2)CC1,O=S(=O)(Cc1cn(-c2ccccc2)nn1)N1CCC(Cc2ccccc2)CC1,0.18496563533941904,0.07444899940415,0.0,0.0,0.0,0.07444899940415,single,ok,single_mode
single_target_b1_a6000_post,2026-02-20T20:25:11,12,9,COc1cc2c(cc1OC)C(c1cc(OC)c(OC)c(OC)c1)C1C(=O)OCC1C2Nc1ccc(C(=O)C=Cc2ccccc2Br)cc1,COc1cc2c(cc1OC)C(c1cc(OC)c(OC)c(OC)c1)C1C(=O)OCC1C2Nc1ccc(C(=O)C=Cc2ccccc2Br)cc1,0.1746991847952207,0.06898370120327806,0.0,0.0,0.0,0.06898370120327806,single,ok,single_mode
single_target_b1_a6000_post,2026-02-20T20:25:11,12,10,CCc1nnc2c3cc[nH]c3nc(-c3ccccc3)n12,CCc1nnc2c3cc[nH]c3nc(-c3ccccc3)n12,0.3101983368396759,0.179695287113219,0.0,0.0,0.0,0.179695287113219,single,ok,single_mode
single_target_b1_a6000_post,2026-02-20T20:25:11,12,11,Nc1ccc(Sc2ccc(NCc3cccc(O)c3)cc2)cc1,Nc1ccc(Sc2ccc(NCc3cccc(O)c3)cc2)cc1,0.19385704646507898,0.07950119655081507,0.0,0.0,0.0,0.07950119655081507,single,ok,single_mode
single_target_b1_a6000_post,2026-02-20T20:25:11,12,12,Cc1cc(N2CCC(CCN3CCCC3)CC2)nc2ccc(NC(=O)C=Cc3ccccn3)cc12,Cc1cc(N2CCC(CCN3CCCC3)CC2)nc2ccc(NC(=O)C=Cc3ccccn3)cc12,0.5545434455076853,0.6073883850824771,0.0,0.0,0.0,0.6073883850824771,single,ok,single_mode
single_target_b1_a6000_post,2026-02-20T20:25:11,12,13,CCc1cccc(C)c1NC(=O)c1cc2c(s1)-c1c(C)cccc1OC2,CCc1cccc(C)c1NC(=O)c1cc2c(s1)-c1c(C)cccc1OC2,0.14173231894771257,0.05385291782966943,0.0,0.0,0.0,0.05385291782966943,single,ok,single_mode
single_target_b1_a6000_post,2026-02-20T20:25:11,12,14,Cc1ccc2oc(=O)c3c4ccc(O)cc4oc3c2c1,Cc1ccc2oc(=O)c3c4ccc(O)cc4oc3c2c1,0.40229642391204834,0.3139689897873321,0.0,0.0,0.0,0.3139689897873321,single,ok,single_mode
single_target_b1_a6000_post,2026-02-20T20:25:11,12,15,Cc1ccccc1CCNC(=O)c1ccc2nc(N3CCOCC3)sc2c1,Cc1ccccc1CCNC(=O)c1ccc2nc(N3CCOCC3)sc2c1,0.19028261179725328,0.0774335607876905,0.0,0.0,0.0,0.0774335607876905,single,ok,single_mode
single_target_b1_a6000_post,2026-02-20T20:31:47,13,0,CCOCNC(=O)C1CCN(S(=O)(=O)c2ccc(OC)c(Cl)c2)CC1,CCOCNC(=O)C1CCN(S(=O)(=O)c2ccc(OC)c(Cl)c2)CC1,0.16692142188549042,0.0650930862714237,0.0,0.0,0.0,0.0650930862714237,single,ok,single_mode
single_target_b1_a6000_post,2026-02-20T20:31:47,13,1,CCOc1ccccc1NC(=O)c1ccc(-n2c(C)cc3c2CCC(C)C3)cc1,CCOc1ccccc1NC(=O)c1ccc(-n2c(C)cc3c2CCC(C)C3)cc1,0.22761508325735727,0.1016449660961433,0.0,0.0,0.0,0.1016449660961433,single,ok,single_mode
single_target_b1_a6000_post,2026-02-20T20:31:47,13,2,Nc1ccccc1S(=O)(=O)Nc1ccccc1-c1ccc2nc[nH]c(=Nc3ccc(OCc4ccccc4F)c(Cl)c3)c2c1,Nc1ccccc1S(=O)(=O)Nc1ccccc1-c1ccc2nc[nH]c(=Nc3ccc(OCc4ccccc4F)c(Cl)c3)c2c1,0.1378147464711219,0.052278175865039696,0.0,0.0,0.0,0.052278175865039696,single,ok,single_mode
single_target_b1_a6000_post,2026-02-20T20:31:47,13,3,COc1ccc(-c2ccc3nc(N4CCCC4c4cc(F)ccc4F)nc(N4CCOCC4C)c3n2)cc1,COc1ccc(-c2ccc3nc(N4CCCC4c4cc(F)ccc4F)nc(N4CCOCC4C)c3n2)cc1,0.24870751798152924,0.11812157078507647,0.0,0.0,0.0,0.11812157078507647,single,ok,single_mode
single_target_b1_a6000_post,2026-02-20T20:31:47,13,4,COc1ccccc1C1CN(C)C2(CC(=O)Nc3ccccc32)C12C(=O)c1ccccc1C2=O,COc1ccccc1C1CN(C)C2(CC(=O)Nc3ccccc32)C12C(=O)c1ccccc1C2=O,0.16099542876084647,0.062266830667049966,0.0,0.0,0.0,0.062266830667049966,single,ok,single_mode
single_target_b1_a6000_post,2026-02-20T20:31:47,13,5,O=C(Cn1nnc(-c2ccncc2)n1)N1CCOCC1,O=C(Cn1nnc(-c2ccncc2)n1)N1CCOCC1,0.2018531709909439,0.08431021349724477,0.0,0.0,0.0,0.08431021349724477,single,ok,single_mode
single_target_b1_a6000_post,2026-02-20T20:31:47,13,6,O=[N+]([O-])c1ccc(-c2cc(=S)ss2)cc1,O=[N+]([O-])c1ccc(-c2cc(=S)ss2)cc1,0.3984118402004242,0.30731431706734413,0.0,0.0,0.0,0.30731431706734413,single,ok,single_mode
single_target_b1_a6000_post,2026-02-20T20:31:47,13,7,Cc1nnc2n1N=C(c1c(-c3ccccc3)n(CC(C)Cl)c3ccccc13)CS2,Cc1nnc2n1N=C(c1c(-c3ccccc3)n(CC(C)Cl)c3ccccc13)CS2,0.33457791805267334,0.21025705454760904,0.0,0.0,0.0,0.21025705454760904,single,ok,single_mode
single_target_b1_a6000_post,2026-02-20T20:31:47,13,8,CCCN(CCC)C(=O)NS(=O)(=O)c1ccccc1,CCCN(CCC)C(=O)NS(=O)(=O)c1ccccc1,0.12070480237404506,0.045897450851939754,0.0,0.0,0.0,0.045897450851939754,single,ok,single_mode
single_target_b1_a6000_post,2026-02-20T20:31:47,13,9,c1cnc2ccc(C3(c4nnc5n4CCCCCC5)CC3)cc2c1,c1cnc2ccc(C3(c4nnc5n4CCCCCC5)CC3)cc2c1,0.14563719928264618,0.0554669984491013,0.0,0.0,0.0,0.0554669984491013,single,ok,single_mode
single_target_b1_a6000_post,2026-02-20T20:31:47,13,10,COc1ccc(N=c2c(C(=O)Nc3ccccc3)c[nH]c3c2c(C)nn3C)cc1,COc1ccc(N=c2c(C(=O)Nc3ccccc3)c[nH]c3c2c(C)nn3C)cc1,0.40829089283943176,0.3243892622102318,0.0,0.0,0.0,0.3243892622102318,single,ok,single_mode
single_target_b1_a6000_post,2026-02-20T20:31:47,13,11,O=C(C=CC=Cc1ccccc1)Nc1ccc(O)cc1,O=C(C=CC=Cc1ccccc1)Nc1ccc(O)cc1,0.5161915024121603,0.5323378023599556,0.0,0.0,0.0,0.5323378023599556,single,ok,single_mode
single_target_b1_a6000_post,2026-02-20T20:31:47,13,12,COc1ccc(CCNC(=O)C2COc3ccc(S(=O)(=O)N4CCC(C)CC4)cc32)cc1OC,COc1ccc(CCNC(=O)C2COc3ccc(S(=O)(=O)N4CCC(C)CC4)cc32)cc1OC,0.20759770770867667,0.08792658038735537,0.0,0.0,0.0,0.08792658038735537,single,ok,single_mode
single_target_b1_a6000_post,2026-02-20T20:31:47,13,13,NC(=O)c1cc(-c2ccc(Br)cc2)nc2cc(O)ccc12,NC(=O)c1cc(-c2ccc(Br)cc2)nc2cc(O)ccc12,0.3489897350470225,0.23004057369329595,0.0,0.0,0.0,0.23004057369329595,single,ok,single_mode
single_target_b1_a6000_post,2026-02-20T20:31:47,13,14,O=C(C1CCC(c2ccccc2)C1)N1N=C(c2ccc([N+](=O)[O-])cc2)CC1c1ccccc1,O=C(C1CCC(c2ccccc2)C1)N1N=C(c2ccc([N+](=O)[O-])cc2)CC1c1ccccc1,0.1974388062953949,0.0816235507424651,0.0,0.0,0.0,0.0816235507424651,single,ok,single_mode
single_target_b1_a6000_post,2026-02-20T20:31:47,13,15,Cc1cn(CCCCN2CCc3ccccc3C2)c(O)c1-c1ccccc1,Cc1cn(CCCCN2CCc3ccccc3C2)c(O)c1-c1ccccc1,0.21642212569713593,0.09375514424753269,0.0,0.0,0.0,0.09375514424753269,single,ok,single_mode
single_target_b1_a6000_post,2026-02-20T20:37:34,14,0,CN1c2ccccc2N(Nc2ccc(Cl)cc2)C(=O)C12CSC1=C2C(=O)c2ncccc2C1=O,CN1c2ccccc2N(Nc2ccc(Cl)cc2)C(=O)C12CSC1=C2C(=O)c2ncccc2C1=O,0.18460645775000253,0.07425124443073353,0.0,0.0,0.0,0.07425124443073353,single,ok,single_mode
single_target_b1_a6000_post,2026-02-20T20:37:34,14,1,c1ccc(CSc2n[nH]c(=NC3CN(Cc4ccccc4)CC3c3ccccc3)s2)cc1,c1ccc(CSc2n[nH]c(=NC3CN(Cc4ccccc4)CC3c3ccccc3)s2)cc1,0.23183063169320425,0.10476608426044773,0.0,0.0,0.0,0.10476608426044773,single,ok,single_mode
single_target_b1_a6000_post,2026-02-20T20:37:34,14,2,COc1cc(CCC(=O)OC23CCCC(C2)C3c2ccco2)ccc1O,COc1cc(CCC(=O)OC23CCCC(C2)C3c2ccco2)ccc1O,0.2927325963973999,0.16001194150272313,0.0,0.0,0.0,0.16001194150272313,single,ok,single_mode
single_target_b1_a6000_post,2026-02-20T20:37:34,14,3,O=C1Cc2c([nH]c3ccc(N4CCCCC4)cc23)-c2ccccc2N1,O=C1Cc2c([nH]c3ccc(N4CCCCC4)cc23)-c2ccccc2N1,0.31486156582832336,0.1852602002564565,0.0,0.0,0.0,0.1852602002564565,single,ok,single_mode
single_target_b1_a6000_post,2026-02-20T20:37:34,14,4,CCOC(=O)c1cc(-c2ccc(OC)cc2)c(-c2ccc([N+](=O)[O-])cc2)s1,CCOC(=O)c1cc(-c2ccc(OC)cc2)c(-c2ccc([N+](=O)[O-])cc2)s1,0.27770304183165234,0.14450382241821144,0.0,0.0,0.0,0.14450382241821144,single,ok,single_mode
single_target_b1_a6000_post,2026-02-20T20:37:34,14,5,CC1(C)CCC2(C(=O)O)CCC(C)(C)OC2C1,CC1(C)CCC2(C(=O)O)CCC(C)(C)OC2C1,0.12123814970254898,0.04608465926346995,0.0,0.0,0.0,0.04608465926346995,single,ok,single_mode
single_target_b1_a6000_post,2026-02-20T20:37:34,14,6,O=C(C1CCOCC1)N1CCC2(CC1)COC(CCOc1ccccc1)C2,O=C(C1CCOCC1)N1CCC2(CC1)COC(CCOc1ccccc1)C2,0.23598773777484894,0.10792649909514791,0.0,0.0,0.0,0.10792649909514791,single,ok,single_mode
single_target_b1_a6000_post,2026-02-20T20:37:34,14,7,CN(C)C(=O)CCC(=O)N(CCCO)c1ccc(Cl)cc1C(O)c1ccccc1Cl,CN(C)C(=O)CCC(=O)N(CCCO)c1ccc(Cl)cc1C(O)c1ccccc1Cl,0.17744016647338867,0.07040539634470185,0.0,0.0,0.0,0.07040539634470185,single,ok,single_mode
single_target_b1_a6000_post,2026-02-20T20:37:34,14,8,Clc1ccc(-c2ccccc2)c(-n2ccnc2C(Cc2c[nH]c3ccccc23)NCC2CC2)c1,Clc1ccc(-c2ccccc2)c(-n2ccnc2C(Cc2c[nH]c3ccccc23)NCC2CC2)c1,0.14751431345939636,0.056259012927480014,0.0,0.0,0.0,0.056259012927480014,single,ok,single_mode
single_target_b1_a6000_post,2026-02-20T20:37:34,14,9,O=c1[nH]c(-c2ccccc2)nc2ccc3c[nH]nc3c12,O=c1[nH]c(-c2ccccc2)nc2ccc3c[nH]nc3c12,0.5924287041028341,0.6768711200517685,0.0,0.0,0.0,0.6768711200517685,single,ok,single_mode
single_target_b1_a6000_post,2026-02-20T20:37:34,14,10,CC1CN(c2[nH]cnc(=N)c2-c2ccc(F)cc2F)CCC1(C)N,CC1CN(c2[nH]cnc(=N)c2-c2ccc(F)cc2F)CCC1(C)N,0.15425572295983633,0.05919191460565904,0.0,0.0,0.0,0.05919191460565904,single,ok,single_mode
single_target_b1_a6000_post,2026-02-20T20:37:34,14,11,Cc1cccc(N2CCN(CCCCCCN3C(=O)c4ccccc4S3(=O)=O)CC2)c1,Cc1cccc(N2CCN(CCCCCCN3C(=O)c4ccccc4S3(=O)=O)CC2)c1,0.21170896291732788,0.09060020858953276,0.0,0.0,0.0,0.09060020858953276,single,ok,single_mode
single_target_b1_a6000_post,2026-02-20T20:37:34,14,12,CCC(Nc1c(C)cccc1Cl)C(C)(O)C(Cc1c(Cl)cccc1Cl)OC,CCC(Nc1c(C)cccc1Cl)C(C)(O)C(Cc1c(Cl)cccc1Cl)OC,0.15517068157593408,0.0596008516639544,0.0,0.0,0.0,0.0596008516639544,single,ok,single_mode
single_target_b1_a6000_post,2026-02-20T20:37:34,14,13,COc1ccc(-c2nnnn2-c2ccccc2C(C)C)cc1,COc1ccc(-c2nnnn2-c2ccccc2C(C)C)cc1,0.3054154614607493,0.1741240925800667,0.0,0.0,0.0,0.1741240925800667,single,ok,single_mode
single_target_b1_a6000_post,2026-02-20T20:37:34,14,14,O=C1c2ccccc2OC(CN2CCN(c3ccccc3)CC2)C1c1cccs1,O=C1c2ccccc2OC(CN2CCN(c3ccccc3)CC2)C1c1cccs1,0.18623131637771925,0.07514972039363231,0.0,0.0,0.0,0.07514972039363231,single,ok,single_mode
single_target_b1_a6000_post,2026-02-20T20:37:34,14,15,CC(C)NCCCC1(c2ccccc2)OCCc2c1ccc1c2C(=O)c2cc(N)ccc2-1,CC(C)NCCCC1(c2ccccc2)OCCc2c1ccc1c2C(=O)c2cc(N)ccc2-1,0.45053379734357196,0.4023387752848824,0.0,0.0,0.0,0.4023387752848824,single,ok,single_mode
single_target_b1_a6000_post,2026-02-20T20:43:37,15,0,Cc1ccc(-c2nc3ccccc3[nH]2)cc1-c1ccc(NC(=O)c2ccncc2)cc1,Cc1ccc(-c2nc3ccccc3[nH]2)cc1-c1ccc(NC(=O)c2ccncc2)cc1,0.4719429512818654,0.44412031049460976,0.0,0.0,0.0,0.44412031049460976,single,ok,single_mode
single_target_b1_a6000_post,2026-02-20T20:43:37,15,1,CC(O)CCC(=O)NN1C(=O)C(c2ccccc2)=NC1(C)C,CC(O)CCC(=O)NN1C(=O)C(c2ccccc2)=NC1(C)C,0.12488351513942082,0.04738379175293037,0.0,0.0,0.0,0.04738379175293037,single,ok,single_mode
single_target_b1_a6000_post,2026-02-20T20:43:37,15,2,CCCN(CC1COc2ccccc2O1)S(=O)(=O)c1ccc(S(=O)(=O)NC2CC2)cc1,CCCN(CC1COc2ccccc2O1)S(=O)(=O)c1ccc(S(=O)(=O)NC2CC2)cc1,0.15190267811218897,0.058152276889948284,0.0,0.0,0.0,0.058152276889948284,single,ok,single_mode
single_target_b1_a6000_post,2026-02-20T20:43:37,15,3,CCC(CN1CCCC(C(=O)NC(c2ccccc2)c2ccccc2)CC1=O)N(C)C,CCC(CN1CCCC(C(=O)NC(c2ccccc2)c2ccccc2)CC1=O)N(C)C,0.25916879375775653,0.12712187715073556,0.0,0.0,0.0,0.12712187715073556,single,ok,single_mode
single_target_b1_a6000_post,2026-02-20T20:43:37,15,4,COc1cc(OC)cc(N(CCNC(C)C)c2ccc3ncc(-c4cn[nH]c4)nc3c2)c1,COc1cc(OC)cc(N(CCNC(C)C)c2ccc3ncc(-c4cn[nH]c4)nc3c2)c1,0.2180335968732834,0.09485624640469749,0.0,0.0,0.0,0.09485624640469749,single,ok,single_mode
single_target_b1_a6000_post,2026-02-20T20:43:37,15,5,O=C(Nc1ccc(Br)c(Cl)c1)C(=O)N1CCCC2CCCCC21,O=C(Nc1ccc(Br)c(Cl)c1)C(=O)N1CCCC2CCCCC21,0.3007688025633494,0.16884297719005825,0.0,0.0,0.0,0.16884297719005825,single,ok,single_mode
single_target_b1_a6000_post,2026-02-20T20:43:37,15,6,Cc1ccc2c(c1)C(=O)N(c1ccc(F)c(CO)c1)C2=O,Cc1ccc2c(c1)C(=O)N(c1ccc(F)c(CO)c1)C2=O,0.2739245891571045,0.14080701590497988,0.0,0.0,0.0,0.14080701590497988,single,ok,single_mode
single_target_b1_a6000_post,2026-02-20T20:43:37,15,7,C=C(C)C1CCC2(C(=O)NCCCCCCCCCCC(=O)NCCC(=O)O)CCC3(C)C(CCC4C5(C)CCC(OC(C)=O)C(C)(C)C5CCC43C)C12,C=C(C)C1CCC2(C(=O)NCCCCCCCCCCC(=O)NCCC(=O)O)CCC3(C)C(CCC4C5(C)CCC(OC(C)=O)C(C)(C)C5CCC43C)C12,0.3127834250529607,0.18276394207432006,0.0,0.0,0.0,0.18276394207432006,single,ok,single_mode
single_target_b1_a6000_post,2026-02-20T20:43:37,15,8,Cc1nn2cc(-c3nnc(Cc4ccccc4Cl)o3)nc2s1,Cc1nn2cc(-c3nnc(Cc4ccccc4Cl)o3)nc2s1,0.23374909659226736,0.106214305568824,0.0,0.0,0.0,0.106214305568824,single,ok,single_mode
single_target_b1_a6000_post,2026-02-20T20:43:37,15,9,CN(C)c1ccc(CNS(=O)(=O)c2ccc3c(c2)NC(=O)CC(=O)N3)cc1,CN(C)c1ccc(CNS(=O)(=O)c2ccc3c(c2)NC(=O)CC(=O)N3)cc1,0.1577305793762207,0.06075908662306952,0.0,0.0,0.0,0.06075908662306952,single,ok,single_mode
single_target_b1_a6000_post,2026-02-20T20:43:37,15,10,NC(=O)c1ccc(NC(=O)COC(=O)c2cccnc2)cc1,NC(=O)c1ccc(NC(=O)COC(=O)c2cccnc2)cc1,0.19500520825386047,0.08017598489702259,0.0,0.0,0.0,0.08017598489702259,single,ok,single_mode
single_target_b1_a6000_post,2026-02-20T20:43:37,15,11,N=c1nc(-c2ccc(F)cc2)c2c([nH]1)CCCC2,N=c1nc(-c2ccc(F)cc2)c2c([nH]1)CCCC2,0.34248772263526917,0.22095698484381535,0.0,0.0,0.0,0.22095698484381535,single,ok,single_mode
single_target_b1_a6000_post,2026-02-20T20:43:37,15,12,Cc1ccc(C=Nn2c(-c3cccs3)n[nH]c2=S)o1,Cc1ccc(C=Nn2c(-c3cccs3)n[nH]c2=S)o1,0.32294588287671405,0.1952213956686218,0.0,0.0,0.0,0.1952213956686218,single,ok,single_mode
single_target_b1_a6000_post,2026-02-20T20:43:37,15,13,CCOC(=O)c1ccc(-n2cc(C(=O)NC(CC(=O)O)c3ccc(N4CCOCC4)s3)nc2-c2ccc(Cl)c(Cl)c2)cc1,CCOC(=O)c1ccc(-n2cc(C(=O)NC(CC(=O)O)c3ccc(N4CCOCC4)s3)nc2-c2ccc(Cl)c(Cl)c2)cc1,0.3780871331691742,0.2738247776424204,0.0,0.0,0.0,0.2738247776424204,single,ok,single_mode
single_target_b1_a6000_post,2026-02-20T20:43:37,15,14,Cc1ccccc1N1CCN(Cc2ccc(-c3ccccc3)cc2)C(=O)C1=O,Cc1ccccc1N1CCN(Cc2ccc(-c3ccccc3)cc2)C(=O)C1=O,0.156133862833182,0.060034199687100775,0.0,0.0,0.0,0.060034199687100775,single,ok,single_mode
single_target_b1_a6000_post,2026-02-20T20:43:37,15,15,CN(Cc1ccccc1)C(=O)Oc1nsc2ccccc12,CN(Cc1ccccc1)C(=O)Oc1nsc2ccccc12,0.172344500819842,0.0677836445705353,0.0,0.0,0.0,0.0677836445705353,single,ok,single_mode
single_target_b1_a6000_post,2026-02-20T20:49:15,16,0,O=C(O)c1nn2c(-c3ccc(OC(F)(F)C(F)Cl)cc3)ccnc2c1-c1ccco1,O=C(O)c1nn2c(-c3ccc(OC(F)(F)C(F)Cl)cc3)ccnc2c1-c1ccco1,0.24357673029104868,0.11391239267431887,0.0,0.0,0.0,0.11391239267431887,single,ok,single_mode
single_target_b1_a6000_post,2026-02-20T20:49:15,16,1,CC(C)c1cc(C(=O)O)cc(C(C)(C)C)c1O,CC(C)c1cc(C(=O)O)cc(C(C)(C)C)c1O,0.09637845183412234,0.038089880020811054,0.0,0.0,0.0,0.038089880020811054,single,ok,single_mode
single_target_b1_a6000_post,2026-02-20T20:49:15,16,2,Cc1cccc(Sc2nnnc3c2cnn3Cc2ccc3c(c2)OCO3)c1,Cc1cccc(Sc2nnnc3c2cnn3Cc2ccc3c(c2)OCO3)c1,0.32321226596832275,0.19555642472935897,0.0,0.0,0.0,0.19555642472935897,single,ok,single_mode
single_target_b1_a6000_post,2026-02-20T20:49:15,16,3,Cc1ncc2c(n1)[nH]c1sc(-c3ccccc3)cc12,Cc1ncc2c(n1)[nH]c1sc(-c3ccccc3)cc12,0.4557095468044281,0.4123343472846197,0.0,0.0,0.0,0.4123343472846197,single,ok,single_mode
single_target_b1_a6000_post,2026-02-20T20:49:15,16,4,O=C1C=CC2(CC1)OC(=O)C1=C2c2cccc3cccc(c23)C1,O=C1C=CC2(CC1)OC(=O)C1=C2c2cccc3cccc(c23)C1,0.4102353552977244,0.3278077323289169,0.0,0.0,0.0,0.3278077323289169,single,ok,single_mode
single_target_b1_a6000_post,2026-02-20T20:49:15,16,5,CC(C)(C)c1ccccc1NC(=S)NCCN=c1[nH]c2ccccc2[nH]1,CC(C)(C)c1ccccc1NC(=S)NCCN=c1[nH]c2ccccc2[nH]1,0.21052873382965723,0.08982528012684625,0.0,0.0,0.0,0.08982528012684625,single,ok,single_mode
single_target_b1_a6000_post,2026-02-20T20:49:15,16,6,Cc1cccc(=NC(=O)C2CCN(S(=O)(=O)c3ccc(C(F)F)cc3)CC2)[nH]1,Cc1cccc(=NC(=O)C2CCN(S(=O)(=O)c3ccc(C(F)F)cc3)CC2)[nH]1,0.2899806747833888,0.15707499815305745,0.0,0.0,0.0,0.15707499815305745,single,ok,single_mode
single_target_b1_a6000_post,2026-02-20T20:49:15,16,7,CCCCCCCC(C)CC=CC#CCCCCC(=O)N(C)CC#CCN(CC)CC,CCCCCCCC(C)CC=CC#CCCCCC(=O)N(C)CC#CCN(CC)CC,0.4303492804368337,0.36419423993066,0.0,0.0,0.0,0.36419423993066,single,ok,single_mode
single_target_b1_a6000_post,2026-02-20T20:49:15,16,8,Cc1ccc(S(=O)(=O)N2CCC(c3nc(-c4ccc(Cl)cc4)no3)CC2)cc1,Cc1ccc(S(=O)(=O)N2CCC(c3nc(-c4ccc(Cl)cc4)no3)CC2)cc1,0.20982356742024422,0.08936512948022084,0.0,0.0,0.0,0.08936512948022084,single,ok,single_mode
single_target_b1_a6000_post,2026-02-20T20:49:15,16,9,CCS(=O)(=O)N1CCc2cc(NC(=O)Nc3ccc(C)cc3)ccc21,CCS(=O)(=O)N1CCc2cc(NC(=O)Nc3ccc(C)cc3)ccc21,0.3014042377471924,0.16955756912272235,0.0,0.0,0.0,0.16955756912272235,single,ok,single_mode
single_target_b1_a6000_post,2026-02-20T20:49:15,16,10,COC(=O)c1ccc(NS(=O)(=O)c2cc3c4c(c2)CCN4C(=O)CC3)cc1,COC(=O)c1ccc(NS(=O)(=O)c2cc3c4c(c2)CCN4C(=O)CC3)cc1,0.12777992834647497,0.04844074907960273,0.0,0.0,0.0,0.04844074907960273,single,ok,single_mode
single_target_b1_a6000_post,2026-02-20T20:49:15,16,11,CNc1cccc(Cl)c1C(=O)NCC(NC(C)=O)c1c(F)cccc1F,CNc1cccc(Cl)c1C(=O)NCC(NC(C)=O)c1c(F)cccc1F,0.14103716860214868,0.053570261114836176,0.0,0.0,0.0,0.053570261114836176,single,ok,single_mode
single_target_b1_a6000_post,2026-02-20T20:49:15,16,12,Cc1cnc(C(CC(=O)O)c2ccc(C#N)cc2)s1,Cc1cnc(C(CC(=O)O)c2ccc(C#N)cc2)s1,0.18414598206679025,0.07399842382477492,0.0,0.0,0.0,0.07399842382477492,single,ok,single_mode
single_target_b1_a6000_post,2026-02-20T20:49:15,16,13,COc1ccc(Cl)cc1NC(=O)c1cc(C(=C(C)C)n2cccc2)no1,COc1ccc(Cl)cc1NC(=O)c1cc(C(=C(C)C)n2cccc2)no1,0.31658794979254407,0.18735389544577347,0.0,0.0,0.0,0.18735389544577347,single,ok,single_mode
single_target_b1_a6000_post,2026-02-20T20:49:15,16,14,CCOc1ccccc1-c1nc2cccnc2n1OC(=O)NC(C)C,CCOc1ccccc1-c1nc2cccnc2n1OC(=O)NC(C)C,0.21595907708009085,0.0934408737091359,0.0,0.0,0.0,0.0934408737091359,single,ok,single_mode
single_target_b1_a6000_post,2026-02-20T20:49:15,16,15,CC(O)C(=O)N(C)c1nnc(CCCOc2ccccc2Cl)s1,CC(O)C(=O)N(C)c1nnc(CCCOc2ccccc2Cl)s1,0.17309625446796417,0.068164654427689,0.0,0.0,0.0,0.068164654427689,single,ok,single_mode
single_target_b1_a6000_post,2026-02-20T20:55:26,17,0,Cc1oc(-c2ccc(C(F)(F)F)cc2)nc1Cn1c(-c2ccccc2)cc(=O)c2ccccc21,Cc1oc(-c2ccc(C(F)(F)F)cc2)nc1Cn1c(-c2ccccc2)cc(=O)c2ccccc21,0.207966481645902,0.08816346026230885,0.0,0.0,0.0,0.08816346026230885,single,ok,single_mode
single_target_b1_a6000_post,2026-02-20T20:55:26,17,1,COc1ccc(OC)c(C=C(C(=O)Nc2cccc(C(F)(F)F)c2)c2ccc(Cl)cc2)c1,COc1ccc(OC)c(C=C(C(=O)Nc2cccc(C(F)(F)F)c2)c2ccc(Cl)cc2)c1,0.3546931743621826,0.23822155676075446,0.0,0.0,0.0,0.23822155676075446,single,ok,single_mode
single_target_b1_a6000_post,2026-02-20T20:55:26,17,2,O=C(Nc1ccc(Cl)cc1)C1CCCN1C(=O)Nc1ccccc1,O=C(Nc1ccc(Cl)cc1)C1CCCN1C(=O)Nc1ccccc1,0.22239688535531363,0.09789592978374824,0.0,0.0,0.0,0.09789592978374824,single,ok,single_mode
single_target_b1_a6000_post,2026-02-20T20:55:26,17,3,N=c1[nH]cccc1-c1nccc2nc(C3CCN(C(=O)C4CCOCC4)CC3)nn12,N=c1[nH]cccc1-c1nccc2nc(C3CCN(C(=O)C4CCOCC4)CC3)nn12,0.23980474968751272,0.11090185551748832,0.0,0.0,0.0,0.11090185551748832,single,ok,single_mode
single_target_b1_a6000_post,2026-02-20T20:55:26,17,4,C=CCN(C)C1CCC2(O)CC3C4CCC(C(C)CCC(O)Nc5ccc(S(=O)(=O)N=c6[nH]c7ccccc7[nH]6)cc5)C4(C)CCC3C12C,C=CCN(C)C1CCC2(O)CC3C4CCC(C(C)CCC(O)Nc5ccc(S(=O)(=O)N=c6[nH]c7ccccc7[nH]6)cc5)C4(C)CCC3C12C,0.23385977869232497,0.1062983938003645,0.0,0.0,0.0,0.1062983938003645,single,ok,single_mode
single_target_b1_a6000_post,2026-02-20T20:55:26,17,5,CON=C(CCl)c1ccc(C)cc1O,CON=C(CCl)c1ccc(C)cc1O,0.3926700949668884,0.29762372574250573,0.0,0.0,0.0,0.29762372574250573,single,ok,single_mode
single_target_b1_a6000_post,2026-02-20T20:55:26,17,6,O=C(N=c1c(Cl)c[nH]cc1Cl)c1ccc(Cl)c(N=c2[nH]cnc3cnc(N4CCN(CC5CC5)CC4)nc23)c1,O=C(N=c1c(Cl)c[nH]cc1Cl)c1ccc(Cl)c(N=c2[nH]cnc3cnc(N4CCN(CC5CC5)CC4)nc23)c1,0.15194776157538095,0.05817203402111014,0.0,0.0,0.0,0.05817203402111014,single,ok,single_mode
single_target_b1_a6000_post,2026-02-20T20:55:26,17,7,c1ccc(CCCN2CCN(CCOC(c3ccccc3)c3ccccc3)CC2)cc1,c1ccc(CCCN2CCN(CCOC(c3ccccc3)c3ccccc3)CC2)cc1,0.2846969465414683,0.15155914556704783,0.0,0.0,0.0,0.15155914556704783,single,ok,single_mode
single_target_b1_a6000_post,2026-02-20T20:55:26,17,8,O=c1n(CCc2ccc(F)cc2)c(O)c2n1Cc1ccccc1C2,O=c1n(CCc2ccc(F)cc2)c(O)c2n1Cc1ccccc1C2,0.24242800970872244,0.11298809724049494,0.0,0.0,0.0,0.11298809724049494,single,ok,single_mode
single_target_b1_a6000_post,2026-02-20T20:55:26,17,9,C#CCCCOC(=O)CC1C(C=CC(C)=CCc2c(O)ccc(C)c2C)C1(C)C,C#CCCCOC(=O)CC1C(C=CC(C)=CCc2c(O)ccc(C)c2C)C1(C)C,0.23201032976309457,0.10490099216357564,0.0,0.0,0.0,0.10490099216357564,single,ok,single_mode
single_target_b1_a6000_post,2026-02-20T20:55:26,17,10,C=CCc1cnc2c(OC)cccc2c1-c1cccc2oc(=NC3CC3)[nH]c12,C=CCc1cnc2c(OC)cccc2c1-c1cccc2oc(=NC3CC3)[nH]c12,0.182876485089461,0.07330551318341164,0.0,0.0,0.0,0.07330551318341164,single,ok,single_mode
single_target_b1_a6000_post,2026-02-20T20:55:26,17,11,CCN1CCCC1CNC(=O)c1ccc2ncn(-c3ccccc3)c2c1,CCN1CCCC1CNC(=O)c1ccc2ncn(-c3ccccc3)c2c1,0.133741723994414,0.05068713904089657,0.0,0.0,0.0,0.05068713904089657,single,ok,single_mode
single_target_b1_a6000_post,2026-02-20T20:55:26,17,12,N=c1[nH]c(=N)c2c(Oc3ccc(C(=O)O)c(S(N)(=O)=O)c3)cccc2[nH]1,N=c1[nH]c(=N)c2c(Oc3ccc(C(=O)O)c(S(N)(=O)=O)c3)cccc2[nH]1,0.09292546659708023,0.03709058181806414,0.0,0.0,0.0,0.03709058181806414,single,ok,single_mode
single_target_b1_a6000_post,2026-02-20T20:55:26,17,13,CCCCCCCNC(=NCCCC)NC(=O)NC(C)(C)C,CCCCCCCNC(=NCCCC)NC(=O)NC(C)(C)C,0.31423168381055194,0.1845008168571471,0.0,0.0,0.0,0.1845008168571471,single,ok,single_mode
single_target_b1_a6000_post,2026-02-20T20:55:26,17,14,O=C1C(Cl)C(c2ccc(O)cc2)N1c1nnc(Cc2ccccc2)n(O)c1=O,O=C1C(Cl)C(c2ccc(O)cc2)N1c1nnc(Cc2ccccc2)n(O)c1=O,0.19560143599907556,0.08052845390156863,0.0,0.0,0.0,0.08052845390156863,single,ok,single_mode
single_target_b1_a6000_post,2026-02-20T20:55:26,17,15,O=C1NC(=S)SC1=Cc1cccc2cccnc12,O=C1NC(=S)SC1=Cc1cccc2cccnc12,0.47224438190460205,0.4447157218510196,0.0,0.0,0.0,0.4447157218510196,single,ok,single_mode
single_target_b1_a6000_post,2026-02-20T21:02:02,18,0,COc1nc(=NC2CCN(C(C)C)CC2)[nH]c(=Nc2ccc3cc(C)[nH]c3c2)[nH]1,COc1nc(=NC2CCN(C(C)C)CC2)[nH]c(=Nc2ccc3cc(C)[nH]c3c2)[nH]1,0.3753264546394348,0.2694552101414557,0.0,0.0,0.0,0.2694552101414557,single,ok,single_mode
single_target_b1_a6000_post,2026-02-20T21:02:02,18,1,COc1ccc(Cl)cc1NC(=O)CSc1nc(-c2ccco2)cc(C(F)(F)F)n1,COc1ccc(Cl)cc1NC(=O)CSc1nc(-c2ccco2)cc(C(F)(F)F)n1,0.36350483695665997,0.2512491319448347,0.0,0.0,0.0,0.2512491319448347,single,ok,single_mode
single_target_b1_a6000_post,2026-02-20T21:02:02,18,2,O=C(c1ccc2nc(C3CCCCC3)[nH]c2c1)N1CCCCC1,O=C(c1ccc2nc(C3CCCCC3)[nH]c2c1)N1CCCCC1,0.21407238145669302,0.09217012467962747,0.0,0.0,0.0,0.09217012467962747,single,ok,single_mode
single_target_b1_a6000_post,2026-02-20T21:02:02,18,3,C[n+]1ccccc1C=c1c(=C(C#N)C#N)ccc2c(N)cc(S(C)(=O)=O)cc12,C[n+]1ccccc1C=c1c(=C(C#N)C#N)ccc2c(N)cc(S(C)(=O)=O)cc12,0.3651980459690094,0.25380596062693817,0.0,0.0,0.0,0.25380596062693817,single,ok,single_mode
single_target_b1_a6000_post,2026-02-20T21:02:02,18,4,CCCn1c(=O)c2[nH]c(-c3cccc(OCC(=O)NC4CCN(Cc5ccccc5)CC4)c3)cc2n(CCC)c1=O,CCCn1c(=O)c2[nH]c(-c3cccc(OCC(=O)NC4CCN(Cc5ccccc5)CC4)c3)cc2n(CCC)c1=O,0.27536595861117047,0.14220782192268952,0.0,0.0,0.0,0.14220782192268952,single,ok,single_mode
single_target_b1_a6000_post,2026-02-20T21:02:02,18,5,Cc1c(-c2ccccc2)nc2ccc(NS(C)(=O)=O)cn12,Cc1c(-c2ccccc2)nc2ccc(NS(C)(=O)=O)cn12,0.3169869085152944,0.18784031984460914,0.0,0.0,0.0,0.18784031984460914,single,ok,single_mode
single_target_b1_a6000_post,2026-02-20T21:02:02,18,6,CC(CCNC(=O)OCc1ccccc1)(C(O)=NO)S(C)(=O)=O,CC(CCNC(=O)OCc1ccccc1)(C(O)=NO)S(C)(=O)=O,0.18598475555578867,0.07501274299147602,0.0,0.0,0.0,0.07501274299147602,single,ok,single_mode
single_target_b1_a6000_post,2026-02-20T21:02:02,18,7,N#Cc1ccc(Nc2cc(=NC3CC3)n3ncc(=Cc4[nH]c(=O)[nH]c4O)c3n2)cc1,N#Cc1ccc(Nc2cc(=NC3CC3)n3ncc(=Cc4[nH]c(=O)[nH]c4O)c3n2)cc1,0.15384587148825327,0.05900958706168617,0.0,0.0,0.0,0.05900958706168617,single,ok,single_mode
single_target_b1_a6000_post,2026-02-20T21:02:02,18,8,CCCn1c(=O)c2[nH]c(-c3cc(C(=O)Nc4ccc(OC(F)(F)F)cc4)cnc3N3CC(C)CCC3C)nc2n(CCC)c1=O,CCCn1c(=O)c2[nH]c(-c3cc(C(=O)Nc4ccc(OC(F)(F)F)cc4)cnc3N3CC(C)CCC3C)nc2n(CCC)c1=O,0.1719258613884449,0.06757232333426809,0.0,0.0,0.0,0.06757232333426809,single,ok,single_mode
single_target_b1_a6000_post,2026-02-20T21:02:02,18,9,CCCCN(c1ccc2c(=O)oc(OCC(=O)O)c(CCC)c2c1)S(=O)(=O)c1ccc(Br)cc1,CCCCN(c1ccc2c(=O)oc(OCC(=O)O)c(CCC)c2c1)S(=O)(=O)c1ccc(Br)cc1,0.11297793624301751,0.04326524595835323,0.0,0.0,0.0,0.04326524595835323,single,ok,single_mode
single_target_b1_a6000_post,2026-02-20T21:02:02,18,10,Cc1nc(SCC(=O)C(C)(C)C)c2c3c(sc2n1)CCN(C(=O)OCC(F)(F)F)CC3,Cc1nc(SCC(=O)C(C)(C)C)c2c3c(sc2n1)CCN(C(=O)OCC(F)(F)F)CC3,0.25871895750363666,0.12672309519240088,0.0,0.0,0.0,0.12672309519240088,single,ok,single_mode
single_target_b1_a6000_post,2026-02-20T21:02:02,18,11,COc1cc(C(=NO)c2ccc(OC)c(OC)c2O)cc2c1OCO2,COc1cc(C(=NO)c2ccc(OC)c(OC)c2O)cc2c1OCO2,0.28663105765978497,0.15355953338938919,0.0,0.0,0.0,0.15355953338938919,single,ok,single_mode
single_target_b1_a6000_post,2026-02-20T21:02:02,18,12,O=Cc1cc2c(c3ccccc13)C(CCl)CN2C(=O)Oc1ccc2ccccc2c1,O=Cc1cc2c(c3ccccc13)C(CCl)CN2C(=O)Oc1ccc2ccccc2c1,0.3327959130207698,0.20789963042625378,0.0,0.0,0.0,0.20789963042625378,single,ok,single_mode
single_target_b1_a6000_post,2026-02-20T21:02:02,18,13,Nn1cc(COc2ccc(C=Cc3ccccc3)cc2)nn1,Nn1cc(COc2ccc(C=Cc3ccccc3)cc2)nn1,0.35974769790967304,0.24563707993870032,0.0,0.0,0.0,0.24563707993870032,single,ok,single_mode
single_target_b1_a6000_post,2026-02-20T21:02:02,18,14,CCCCN1CCC(c2ccccc2)C(NC(=O)CC)C1,CCCCN1CCC(c2ccccc2)C(NC(=O)CC)C1,0.15066899359226227,0.05761407124074261,0.0,0.0,0.0,0.05761407124074261,single,ok,single_mode
single_target_b1_a6000_post,2026-02-20T21:02:02,18,15,O=C(Cn1ccnc1)c1ccc2c(c1)OCO2,O=C(Cn1ccnc1)c1ccc2c(c1)OCO2,0.18554500242074332,0.07476900656203544,0.0,0.0,0.0,0.07476900656203544,single,ok,single_mode
single_target_b1_a6000_post,2026-02-20T21:08:18,19,0,CCC1(CC(=O)O)OCCc2c1[nH]c1c(F)ccc(Cl)c21,CCC1(CC(=O)O)OCCc2c1[nH]c1c(F)ccc(Cl)c21,0.1546174536148707,0.05935327345198056,0.0,0.0,0.0,0.05935327345198056,single,ok,single_mode
single_target_b1_a6000_post,2026-02-20T21:08:18,19,1,O=C(CN(c1ccc(F)cc1)S(=O)(=O)c1ccc(Cl)cc1)NCCSc1ccccc1,O=C(CN(c1ccc(F)cc1)S(=O)(=O)c1ccc(Cl)cc1)NCCSc1ccccc1,0.164218599597613,0.06378953231664033,0.0,0.0,0.0,0.06378953231664033,single,ok,single_mode
single_target_b1_a6000_post,2026-02-20T21:08:18,19,2,Cc1ccc(S(=O)(=O)Nc2ccc3nc4ccccc4nc3c2)cc1,Cc1ccc(S(=O)(=O)Nc2ccc3nc4ccccc4nc3c2)cc1,0.43237078189849854,0.367947139658274,0.0,0.0,0.0,0.367947139658274,single,ok,single_mode
single_target_b1_a6000_post,2026-02-20T21:08:18,19,3,CC(C)Oc1ccc2c(c1)c(C(=O)c1c[nH]c3ccc(C#N)cc13)cn2C(=O)N(C)C,CC(C)Oc1ccc2c(c1)c(C(=O)c1c[nH]c3ccc(C#N)cc13)cn2C(=O)N(C)C,0.36699986457824707,0.2565455852217306,0.0,0.0,0.0,0.2565455852217306,single,ok,single_mode
single_target_b1_a6000_post,2026-02-20T21:08:18,19,4,CCOc1ccc(-c2c3c(-c4ccc(C)cc4)c(C(=O)NCc4ccco4)sc3c(O)n2CCc2ccccc2)cc1,CCOc1ccc(-c2c3c(-c4ccc(C)cc4)c(C(=O)NCc4ccco4)sc3c(O)n2CCc2ccccc2)cc1,0.1948053576052189,0.08005815565161266,0.0,0.0,0.0,0.08005815565161266,single,ok,single_mode
single_target_b1_a6000_post,2026-02-20T21:08:18,19,5,c1ccc(CCN(CCN2CCN(c3nsc4ccccc34)CC2)C2CCCc3ccccc32)cc1,c1ccc(CCN(CCN2CCN(c3nsc4ccccc34)CC2)C2CCCc3ccccc32)cc1,0.3544608453909556,0.23788443117492106,0.0,0.0,0.0,0.23788443117492106,single,ok,single_mode
single_target_b1_a6000_post,2026-02-20T21:08:18,19,6,CCCCC1c2c[nH]c3c(Cl)ccc(c23)C2CC(=O)N12,CCCCC1c2c[nH]c3c(Cl)ccc(c23)C2CC(=O)N12,0.23066841065883636,0.1038972442288144,0.0,0.0,0.0,0.1038972442288144,single,ok,single_mode
single_target_b1_a6000_post,2026-02-20T21:08:18,19,7,NS(=O)(=O)c1ccc(Cn2c(O)c3c(c2O)CCC=C3)cc1Cl,NS(=O)(=O)c1ccc(Cn2c(O)c3c(c2O)CCC=C3)cc1Cl,0.10941557337840398,0.04210081602536499,0.0,0.0,0.0,0.04210081602536499,single,ok,single_mode
single_target_b1_a6000_post,2026-02-20T21:08:18,19,8,O=C1CCCN1c1ccc(OC2CN(c3ncnc4cccc(C(F)(F)F)c34)C2)nc1,O=C1CCCN1c1ccc(OC2CN(c3ncnc4cccc(C(F)(F)F)c34)C2)nc1,0.22026709218819937,0.0964015087465475,0.0,0.0,0.0,0.0964015087465475,single,ok,single_mode
single_target_b1_a6000_post,2026-02-20T21:08:18,19,9,N=c1ccc(C#Cc2cncnc2N2CCC3(CCCN3S(=O)(=O)Cc3ccccc3)CC2)c[nH]1,N=c1ccc(C#Cc2cncnc2N2CCC3(CCCN3S(=O)(=O)Cc3ccccc3)CC2)c[nH]1,0.3331666688124339,0.20838849433296264,0.0,0.0,0.0,0.20838849433296264,single,ok,single_mode
single_target_b1_a6000_post,2026-02-20T21:08:18,19,10,CCC1CNCC1N(C)C(=O)NC1CCN(C(C)C)CC1,CCC1CNCC1N(C)C(=O)NC1CCN(C(C)C)CC1,0.04757380889107784,0.02609907949381738,0.0,0.0,0.0,0.02609907949381738,single,ok,single_mode
single_target_b1_a6000_post,2026-02-20T21:08:18,19,11,O=c1c(-c2nc3ccccc3[nH]2)nc2ccccc2c2cc3c(cc12)OCO3,O=c1c(-c2nc3ccccc3[nH]2)nc2ccccc2c2cc3c(cc12)OCO3,0.4306603769461314,0.36477072656592835,0.0,0.0,0.0,0.36477072656592835,single,ok,single_mode
single_target_b1_a6000_post,2026-02-20T21:08:18,19,12,N#Cc1cccc(C2(O)CC3CC(c4ccc(F)cc4)C(C2)N3)c1,N#Cc1cccc(C2(O)CC3CC(c4ccc(F)cc4)C(C2)N3)c1,0.16540180146694183,0.06435716239850689,0.0,0.0,0.0,0.06435716239850689,single,ok,single_mode
single_target_b1_a6000_post,2026-02-20T21:08:18,19,13,CC(=O)NCC1CN(c2ccc(-c3ccc(-c4cccs4)cc3)nc2)C(=O)O1,CC(=O)NCC1CN(c2ccc(-c3ccc(-c4cccs4)cc3)nc2)C(=O)O1,0.34724611043930054,0.2275792093313298,0.0,0.0,0.0,0.2275792093313298,single,ok,single_mode
single_target_b1_a6000_post,2026-02-20T21:08:18,19,14,CC1CN(S(=O)(=O)c2ccccc2)CCN1CCc1ccc2c(c1)COC2=O,CC1CN(S(=O)(=O)c2ccccc2)CCN1CCc1ccc2c(c1)COC2=O,0.16591878483692804,0.0646066541116502,0.0,0.0,0.0,0.0646066541116502,single,ok,single_mode
single_target_b1_a6000_post,2026-02-20T21:08:18,19,15,Cc1ccc(C(=O)N2CCN(C(=O)c3cn(Cc4ccccc4)nn3)CC2)cc1,Cc1ccc(C(=O)N2CCN(C(=O)c3cn(Cc4ccccc4)nn3)CC2)cc1,0.17476907124121985,0.06901961748545689,0.0,0.0,0.0,0.06901961748545689,single,ok,single_mode
single_target_b1_a6000_post,2026-02-20T21:14:02,20,0,Cc1ccccc1OCC(O)Cn1cc([N+](=O)[O-])cn1,Cc1ccccc1OCC(O)Cn1cc([N+](=O)[O-])cn1,0.20017626384894052,0.08328028771234373,0.0,0.0,0.0,0.08328028771234373,single,ok,single_mode
single_target_b1_a6000_post,2026-02-20T21:14:02,20,1,O=C1C(=O)N(CCN2CCN(NCc3ccccc3F)CC2)c2ccccc21,O=C1C(=O)N(CCN2CCN(NCc3ccccc3F)CC2)c2ccccc21,0.18192003419001898,0.0727874196700873,0.0,0.0,0.0,0.0727874196700873,single,ok,single_mode
single_target_b1_a6000_post,2026-02-20T21:14:02,20,2,COc1ncc(-c2ccc3c(Cl)c[nH]c3c2)cc1CN1CCN(C)CC1,COc1ncc(-c2ccc3c(Cl)c[nH]c3c2)cc1CN1CCN(C)CC1,0.4363633096218109,0.37540604892423673,0.0,0.0,0.0,0.37540604892423673,single,ok,single_mode
single_target_b1_a6000_post,2026-02-20T21:14:02,20,3,CCSCCNCCCNCCCNCCCCNCCCN,CCSCCNCCCNCCCNCCCCNCCCN,0.21569344898064932,0.09326101899829077,0.0,0.0,0.0,0.09326101899829077,single,ok,single_mode
single_target_b1_a6000_post,2026-02-20T21:14:02,20,4,O=c1c2cccnc2nc2n1CCCCC2,O=c1c2cccnc2nc2n1CCCCC2,0.2848375936349233,0.15170388761912057,0.0,0.0,0.0,0.15170388761912057,single,ok,single_mode
single_target_b1_a6000_post,2026-02-20T21:14:02,20,5,COC(=O)c1c(C(=O)OC)c(-c2ccc(OC)cc2)n2c1CSC2C(=O)O,COC(=O)c1c(C(=O)OC)c(-c2ccc(OC)cc2)n2c1CSC2C(=O)O,0.1979854702949524,0.08195197962445451,0.0,0.0,0.0,0.08195197962445451,single,ok,single_mode
single_target_b1_a6000_post,2026-02-20T21:14:02,20,6,CCCC(=O)Nc1ccc(-c2c3c(nc4c(Cl)cc5ccoc5c24)C(O)C(N2CCCCC2)CO3)cc1,CCCC(=O)Nc1ccc(-c2c3c(nc4c(Cl)cc5ccoc5c24)C(O)C(N2CCCCC2)CO3)cc1,0.310691441098849,0.1802775098613422,0.0,0.0,0.0,0.1802775098613422,single,ok,single_mode
single_target_b1_a6000_post,2026-02-20T21:14:02,20,7,C=C(C)COc1ccccc1C(=O)Nc1cc(OC)ccc1OC,C=C(C)COc1ccccc1C(=O)Nc1cc(OC)ccc1OC,0.20313577353954315,0.08510575562775713,0.0,0.0,0.0,0.08510575562775713,single,ok,single_mode
single_target_b1_a6000_post,2026-02-20T21:14:02,20,8,O=C(NC1CSCN2CCCC12)C(Cc1c[nH]cn1)=NC(=O)C(Cc1ccccc1)NC(=O)c1ccco1,O=C(NC1CSCN2CCCC12)C(Cc1c[nH]cn1)=NC(=O)C(Cc1ccccc1)NC(=O)c1ccco1,0.2110704928636551,0.0901802500537272,0.0,0.0,0.0,0.0901802500537272,single,ok,single_mode
single_target_b1_a6000_post,2026-02-20T21:14:02,20,9,CCC(=O)Nc1ccc(Cl)c(-n2nc(C)n(C(F)F)c2=O)c1,CCC(=O)Nc1ccc(Cl)c(-n2nc(C)n(C(F)F)c2=O)c1,0.16808250546455383,0.06566064596412367,0.0,0.0,0.0,0.06566064596412367,single,ok,single_mode
single_target_b1_a6000_post,2026-02-20T21:14:02,20,10,O=C(N=c1nc(Cl)c2ccccc2[nH]1)NC(=O)c1ccccc1,O=C(N=c1nc(Cl)c2ccccc2[nH]1)NC(=O)c1ccccc1,0.4024338722229004,0.3142058808631752,0.0,0.0,0.0,0.3142058808631752,single,ok,single_mode
single_target_b1_a6000_post,2026-02-20T21:14:02,20,11,O=C(NCCCCCN1CCC(c2c[nH]c3ccccc23)CC1)Nc1ccccc1F,O=C(NCCCCCN1CCC(c2c[nH]c3ccccc23)CC1)Nc1ccccc1F,0.2924974014361699,0.15975920635321036,0.0,0.0,0.0,0.15975920635321036,single,ok,single_mode
single_target_b1_a6000_post,2026-02-20T21:14:02,20,12,O=[N+]([O-])c1cc(S(=O)(=O)Nc2ccc(-c3nnc4n3CCCCC4)cc2)ccc1Cl,O=[N+]([O-])c1cc(S(=O)(=O)Nc2ccc(-c3nnc4n3CCCCC4)cc2)ccc1Cl,0.19699961443742117,0.08136055900329277,0.0,0.0,0.0,0.08136055900329277,single,ok,single_mode
single_target_b1_a6000_post,2026-02-20T21:14:02,20,13,O=C(CSc1nnc(-c2[nH]c3ccccc3c2Cl)n1Cc1ccccc1)N1CCCC1,O=C(CSc1nnc(-c2[nH]c3ccccc3c2Cl)n1Cc1ccccc1)N1CCCC1,0.24037963151931763,0.11135614656580148,0.0,0.0,0.0,0.11135614656580148,single,ok,single_mode
single_target_b1_a6000_post,2026-02-20T21:14:02,20,14,COc1ccc(C=CC(=O)Nc2ccc3nccc(N4CCN(c5nccs5)CC4)c3c2)cc1,COc1ccc(C=CC(=O)Nc2ccc3nccc(N4CCN(c5nccs5)CC4)c3c2)cc1,0.2120293527841568,0.09081161031646366,0.0,0.0,0.0,0.09081161031646366,single,ok,single_mode
single_target_b1_a6000_post,2026-02-20T21:14:02,20,15,O=C1N(Cc2ccc(-c3ccccc3F)cc2)c2ccccc2C12OCCCO2,O=C1N(Cc2ccc(-c3ccccc3F)cc2)c2ccccc2C12OCCCO2,0.20586064457893372,0.08681850634667863,0.0,0.0,0.0,0.08681850634667863,single,ok,single_mode
single_target_b1_a6000_post,2026-02-20T21:20:35,21,0,OCC1OC(c2ccc(Cl)c(Cc3ccc(-c4cccs4)cc3)c2)C(O)C(O)C1O,OCC1OC(c2ccc(Cl)c(Cc3ccc(-c4cccs4)cc3)c2)C(O)C(O)C1O,0.15886927023530006,0.06128102864443525,0.0,0.0,0.0,0.06128102864443525,single,ok,single_mode
single_target_b1_a6000_post,2026-02-20T21:20:35,21,1,COC(=O)C(NC(=O)NC(CC(N)=O)C(=O)NC(C(=O)NC(CCCCCCN)C(=O)O)C(C)C)C(C)C,COC(=O)C(NC(=O)NC(CC(N)=O)C(=O)NC(C(=O)NC(CCCCCCN)C(=O)O)C(C)C)C(C)C,0.21674460669358572,0.09397457118142143,0.0,0.0,0.0,0.09397457118142143,single,ok,single_mode
single_target_b1_a6000_post,2026-02-20T21:20:35,21,2,COc1cc2[nH]c(=N)c(C(N)=O)nc2cc1C1CCOCC1,COc1cc2[nH]c(=N)c(C(N)=O)nc2cc1C1CCOCC1,0.2276506870985031,0.10167097787177301,0.0,0.0,0.0,0.10167097787177301,single,ok,single_mode
single_target_b1_a6000_post,2026-02-20T21:20:35,21,3,CC(C)C1(C(=O)N=c2cc3[nH][nH]c(=N)c3c[nH]2)CC(=O)N(c2cncnc2)C1,CC(C)C1(C(=O)N=c2cc3[nH][nH]c(=N)c3c[nH]2)CC(=O)N(c2cncnc2)C1,0.15006512651840845,0.05735233690747565,0.0,0.0,0.0,0.05735233690747565,single,ok,single_mode
single_target_b1_a6000_post,2026-02-20T21:20:35,21,4,Cc1cccc(C(=O)NCCN2CCN(c3ccc(O)cc3)CC2)c1,Cc1cccc(C(=O)NCCN2CCN(c3ccc(O)cc3)CC2)c1,0.3225434720516205,0.19471610975085035,0.0,0.0,0.0,0.19471610975085035,single,ok,single_mode
single_target_b1_a6000_post,2026-02-20T21:20:35,21,5,Cc1ccc2[nH]c(=O)c(C=NNC(=O)c3cccs3)cc2c1,Cc1ccc2[nH]c(=O)c(C=NNC(=O)c3cccs3)cc2c1,0.3484686364730199,0.22930302101592748,0.0,0.0,0.0,0.22930302101592748,single,ok,single_mode
single_target_b1_a6000_post,2026-02-20T21:20:35,21,6,COc1ccc(-c2cn(C(Cc3ccccc3)C(=O)NC(CCCCN)CC(=O)O)nn2)cc1OC,COc1ccc(-c2cn(C(Cc3ccccc3)C(=O)NC(CCCCN)CC(=O)O)nn2)cc1OC,0.2978725458184878,0.1656163093953032,0.0,0.0,0.0,0.1656163093953032,single,ok,single_mode
single_target_b1_a6000_post,2026-02-20T21:20:35,21,7,Cc1ccn2c(CNC(=O)c3ccccn3)c(-c3ccc(F)cc3)nc2c1,Cc1ccn2c(CNC(=O)c3ccccn3)c(-c3ccc(F)cc3)nc2c1,0.35760830839474994,0.24247948092632285,0.0,0.0,0.0,0.24247948092632285,single,ok,single_mode
single_target_b1_a6000_post,2026-02-20T21:20:35,21,8,N#Cc1ccc(-c2ccnc3[nH]ncc23)cc1S(N)(=O)=O,N#Cc1ccc(-c2ccnc3[nH]ncc23)cc1S(N)(=O)=O,0.23147508998711905,0.104499613515595,0.0,0.0,0.0,0.104499613515595,single,ok,single_mode
single_target_b1_a6000_post,2026-02-20T21:20:35,21,9,CCOC(=O)C1CCN(C(CNS(=O)(=O)c2ccc(OC)c(Cl)c2)c2ccco2)CC1,CCOC(=O)C1CCN(C(CNS(=O)(=O)c2ccc(OC)c(Cl)c2)c2ccco2)CC1,0.14529077957073847,0.05532198462575228,0.0,0.0,0.0,0.05532198462575228,single,ok,single_mode
single_target_b1_a6000_post,2026-02-20T21:20:35,21,10,COc1ccc(N=c2cc(C)nc3nc[nH]n23)cc1,COc1ccc(N=c2cc(C)nc3nc[nH]n23)cc1,0.2087859958410263,0.08869193560364468,0.0,0.0,0.0,0.08869193560364468,single,ok,single_mode
single_target_b1_a6000_post,2026-02-20T21:20:35,21,11,Cc1nc2c(C)cccn2c1C(=O)C=Cc1ccc(F)cc1F,Cc1nc2c(C)cccn2c1C(=O)C=Cc1ccc(F)cc1F,0.39527671535809833,0.30200122435775767,0.0,0.0,0.0,0.30200122435775767,single,ok,single_mode
single_target_b1_a6000_post,2026-02-20T21:20:35,21,12,CC(C)C(C)(C#N)NC(=O)CSc1[nH]c(=O)nc2c1CCCC2,CC(C)C(C)(C#N)NC(=O)CSc1[nH]c(=O)nc2c1CCCC2,0.14570264518260956,0.055494434734609,0.0,0.0,0.0,0.055494434734609,single,ok,single_mode
single_target_b1_a6000_post,2026-02-20T21:20:35,21,13,O=C([O-])CN(CCCCC=CBr)c1ccc(Cl)c(Cl)c1,O=C([O-])CN(CCCCC=CBr)c1ccc(Cl)c(Cl)c1,0.35072405139605206,0.2325072566015174,0.0,0.0,0.0,0.2325072566015174,single,ok,single_mode
single_target_b1_a6000_post,2026-02-20T21:20:35,21,14,O=c1nc(OCC2COCCO2)cc2n1CCc1cc(-c3cc(Cl)cc(Cl)c3)ccc1-2,O=c1nc(OCC2COCCO2)cc2n1CCc1cc(-c3cc(Cl)cc(Cl)c3)ccc1-2,0.20635959257682165,0.08713548568608365,0.0,0.0,0.0,0.08713548568608365,single,ok,single_mode
single_target_b1_a6000_post,2026-02-20T21:20:35,21,15,CC(=O)Nn1c(-c2cc3ccccc3cc2O)cnc1SC(C#N)=NNc1ccccc1Cl,CC(=O)Nn1c(-c2cc3ccccc3cc2O)cnc1SC(C#N)=NNc1ccccc1Cl,0.39415426055590314,0.3001117202984027,0.0,0.0,0.0,0.3001117202984027,single,ok,single_mode
single_target_b1_a6000_post,2026-02-20T21:27:10,22,0,COC1CN(c2ncc[nH]2)CCC1NC(=O)c1cccc(-c2ccccn2)n1,COC1CN(c2ncc[nH]2)CCC1NC(=O)c1cccc(-c2ccccn2)n1,0.48393139243125916,0.46790696696716555,0.0,0.0,0.0,0.46790696696716555,single,ok,single_mode
single_target_b1_a6000_post,2026-02-20T21:27:10,22,1,O=C(CN1CCC(N2CCCCC2)CC1)N1CCc2cc(N=c3cc(-c4ccc5ncsc5c4)c(Cl)c[nH]3)ccc21,O=C(CN1CCC(N2CCCCC2)CC1)N1CCc2cc(N=c3cc(-c4ccc5ncsc5c4)c(Cl)c[nH]3)ccc21,0.45350879430770874,0.40807483359409497,0.0,0.0,0.0,0.40807483359409497,single,ok,single_mode
single_target_b1_a6000_post,2026-02-20T21:27:10,22,2,CCNC(=O)NC(=NC1=NC(=O)C(=O)N1C(C)C)NCC(CC1CCCC1)c1ccc(OC)c(F)c1,CCNC(=O)NC(=NC1=NC(=O)C(=O)N1C(C)C)NCC(CC1CCCC1)c1ccc(OC)c(F)c1,0.12325340509414673,0.04679860743923953,0.0,0.0,0.0,0.04679860743923953,single,ok,single_mode
single_target_b1_a6000_post,2026-02-20T21:27:10,22,3,COc1ccccc1-c1csc(=NC(=O)CC#N)[nH]1,COc1ccccc1-c1csc(=NC(=O)CC#N)[nH]1,0.43223685026168823,0.36769799561347166,0.0,0.0,0.0,0.36769799561347166,single,ok,single_mode
single_target_b1_a6000_post,2026-02-20T21:27:10,22,4,Cc1cccc(C(=O)NNC(=S)Nc2ccc(Cl)cc2)c1O,Cc1cccc(C(=O)NNC(=S)Nc2ccc(Cl)cc2)c1O,0.36707257231076557,0.2566565412671783,0.0,0.0,0.0,0.2566565412671783,single,ok,single_mode
single_target_b1_a6000_post,2026-02-20T21:27:10,22,5,CC(Cc1ccc(C#Cc2ccnc(N3CCCC(C(=O)O)C3)n2)cc1)Oc1ccccc1F,CC(Cc1ccc(C#Cc2ccnc(N3CCCC(C(=O)O)C3)n2)cc1)Oc1ccccc1F,0.4973716735839844,0.49474354083131117,0.0,0.0,0.0,0.49474354083131117,single,ok,single_mode
single_target_b1_a6000_post,2026-02-20T21:27:10,22,6,O=C(O)Cc1cc2ccc3c[nH]nc3c2[nH]1,O=C(O)Cc1cc2ccc3c[nH]nc3c2[nH]1,0.5092874765396118,0.5185664126002087,0.0,0.0,0.0,0.5185664126002087,single,ok,single_mode
single_target_b1_a6000_post,2026-02-20T21:27:10,22,7,Cc1cc(=O)[nH]c(N2CCN(c3ccccc3C)CC2)n1,Cc1cc(=O)[nH]c(N2CCN(c3ccccc3C)CC2)n1,0.20178474485874176,0.08426796203788785,0.0,0.0,0.0,0.08426796203788785,single,ok,single_mode
single_target_b1_a6000_post,2026-02-20T21:27:10,22,8,Cc1cc(N=c2cc(C3CC3)[nH][nH]2)[nH]c(=NCc2c(C)noc2C)n1,Cc1cc(N=c2cc(C3CC3)[nH][nH]2)[nH]c(=NCc2c(C)noc2C)n1,0.28880444169044495,0.1558331256062605,0.0,0.0,0.0,0.1558331256062605,single,ok,single_mode
single_target_b1_a6000_post,2026-02-20T21:27:10,22,9,O=C(O)CCCCC1CCCCn2c(C3CCCCC3)c(-c3ccc(F)cc3)c(-c3ccccc3)c21,O=C(O)CCCCC1CCCCn2c(C3CCCCC3)c(-c3ccc(F)cc3)c(-c3ccccc3)c21,0.27486544847488403,0.14172008446107856,0.0,0.0,0.0,0.14172008446107856,single,ok,single_mode
single_target_b1_a6000_post,2026-02-20T21:27:10,22,10,Cn1c(CNC(=N)N)ccc1-c1ccccc1,Cn1c(CNC(=N)N)ccc1-c1ccccc1,0.22365483144919077,0.0987882702703345,0.0,0.0,0.0,0.0987882702703345,single,ok,single_mode
single_target_b1_a6000_post,2026-02-20T21:27:10,22,11,COc1cc(CN2CCC3(C2)N=C(C)c2[nH]c(=N)[nH]c(=NCc4ccc(-c5ccccc5)cc4)c2N3)ccc1C,COc1cc(CN2CCC3(C2)N=C(C)c2[nH]c(=N)[nH]c(=NCc4ccc(-c5ccccc5)cc4)c2N3)ccc1C,0.41893242796262103,0.3433184904416694,0.0,0.0,0.0,0.3433184904416694,single,ok,single_mode
single_target_b1_a6000_post,2026-02-20T21:27:10,22,12,O=C(NCCO)c1cc(O)n(Cc2cc(F)cc(F)c2)c1,O=C(NCCO)c1cc(O)n(Cc2cc(F)cc(F)c2)c1,0.15781248112519583,0.06079648875801625,0.0,0.0,0.0,0.06079648875801625,single,ok,single_mode
single_target_b1_a6000_post,2026-02-20T21:27:10,22,13,CCOC(=O)N1CCC(N2CCC(Oc3cccc(C(=O)NCC45CC6CC(CC(C6)C4)C5)c3)CC2)CC1,CCOC(=O)N1CCC(N2CCC(Oc3cccc(C(=O)NCC45CC6CC(CC(C6)C4)C5)c3)CC2)CC1,0.2264288365840912,0.10078167566654152,0.0,0.0,0.0,0.10078167566654152,single,ok,single_mode
single_target_b1_a6000_post,2026-02-20T21:27:10,22,14,CCOc1ccc(Cc2cc(C3CCN(CC4CN(C(C(=O)O)C5CCCCC5)CC4c4ccc(Cl)cc4)CC3)n(CC)n2)cc1,CCOc1ccc(Cc2cc(C3CCN(CC4CN(C(C(=O)O)C5CCCCC5)CC4c4ccc(Cl)cc4)CC3)n(CC)n2)cc1,0.16224708904822668,0.06285407199849312,0.0,0.0,0.0,0.06285407199849312,single,ok,single_mode
single_target_b1_a6000_post,2026-02-20T21:27:10,22,15,CC(=O)N1c2ccc(S(=O)(=O)N3CCCC(C(=O)NCC(C)c4ccccc4)C3)cc2CC1C,CC(=O)N1c2ccc(S(=O)(=O)N3CCCC(C(=O)NCC(C)c4ccccc4)C3)cc2CC1C,0.20986161132653555,0.08938990037717606,0.0,0.0,0.0,0.08938990037717606,single,ok,single_mode
single_target_b1_a6000_post,2026-02-20T21:33:16,23,0,CCc1[nH]nc(Cn2c(=O)sc3ccccc32)c1-c1ccc(Cl)cc1,CCc1[nH]nc(Cn2c(=O)sc3ccccc32)c1-c1ccc(Cl)cc1,0.27304596702257794,0.13995879249767088,0.0,0.0,0.0,0.13995879249767088,single,ok,single_mode
single_target_b1_a6000_post,2026-02-20T21:33:16,23,1,O=C(OCC#CCSc1nnc(-c2ccccc2)o1)c1ccccc1,O=C(OCC#CCSc1nnc(-c2ccccc2)o1)c1ccccc1,0.2192049448688825,0.09566386846353132,0.0,0.0,0.0,0.09566386846353132,single,ok,single_mode
single_target_b1_a6000_post,2026-02-20T21:33:16,23,2,Cc1ccc(N=c2nc(N3CCCC(N)C3)[nH]c(N3CCC(N(C)C)C3)n2)c(Cl)c1,Cc1ccc(N=c2nc(N3CCCC(N)C3)[nH]c(N3CCC(N(C)C)C3)n2)c(Cl)c1,0.3291780451933543,0.20317366699088943,0.0,0.0,0.0,0.20317366699088943,single,ok,single_mode
single_target_b1_a6000_post,2026-02-20T21:33:16,23,3,O=C1CN(C(=O)c2ccco2)c2ccccc2N1,O=C1CN(C(=O)c2ccco2)c2ccccc2N1,0.31641075015068054,0.1871381585129659,0.0,0.0,0.0,0.1871381585129659,single,ok,single_mode
single_target_b1_a6000_post,2026-02-20T21:33:16,23,4,CCN(CC)CCNC(=O)c1ccc(-c2c[nH]c(=NC3CCCc4ccccc43)[nH]c2=N)cc1,CCN(CC)CCNC(=O)c1ccc(-c2c[nH]c(=NC3CCCc4ccccc43)[nH]c2=N)cc1,0.43050770958264667,0.3644877731782819,0.0,0.0,0.0,0.3644877731782819,single,ok,single_mode
single_target_b1_a6000_post,2026-02-20T21:33:16,23,5,COC(=O)c1ccc(-c2nc(-c3cccc(C(F)(F)F)c3)c[nH]2)cc1,COC(=O)c1ccc(-c2nc(-c3cccc(C(F)(F)F)c3)c[nH]2)cc1,0.3569840689500173,0.2415633626894561,0.0,0.0,0.0,0.2415633626894561,single,ok,single_mode
single_target_b1_a6000_post,2026-02-20T21:33:16,23,6,O=C(NCc1ccc(Br)cc1)c1cccc2c1C(=O)N(C1CCNCC1)C2,O=C(NCc1ccc(Br)cc1)c1cccc2c1C(=O)N(C1CCNCC1)C2,0.1960423638423284,0.08079002381967591,0.0,0.0,0.0,0.08079002381967591,single,ok,single_mode
single_target_b1_a6000_post,2026-02-20T21:33:16,23,7,COc1cc(-c2nnc(CNCCOc3ccccc3)o2)cc(OC)c1OC,COc1cc(-c2nnc(CNCCOc3ccccc3)o2)cc(OC)c1OC,0.23907732963562012,0.11032934919565278,0.0,0.0,0.0,0.11032934919565278,single,ok,single_mode
single_target_b1_a6000_post,2026-02-20T21:33:16,23,8,COc1ccc(-c2nn(-c3ccccc3)cc2C=NN=c2[nH]c3ccc(C)cc3s2)cc1OC,COc1ccc(-c2nn(-c3ccccc3)cc2C=NN=c2[nH]c3ccc(C)cc3s2)cc1OC,0.4492417673269908,0.3998558278793052,0.0,0.0,0.0,0.3998558278793052,single,ok,single_mode
single_target_b1_a6000_post,2026-02-20T21:33:16,23,9,CC1CC(c2ccccc2)C(C)C12COCO2,CC1CC(c2ccccc2)C(C)C12COCO2,0.15449765572945276,0.05929978907229283,0.0,0.0,0.0,0.05929978907229283,single,ok,single_mode
single_target_b1_a6000_post,2026-02-20T21:33:16,23,10,S=C(NCCCN=c1c2ccc(Cl)cc2[nH]c2cc(Cl)ccc12)Nc1ccccc1Cl,S=C(NCCCN=c1c2ccc(Cl)cc2[nH]c2cc(Cl)ccc12)Nc1ccccc1Cl,0.2775329578046997,0.14433569411306826,0.0,0.0,0.0,0.14433569411306826,single,ok,single_mode
single_target_b1_a6000_post,2026-02-20T21:33:16,23,11,Cc1ccc(NC(=O)Nc2cccc(Br)c2)cn1,Cc1ccc(NC(=O)Nc2cccc(Br)c2)cn1,0.3430361847082774,0.22171318562224762,0.0,0.0,0.0,0.22171318562224762,single,ok,single_mode
single_target_b1_a6000_post,2026-02-20T21:33:16,23,12,C[N+]1=C2CC(C)(CC1)c1cc3c(cc12)OCO3,C[N+]1=C2CC(C)(CC1)c1cc3c(cc12)OCO3,0.29483792185783386,0.16228870779048235,0.0,0.0,0.0,0.16228870779048235,single,ok,single_mode
single_target_b1_a6000_post,2026-02-20T21:33:16,23,13,O=C(Nc1ccccc1-c1ccccc1)N1CCN(C(=O)c2ccc(Cl)cc2)CC1,O=C(Nc1ccccc1-c1ccccc1)N1CCN(C(=O)c2ccc(Cl)cc2)CC1,0.19792471826076508,0.08191542120430265,0.0,0.0,0.0,0.08191542120430265,single,ok,single_mode
single_target_b1_a6000_post,2026-02-20T21:33:16,23,14,O=C(COC(=O)c1ccc(O)cc1)NC(=O)NC1CCCC1,O=C(COC(=O)c1ccc(O)cc1)NC(=O)NC1CCCC1,0.1780922363201777,0.07074757822461337,0.0,0.0,0.0,0.07074757822461337,single,ok,single_mode
single_target_b1_a6000_post,2026-02-20T21:33:16,23,15,COC(=O)C1(C)CCCC2(C)C1CCC13CCC4C(C)(C)C(=O)C=CC4(C)C(CC1O)C23,COC(=O)C1(C)CCCC2(C)C1CCC13CCC4C(C)(C)C(=O)C=CC4(C)C(CC1O)C23,0.13554868350426355,0.05138725170767463,0.0,0.0,0.0,0.05138725170767463,single,ok,single_mode
single_target_b1_a6000_post,2026-02-20T21:39:21,24,0,O=C(Nc1ccc2c(c1)C(NS(=O)(=O)c1ccc(F)cc1)C(O)CC2)c1ccc(F)cc1,O=C(Nc1ccc2c(c1)C(NS(=O)(=O)c1ccc(F)cc1)C(O)CC2)c1ccc(F)cc1,0.21538154780864716,0.09305022964566688,0.0,0.0,0.0,0.09305022964566688,single,ok,single_mode
single_target_b1_a6000_post,2026-02-20T21:39:21,24,1,Clc1nnc2ccccc2n1,Clc1nnc2ccccc2n1,0.6024616857369741,0.6941712717978482,0.0,0.0,0.0,0.6941712717978482,single,ok,single_mode
single_target_b1_a6000_post,2026-02-20T21:39:21,24,2,CCCCCCCCNS(=O)(=O)NC(=O)Oc1c(C(C)C)cccc1C(C)C,CCCCCCCCNS(=O)(=O)NC(=O)Oc1c(C(C)C)cccc1C(C)C,0.2380121648311615,0.10949569717583903,0.0,0.0,0.0,0.10949569717583903,single,ok,single_mode
single_target_b1_a6000_post,2026-02-20T21:39:21,24,3,OCCCCCCOc1cc(F)ccc1-c1ccncc1C=CC(O)=NO,OCCCCCCOc1cc(F)ccc1-c1ccncc1C=CC(O)=NO,0.14239616443713507,0.054124158054919484,0.0,0.0,0.0,0.054124158054919484,single,ok,single_mode
single_target_b1_a6000_post,2026-02-20T21:39:21,24,4,Cc1c(N=Nc2cc3ccc(N)cc3oc2=O)c(=O)n(-c2ccccc2)n1C,Cc1c(N=Nc2cc3ccc(N)cc3oc2=O)c(=O)n(-c2ccccc2)n1C,0.3326138307650884,0.20765985386938418,0.0,0.0,0.0,0.20765985386938418,single,ok,single_mode
single_target_b1_a6000_post,2026-02-20T21:39:21,24,5,O=C(NC1CCN(Cc2ccc(C3CCCCC3)s2)C1)c1ccc(-c2ccccc2)cc1,O=C(NC1CCN(Cc2ccc(C3CCCCC3)s2)C1)c1ccc(-c2ccccc2)cc1,0.2030141077314814,0.08503000033507825,0.0,0.0,0.0,0.08503000033507825,single,ok,single_mode
single_target_b1_a6000_post,2026-02-20T21:39:21,24,6,CNCCn1oc(=O)n2c3c(=O)[nH]c(=O)n(C)c3nc12,CNCCn1oc(=O)n2c3c(=O)[nH]c(=O)n(C)c3nc12,0.3586134860912959,0.2439596119559217,0.0,0.0,0.0,0.2439596119559217,single,ok,single_mode
single_target_b1_a6000_post,2026-02-20T21:39:21,24,7,N#CCCSc1nc2[nH]c3ccc(Br)cc3c2s1,N#CCCSc1nc2[nH]c3ccc(Br)cc3c2s1,0.3770042657852173,0.2721055767800677,0.0,0.0,0.0,0.2721055767800677,single,ok,single_mode
single_target_b1_a6000_post,2026-02-20T21:39:21,24,8,[N-]=[N+]=NC1C([N+](=O)[O-])=C2N(Cc3ccc(Cl)nc3)CCN2C1c1ccc(Cl)cc1,[N-]=[N+]=NC1C([N+](=O)[O-])=C2N(Cc3ccc(Cl)nc3)CCN2C1c1ccc(Cl)cc1,0.4932678242524465,0.4865389021419433,0.0,0.0,0.0,0.4865389021419433,single,ok,single_mode
single_target_b1_a6000_post,2026-02-20T21:39:21,24,9,CCOC(=O)c1c(C)cc2occ(NC(=O)C=CC(=O)O)c2c1-c1ccccc1,CCOC(=O)c1c(C)cc2occ(NC(=O)C=CC(=O)O)c2c1-c1ccccc1,0.20267806947231293,0.084821083579401,0.0,0.0,0.0,0.084821083579401,single,ok,single_mode
single_target_b1_a6000_post,2026-02-20T21:39:21,24,10,CCOC(=O)C1C(=N)N(NC(C)=O)C2=CC(C)(C)CC(=O)C2C1c1cn(-c2ccccc2)nc1-c1ccccc1,CCOC(=O)C1C(=N)N(NC(C)=O)C2=CC(C)(C)CC(=O)C2C1c1cn(-c2ccccc2)nc1-c1ccccc1,0.3002059708038966,0.1682120389610102,0.0,0.0,0.0,0.1682120389610102,single,ok,single_mode
single_target_b1_a6000_post,2026-02-20T21:39:21,24,11,O=C(CCCN1CCC2(CCc3ccccc32)CC1)c1ccc(F)cc1,O=C(CCCN1CCC2(CCc3ccccc32)CC1)c1ccc(F)cc1,0.15208719919125238,0.05823318027014487,0.0,0.0,0.0,0.05823318027014487,single,ok,single_mode
single_target_b1_a6000_post,2026-02-20T21:39:21,24,12,CC(C)(C)C(=O)Nc1ccc(Cl)c(NC(=O)C2CCCCC2)c1Cl,CC(C)(C)C(=O)Nc1ccc(Cl)c(NC(=O)C2CCCCC2)c1Cl,0.1945080409447352,0.07988315429868122,0.0,0.0,0.0,0.07988315429868122,single,ok,single_mode
single_target_b1_a6000_post,2026-02-20T21:39:21,24,13,O=C(N=c1[nH]nc(Cc2ccccc2F)s1)c1ccncc1,O=C(N=c1[nH]nc(Cc2ccccc2F)s1)c1ccncc1,0.2266560842593511,0.10094654935458314,0.0,0.0,0.0,0.10094654935458314,single,ok,single_mode
single_target_b1_a6000_post,2026-02-20T21:39:21,24,14,CC(C(=O)O)c1ccccc1,CC(C(=O)O)c1ccccc1,0.313865602016449,0.18406057783610902,0.0,0.0,0.0,0.18406057783610902,single,ok,single_mode
single_target_b1_a6000_post,2026-02-20T21:39:21,24,15,Cc1cc2c(cc1S(=O)(=O)Nc1ccc(C)c(S(=O)(=O)N3CCOCC3)c1)n(C)c(=O)c(=O)n2C,Cc1cc2c(cc1S(=O)(=O)Nc1ccc(C)c(S(=O)(=O)N3CCOCC3)c1)n(C)c(=O)c(=O)n2C,0.1409415900707245,0.05353150731977349,0.0,0.0,0.0,0.05353150731977349,single,ok,single_mode
single_target_b1_a6000_post,2026-02-20T21:45:54,25,0,COc1ccc2[nH]c(=NC(=O)C(C)Oc3cccc(C)c3)sc2c1,COc1ccc2[nH]c(=NC(=O)C(C)Oc3cccc(C)c3)sc2c1,0.29781264066696167,0.16555009483972674,0.0,0.0,0.0,0.16555009483972674,single,ok,single_mode
single_target_b1_a6000_post,2026-02-20T21:45:54,25,1,CC1(C)C=C(c2cn(-c3ccc(S(C)(=O)=O)cc3)nn2)c2cc(Cl)ccc2C1=O,CC1(C)C=C(c2cn(-c3ccc(S(C)(=O)=O)cc3)nn2)c2cc(Cl)ccc2C1=O,0.3370329240957896,0.21353682375341448,0.0,0.0,0.0,0.21353682375341448,single,ok,single_mode
single_target_b1_a6000_post,2026-02-20T21:45:54,25,2,N=C(N)NCCCN1CCN(C(=O)CCC(NC(=O)c2cc(Cl)cc(Cl)c2)C(=O)N2CCC(C(=O)O)CC2)CC1,N=C(N)NCCCN1CCN(C(=O)CCC(NC(=O)c2cc(Cl)cc(Cl)c2)C(=O)N2CCC(C(=O)O)CC2)CC1,0.3002576331297557,0.16826987428840334,0.0,0.0,0.0,0.16826987428840334,single,ok,single_mode
single_target_b1_a6000_post,2026-02-20T21:45:54,25,3,CCCCn1c(=O)n(CC(=O)NC(Cc2ccccc2)C(=O)C(=O)NCc2ccc(Cl)cc2)c2ccccc21,CCCCn1c(=O)n(CC(=O)NC(Cc2ccccc2)C(=O)C(=O)NCc2ccc(Cl)cc2)c2ccccc21,0.3743558426698049,0.26792943644064016,0.0,0.0,0.0,0.26792943644064016,single,ok,single_mode
single_target_b1_a6000_post,2026-02-20T21:45:54,25,4,CC(=O)Nc1ccc2c(ccn2CCN(C)C2CCN(Cc3ccccc3)CC2)c1,CC(=O)Nc1ccc2c(ccn2CCN(C)C2CCN(Cc3ccccc3)CC2)c1,0.254137580593427,0.12272231672684705,0.0,0.0,0.0,0.12272231672684705,single,ok,single_mode
single_target_b1_a6000_post,2026-02-20T21:45:54,25,5,COc1cc(CNc2ccc(S(N)(=O)=O)cc2)cc(OC)c1OC,COc1cc(CNc2ccc(S(N)(=O)=O)cc2)cc(OC)c1OC,0.2328194429477056,0.10551033333134817,0.0,0.0,0.0,0.10551033333134817,single,ok,single_mode
single_target_b1_a6000_post,2026-02-20T21:45:54,25,6,COc1ccc(C2(NCCn3ncc4ccccc43)CCCCC2)cc1,COc1ccc(C2(NCCn3ncc4ccccc43)CCCCC2)cc1,0.17629545430342355,0.06980839185020722,0.0,0.0,0.0,0.06980839185020722,single,ok,single_mode
single_target_b1_a6000_post,2026-02-20T21:45:54,25,7,Cc1c(NC2CCCCC2)[nH]c(N2CCCC2)nc1=NCCO,Cc1c(NC2CCCCC2)[nH]c(N2CCCC2)nc1=NCCO,0.39807507395744324,0.3067411095351318,0.0,0.0,0.0,0.3067411095351318,single,ok,single_mode
single_target_b1_a6000_post,2026-02-20T21:45:54,25,8,CC(C)CC(NC(=O)OC(C)(C)C)C(=O)N1CCCC1c1csc(=N)[nH]1,CC(C)CC(NC(=O)OC(C)(C)C)C(=O)N1CCCC1c1csc(=N)[nH]1,0.08188304305076599,0.03406139464361313,0.0,0.0,0.0,0.03406139464361313,single,ok,single_mode
single_target_b1_a6000_post,2026-02-20T21:45:54,25,9,CC(C)CCN1CCOC2(CCCCC2)C1,CC(C)CCN1CCOC2(CCCCC2)C1,0.13383805503447851,0.05072423390325762,0.0,0.0,0.0,0.05072423390325762,single,ok,single_mode
single_target_b1_a6000_post,2026-02-20T21:45:54,25,10,CS(=O)(=O)c1ccc(-c2c[nH]c3c(-c4cccc(N5CCNCC5)n4)cccc23)cc1,CS(=O)(=O)c1ccc(-c2c[nH]c3c(-c4cccc(N5CCNCC5)n4)cccc23)cc1,0.3918462296326955,0.29624777422275855,0.0,0.0,0.0,0.29624777422275855,single,ok,single_mode
single_target_b1_a6000_post,2026-02-20T21:45:54,25,11,O=C(NC1c2ccccc2OCC1NC1CCC1)c1cccnc1N1CCCC1,O=C(NC1c2ccccc2OCC1NC1CCC1)c1cccnc1N1CCCC1,0.15729370713233948,0.060559943163654345,0.0,0.0,0.0,0.060559943163654345,single,ok,single_mode
single_target_b1_a6000_post,2026-02-20T21:45:54,25,12,CN(C(=O)c1ccc(CNC(=O)N2Cc3ccccc3C2)cc1)C1CCN(C(=O)OC(C)(C)C)CC1,CN(C(=O)c1ccc(CNC(=O)N2Cc3ccccc3C2)cc1)C1CCN(C(=O)OC(C)(C)C)CC1,0.2582811365524928,0.12633599232114054,0.0,0.0,0.0,0.12633599232114054,single,ok,single_mode
single_target_b1_a6000_post,2026-02-20T21:45:54,25,13,CC(=O)C1CCC2C3CCC4N(C)C(=O)CCC4(C)C3CCC12C,CC(=O)C1CCC2C3CCC4N(C)C(=O)CCC4(C)C3CCC12C,0.17599855363368988,0.06965431496927656,0.0,0.0,0.0,0.06965431496927656,single,ok,single_mode
single_target_b1_a6000_post,2026-02-20T21:45:54,25,14,CN(C)S(=O)(=O)c1cc(NC(=O)CN)ccc1Cl,CN(C)S(=O)(=O)c1cc(NC(=O)CN)ccc1Cl,0.11321275681257248,0.04334307281868554,0.0,0.0,0.0,0.04334307281868554,single,ok,single_mode
single_target_b1_a6000_post,2026-02-20T21:45:54,25,15,CCOC(=O)C1C(CC)=Nc2ccccc2N=C1NS(=O)(=O)c1ccc(C)cc1,CCOC(=O)C1C(CC)=Nc2ccccc2N=C1NS(=O)(=O)c1ccc(C)cc1,0.2803668479124705,0.14715828182053084,0.0,0.0,0.0,0.14715828182053084,single,ok,single_mode
single_target_b1_a6000_post,2026-02-20T21:52:31,26,0,C=CCn1c(-c2cn(-c3ccc(OC)c(OC)c3)nn2)n[nH]c1=S,C=CCn1c(-c2cn(-c3ccc(OC)c(OC)c3)nn2)n[nH]c1=S,0.26535966495672864,0.13271971812147593,0.0,0.0,0.0,0.13271971812147593,single,ok,single_mode
single_target_b1_a6000_post,2026-02-20T21:52:31,26,1,Cc1ccc(-c2c[nH]c(=N)c(-c3ccc(O)cc3)n2)cc1,Cc1ccc(-c2c[nH]c(=N)c(-c3ccc(O)cc3)n2)cc1,0.28497087955474854,0.1518411589126623,0.0,0.0,0.0,0.1518411589126623,single,ok,single_mode
single_target_b1_a6000_post,2026-02-20T21:52:31,26,2,COC(=O)c1ccc(CCC(=O)NCC(O)c2cccc(OCc3ccccc3)c2)cc1,COC(=O)c1ccc(CCC(=O)NCC(O)c2cccc(OCc3ccccc3)c2)cc1,0.1918688416481018,0.07834496747858162,0.0,0.0,0.0,0.07834496747858162,single,ok,single_mode
single_target_b1_a6000_post,2026-02-20T21:52:31,26,3,O=S(=O)(O)c1ccc2[nH]c3c(c2c1)C(O)CNC3,O=S(=O)(O)c1ccc2[nH]c3c(c2c1)C(O)CNC3,0.41865800817807514,0.3428237153199539,0.0,0.0,0.0,0.3428237153199539,single,ok,single_mode
single_target_b1_a6000_post,2026-02-20T21:52:31,26,4,Cc1c(O)c(=O)ccn1CCCCNC(=O)c1cccc(F)c1,Cc1c(O)c(=O)ccn1CCCCNC(=O)c1cccc(F)c1,0.09718674421310425,0.038327509421621955,0.0,0.0,0.0,0.038327509421621955,single,ok,single_mode
single_target_b1_a6000_post,2026-02-20T21:52:31,26,5,Cc1nc(-c2ccccc2)sc1C(=O)NCCCCCCC(O)=NO,Cc1nc(-c2ccccc2)sc1C(=O)NCCCCCCC(O)=NO,0.2895928968985875,0.15666469306227163,0.0,0.0,0.0,0.15666469306227163,single,ok,single_mode
single_target_b1_a6000_post,2026-02-20T21:52:31,26,6,O=C(c1ccccc1-n1nccn1)N1CCOCC1Cc1cccc(-n2nccn2)c1,O=C(c1ccccc1-n1nccn1)N1CCOCC1Cc1cccc(-n2nccn2)c1,0.11572000135978062,0.04418242495842696,0.0,0.0,0.0,0.04418242495842696,single,ok,single_mode
single_target_b1_a6000_post,2026-02-20T21:52:31,26,7,CCCCc1ccc(NC(=O)CSc2n[nH]c(=N)s2)cc1,CCCCc1ccc(NC(=O)CSc2n[nH]c(=N)s2)cc1,0.3106098771095276,0.1801811033787729,0.0,0.0,0.0,0.1801811033787729,single,ok,single_mode
single_target_b1_a6000_post,2026-02-20T21:52:31,26,8,O=C(Nc1cccc2ccccc12)c1nc[nH]c1-c1ccccc1,O=C(Nc1cccc2ccccc12)c1nc[nH]c1-c1ccccc1,0.25712424019972485,0.12531797879153675,0.0,0.0,0.0,0.12531797879153675,single,ok,single_mode
single_target_b1_a6000_post,2026-02-20T21:52:31,26,9,CCN(C(=O)Cn1nc(C)c2c(C)n(-c3cccc(Cl)c3)nc2c1=O)c1cccc(C)c1,CCN(C(=O)Cn1nc(C)c2c(C)n(-c3cccc(Cl)c3)nc2c1=O)c1cccc(C)c1,0.23332543671131134,0.10589298089125591,0.0,0.0,0.0,0.10589298089125591,single,ok,single_mode
single_target_b1_a6000_post,2026-02-20T21:52:31,26,10,Fc1ccc2[nH]c3cc(Cl)ccc3c(=NCCN=c3c4ccccc4[nH]c4ccccc34)c2c1,Fc1ccc2[nH]c3cc(Cl)ccc3c(=NCCN=c3c4ccccc4[nH]c4ccccc34)c2c1,0.3030969599882762,0.17147289848369132,0.0,0.0,0.0,0.17147289848369132,single,ok,single_mode
single_target_b1_a6000_post,2026-02-20T21:52:31,26,11,O=C(C=Cc1ccccc1)c1ccc(OCCCN2CCN(CCOC(c3ccccc3)c3ccccc3)CC2)cc1,O=C(C=Cc1ccccc1)c1ccc(OCCCN2CCN(CCOC(c3ccccc3)c3ccccc3)CC2)cc1,0.4929349422454834,0.4858736449179249,0.0,0.0,0.0,0.4858736449179249,single,ok,single_mode
single_target_b1_a6000_post,2026-02-20T21:52:31,26,12,CC(C)CN1CCN(C(=O)C(Cc2cn(Cc3ccc(F)cc3)nn2)NC(=O)N2CCC(N3Cc4ccccc4NC3=O)CC2)CC1,CC(C)CN1CCN(C(=O)C(Cc2cn(Cc3ccc(F)cc3)nn2)NC(=O)N2CCC(N3Cc4ccccc4NC3=O)CC2)CC1,0.2625403900941213,0.1301450496247354,0.0,0.0,0.0,0.1301450496247354,single,ok,single_mode
single_target_b1_a6000_post,2026-02-20T21:52:31,26,13,N#Cc1ccc2[nH]c(-c3c[nH]c4ccc([N+](=O)[O-])cc34)c(Sc3ccc(Cl)cc3)c2c1,N#Cc1ccc2[nH]c(-c3c[nH]c4ccc([N+](=O)[O-])cc34)c(Sc3ccc(Cl)cc3)c2c1,0.22710505624612173,0.10127299334618096,0.0,0.0,0.0,0.10127299334618096,single,ok,single_mode
single_target_b1_a6000_post,2026-02-20T21:52:31,26,14,COc1cc(NC(C)CCCN(CCNC(C)(C)C)C(=O)C23CC4CC(CC(C4)C2)C3)c2ncccc2c1,COc1cc(NC(C)CCCN(CCNC(C)(C)C)C(=O)C23CC4CC(CC(C4)C2)C3)c2ncccc2c1,0.1403604137400786,0.05329642921671539,0.0,0.0,0.0,0.05329642921671539,single,ok,single_mode
single_target_b1_a6000_post,2026-02-20T21:52:31,26,15,CC1(CCCC(=O)C=Cc2ccc(Cl)cc2)CC(C)(CC(=O)O)OO1,CC1(CCCC(=O)C=Cc2ccc(Cl)cc2)CC(C)(CC(=O)O)OO1,0.21069694062074026,0.08993535712375189,0.0,0.0,0.0,0.08993535712375189,single,ok,single_mode
single_target_b1_a6000_post,2026-02-20T21:59:04,27,0,N=c1ccn(C2CC(O)C(COC(=O)C3CCCN3)O2)c(=O)[nH]1,N=c1ccn(C2CC(O)C(COC(=O)C3CCCN3)O2)c(=O)[nH]1,0.08346077178915341,0.034479119288266004,0.0,0.0,0.0,0.034479119288266004,single,ok,single_mode
single_target_b1_a6000_post,2026-02-20T21:59:04,27,1,COc1ccc(C=CC(=O)N2N=C(c3ccc(Cl)c(Cl)c3)CC2c2ccc3c(c2)OCO3)cc1OC,COc1ccc(C=CC(=O)N2N=C(c3ccc(Cl)c(Cl)c3)CC2c2ccc3c(c2)OCO3)cc1OC,0.26718177646398544,0.1344065954603439,0.0,0.0,0.0,0.1344065954603439,single,ok,single_mode
single_target_b1_a6000_post,2026-02-20T21:59:04,27,2,C=CCNCCOc1nc(-c2ccncc2)nc2ccc(Cl)cc12,C=CCNCCOc1nc(-c2ccncc2)nc2ccc(Cl)cc12,0.29986318945884705,0.16782870116841983,0.0,0.0,0.0,0.16782870116841983,single,ok,single_mode
single_target_b1_a6000_post,2026-02-20T21:59:04,27,3,O=C(Nc1ccccc1F)c1cc2c(ncn3c(-c4ccc(Cl)cc4)nnc23)s1,O=C(Nc1ccccc1F)c1cc2c(ncn3c(-c4ccc(Cl)cc4)nnc23)s1,0.23705020546913147,0.1087475716567764,0.0,0.0,0.0,0.1087475716567764,single,ok,single_mode
single_target_b1_a6000_post,2026-02-20T21:59:04,27,4,COc1ccc(-c2nc3c(N4CCOCC4)ncnc3n2C2CCCCC2)cc1,COc1ccc(-c2nc3c(N4CCOCC4)ncnc3n2C2CCCCC2)cc1,0.3038101891676585,0.17228504610213538,0.0,0.0,0.0,0.17228504610213538,single,ok,single_mode
single_target_b1_a6000_post,2026-02-20T21:59:04,27,5,O=S(=O)(NCCc1c[nH]c2ccccc12)c1ccc(-c2ccc(OC(F)(F)F)cc2)cc1,O=S(=O)(NCCc1c[nH]c2ccccc12)c1ccc(-c2ccc(OC(F)(F)F)cc2)cc1,0.1872782992819945,0.07573393716244799,0.0,0.0,0.0,0.07573393716244799,single,ok,single_mode
single_target_b1_a6000_post,2026-02-20T21:59:04,27,6,CCCCCCC(=NC(=O)C1CC1(C)C)C(=O)O,CCCCCCC(=NC(=O)C1CC1(C)C)C(=O)O,0.11341337983806928,0.04340967140495399,0.0,0.0,0.0,0.04340967140495399,single,ok,single_mode
single_target_b1_a6000_post,2026-02-20T21:59:04,27,7,O=C(C=Cc1ccc(F)cc1)c1nc2ccccc2[nH]1,O=C(C=Cc1ccc(F)cc1)c1nc2ccccc2[nH]1,0.4344017803668976,0.37173384629433753,0.0,0.0,0.0,0.37173384629433753,single,ok,single_mode
single_target_b1_a6000_post,2026-02-20T21:59:04,27,8,FC(F)(F)c1ccc(N2CCC(c3nnc4n3-c3ccc(Cl)cc3COC4)CC2)cc1,FC(F)(F)c1ccc(N2CCC(c3nnc4n3-c3ccc(Cl)cc3COC4)CC2)cc1,0.3740038573741913,0.26737748117035537,0.0,0.0,0.0,0.26737748117035537,single,ok,single_mode
single_target_b1_a6000_post,2026-02-20T21:59:04,27,9,COc1ccc2c(c1)C(C)(C)C1CCC3(C)C(C(O)CC4C(=O)CCC43C)C1(C)CC2,COc1ccc2c(c1)C(C)(C)C1CCC3(C)C(C(O)CC4C(=O)CCC43C)C1(C)CC2,0.18632410715023676,0.07520133000004002,0.0,0.0,0.0,0.07520133000004002,single,ok,single_mode
single_target_b1_a6000_post,2026-02-20T21:59:04,27,10,COC(=O)c1ncccc1F,COC(=O)c1ncccc1F,0.1267849455277125,0.0480751612225434,0.0,0.0,0.0,0.0480751612225434,single,ok,single_mode
single_target_b1_a6000_post,2026-02-20T21:59:04,27,11,CC(c1ccccn1)n1cc(CO)nn1,CC(c1ccccn1)n1cc(CO)nn1,0.129067396124204,0.04891772205740088,0.0,0.0,0.0,0.04891772205740088,single,ok,single_mode
single_target_b1_a6000_post,2026-02-20T21:59:04,27,12,O=[N+]([O-])c1cn2c(n1)OCC(OCc1cccc(-c3cccc(C(F)(F)F)c3)c1)C2,O=[N+]([O-])c1cn2c(n1)OCC(OCc1cccc(-c3cccc(C(F)(F)F)c3)c1)C2,0.22598820676406225,0.10046266925577162,0.0,0.0,0.0,0.10046266925577162,single,ok,single_mode
single_target_b1_a6000_post,2026-02-20T21:59:04,27,13,NC(COc1ccc2c(C=O)cc3ccccc3c2c1)Cc1c[nH]c2ccccc12,NC(COc1ccc2c(C=O)cc3ccccc3c2c1)Cc1c[nH]c2ccccc12,0.283418466647466,0.15024864005512287,0.0,0.0,0.0,0.15024864005512287,single,ok,single_mode
single_target_b1_a6000_post,2026-02-20T21:59:04,27,14,CC(=O)NC(C)c1ccc(C#Cc2ccc(C)cc2)cc1,CC(=O)NC(C)c1ccc(C#Cc2ccc(C)cc2)cc1,0.2504996880888939,0.11962327368996879,0.0,0.0,0.0,0.11962327368996879,single,ok,single_mode
single_target_b1_a6000_post,2026-02-20T21:59:04,27,15,Cn1cc(NC(=O)c2nc(-c3ccccc3F)ccc2Cl)cc1-c1cccc(CO)n1,Cn1cc(NC(=O)c2nc(-c3ccccc3F)ccc2Cl)cc1-c1cccc(CO)n1,0.3060030440489451,0.17480110641457305,0.0,0.0,0.0,0.17480110641457305,single,ok,single_mode
single_target_b1_a6000_post,2026-02-20T22:05:36,28,0,Cc1ccc(C(=NO)N2CCC(C(N)=O)CC2)c(Oc2ccc3ccccc3c2)n1,Cc1ccc(C(=NO)N2CCC(C(N)=O)CC2)c(Oc2ccc3ccccc3c2)n1,0.10700373599926631,0.04132953114508437,0.0,0.0,0.0,0.04132953114508437,single,ok,single_mode
single_target_b1_a6000_post,2026-02-20T22:05:36,28,1,CCN1CC2CN(C(=O)c3cc4cccc(Cl)c4oc3=O)CC2C1,CCN1CC2CN(C(=O)c3cc4cccc(Cl)c4oc3=O)CC2C1,0.2060258388519287,0.08692333778145998,0.0,0.0,0.0,0.08692333778145998,single,ok,single_mode
single_target_b1_a6000_post,2026-02-20T22:05:36,28,2,Cc1cc2c(c(-c3cnn(C)c3)c1)OC(CNC(=O)c1cc[nH]n1)C2,Cc1cc2c(c(-c3cnn(C)c3)c1)OC(CNC(=O)c1cc[nH]n1)C2,0.1848942885796229,0.07440967899981712,0.0,0.0,0.0,0.07440967899981712,single,ok,single_mode
single_target_b1_a6000_post,2026-02-20T22:05:36,28,3,COc1cccc(C(c2nnnn2C(C)(C)C)N2CCN(CC=Cc3ccccc3)CC2)c1,COc1cccc(C(c2nnnn2C(C)(C)C)N2CCN(CC=Cc3ccccc3)CC2)c1,0.26312043766180676,0.1306712768521087,0.0,0.0,0.0,0.1306712768521087,single,ok,single_mode
single_target_b1_a6000_post,2026-02-20T22:05:36,28,4,O=C(NCC1CCCCN1)c1cc(Br)c(Br)[nH]1,O=C(NCC1CCCCN1)c1cc(Br)c(Br)[nH]1,0.2607913687825203,0.12856921433592564,0.0,0.0,0.0,0.12856921433592564,single,ok,single_mode
single_target_b1_a6000_post,2026-02-20T22:05:36,28,5,O=[N+]([O-])c1ccc(-c2nc3c(Cl)ccnc3[nH]2)cc1,O=[N+]([O-])c1ccc(-c2nc3c(Cl)ccnc3[nH]2)cc1,0.5079333682854971,0.5158614127104517,0.0,0.0,0.0,0.5158614127104517,single,ok,single_mode
single_target_b1_a6000_post,2026-02-20T22:05:36,28,6,COc1ccc(N=c2nc(C)cc(N3CCN(C)CC3)[nH]2)cc1,COc1ccc(N=c2nc(C)cc(N3CCN(C)CC3)[nH]2)cc1,0.3170446753501892,0.1879108315878713,0.0,0.0,0.0,0.1879108315878713,single,ok,single_mode
single_target_b1_a6000_post,2026-02-20T22:05:36,28,7,COc1ccc(CCNS(=O)(=O)c2c(C)[nH]c(C)c2C(=O)N2CCCCC2)cc1OC,COc1ccc(CCNS(=O)(=O)c2c(C)[nH]c(C)c2C(=O)N2CCCCC2)cc1OC,0.13242668161789575,0.05018330808036716,0.0,0.0,0.0,0.05018330808036716,single,ok,single_mode
single_target_b1_a6000_post,2026-02-20T22:05:36,28,8,O=S(=O)(Nc1ccn(-c2ccccc2)n1)C(F)(F)F,O=S(=O)(Nc1ccn(-c2ccccc2)n1)C(F)(F)F,0.35757965842882794,0.24243738327596676,0.0,0.0,0.0,0.24243738327596676,single,ok,single_mode
single_target_b1_a6000_post,2026-02-20T22:05:36,28,9,CC1(C)CCCC2(C)C1CCC(C)(O)C2CC(=O)OCc1cn(-c2ccc(F)c(F)c2)nn1,CC1(C)CCCC2(C)C1CCC(C)(O)C2CC(=O)OCc1cn(-c2ccc(F)c(F)c2)nn1,0.3575517237186432,0.24239634139263366,0.0,0.0,0.0,0.24239634139263366,single,ok,single_mode
single_target_b1_a6000_post,2026-02-20T22:05:36,28,10,CC(C)C1CCCN1c1nc(SCc2c(O)ccc3ccccc23)nc(N(C)C)n1,CC(C)C1CCCN1c1nc(SCc2c(O)ccc3ccccc23)nc(N(C)C)n1,0.4279552797476451,0.35977110247658173,0.0,0.0,0.0,0.35977110247658173,single,ok,single_mode
single_target_b1_a6000_post,2026-02-20T22:05:36,28,11,Cc1[nH]c2ccccc2c1-c1nc(-c2ccc(F)cc2)c(-c2nc3c(C(N)=O)cccc3[nH]2)[nH]1,Cc1[nH]c2ccccc2c1-c1nc(-c2ccc(F)cc2)c(-c2nc3c(C(N)=O)cccc3[nH]2)[nH]1,0.2460068017244339,0.1158894300942459,0.0,0.0,0.0,0.1158894300942459,single,ok,single_mode
single_target_b1_a6000_post,2026-02-20T22:05:36,28,12,Cc1c(-c2cccc(C(N)=O)c2)sc2cc(Cl)cnc12,Cc1c(-c2cccc(C(N)=O)c2)sc2cc(Cl)cnc12,0.30409003297487897,0.1726045326948485,0.0,0.0,0.0,0.1726045326948485,single,ok,single_mode
single_target_b1_a6000_post,2026-02-20T22:05:36,28,13,CCC(C)(C)NC(=O)c1ccccc1NC(=O)Nc1ccccc1,CCC(C)(C)NC(=O)c1ccccc1NC(=O)Nc1ccccc1,0.17643360793590546,0.06988019423032657,0.0,0.0,0.0,0.06988019423032657,single,ok,single_mode
single_target_b1_a6000_post,2026-02-20T22:05:36,28,14,O=C(Nc1cccc2cc[nH]c12)c1cccnc1Cl,O=C(Nc1cccc2cc[nH]c12)c1cccnc1Cl,0.30338119467099506,0.1717961894952718,0.0,0.0,0.0,0.1717961894952718,single,ok,single_mode
single_target_b1_a6000_post,2026-02-20T22:05:36,28,15,CC(C)NC(=O)N(C)CC1Oc2ncc(Br)cc2C(=O)N(C(C)CO)CC1C,CC(C)NC(=O)N(C)CC1Oc2ncc(Br)cc2C(=O)N(C(C)CO)CC1C,0.10621176660060883,0.04107922787265924,0.0,0.0,0.0,0.04107922787265924,single,ok,single_mode
single_target_b1_a6000_post,2026-02-20T22:12:11,29,0,CC(C)=CCCC(C)=CCCC(C)=CCSc1nc(N2CCOCC2)nc(N2CCN(C)CC2)c1C(=O)NCC(C)C,CC(C)=CCCC(C)=CCCC(C)=CCSc1nc(N2CCOCC2)nc(N2CCN(C)CC2)c1C(=O)NCC(C)C,0.3685671140750249,0.2589442468662205,0.0,0.0,0.0,0.2589442468662205,single,ok,single_mode
single_target_b1_a6000_post,2026-02-20T22:12:11,29,1,COc1cccc(-c2ccc(NC(=S)NCC=O)cc2O)c1,COc1cccc(-c2ccc(NC(=S)NCC=O)cc2O)c1,0.21233335634072623,0.09101261033708388,0.0,0.0,0.0,0.09101261033708388,single,ok,single_mode
single_target_b1_a6000_post,2026-02-20T22:12:11,29,2,C=CCOc1cccc(NC(=O)Nc2ccc([N+](=O)[O-])cc2)c1,C=CCOc1cccc(NC(=O)Nc2ccc([N+](=O)[O-])cc2)c1,0.35128719607988995,0.2333121599101019,0.0,0.0,0.0,0.2333121599101019,single,ok,single_mode
single_target_b1_a6000_post,2026-02-20T22:12:11,29,3,O=C(COc1ccccc1Cl)N1CCN(c2cc(-n3cnnc3)ncn2)CC1,O=C(COc1ccccc1Cl)N1CCN(c2cc(-n3cnnc3)ncn2)CC1,0.22492879629135132,0.09969934784924644,0.0,0.0,0.0,0.09969934784924644,single,ok,single_mode
single_target_b1_a6000_post,2026-02-20T22:12:11,29,4,O=C1Nc2ccccc2C12NCCc1ccccc12,O=C1Nc2ccccc2C12NCCc1ccccc12,0.20253370702266693,0.08473147577951813,0.0,0.0,0.0,0.08473147577951813,single,ok,single_mode
single_target_b1_a6000_post,2026-02-20T22:12:11,29,5,O=C(CSC1=NCCS1)N1CCN(c2ccccc2)CC1,O=C(CSC1=NCCS1)N1CCN(c2ccccc2)CC1,0.10129917475084464,0.03955872354121356,0.0,0.0,0.0,0.03955872354121356,single,ok,single_mode
single_target_b1_a6000_post,2026-02-20T22:12:11,29,6,COc1ccc(C2=C3OC(C)=C(C)N3C(c3ccccc3OC)C3(Cc4ccccc4C3=O)C23C(=O)Nc2ccccc23)cc1,COc1ccc(C2=C3OC(C)=C(C)N3C(c3ccccc3OC)C3(Cc4ccccc4C3=O)C23C(=O)Nc2ccccc23)cc1,0.1820038966834545,0.07283271129216774,0.0,0.0,0.0,0.07283271129216774,single,ok,single_mode
single_target_b1_a6000_post,2026-02-20T22:12:11,29,7,CC(O)Cc1nc(=O)c2c(CN(C)CCc3ccc4ccccc4c3)c[nH]c2[nH]1,CC(O)Cc1nc(=O)c2c(CN(C)CCc3ccc4ccccc4c3)c[nH]c2[nH]1,0.1446480800708135,0.05505389084658909,0.0,0.0,0.0,0.05505389084658909,single,ok,single_mode
single_target_b1_a6000_post,2026-02-20T22:12:11,29,8,CCn1nnc(-c2nccnc2C(=O)N2CCC(c3ccc(C#N)cn3)CC2)n1,CCn1nnc(-c2nccnc2C(=O)N2CCC(c3ccc(C#N)cn3)CC2)n1,0.07005260698497295,0.03108115578305666,0.0,0.0,0.0,0.03108115578305666,single,ok,single_mode
single_target_b1_a6000_post,2026-02-20T22:12:11,29,9,CCCC(NC(=O)c1cnccn1)C(=O)NC(C(=O)N(C)C(=CC(C)C(=O)O)C(C)C)C(C)(C)C,CCCC(NC(=O)c1cnccn1)C(=O)NC(C(=O)N(C)C(=CC(C)C(=O)O)C(C)C)C(C)(C)C,0.10019077360630035,0.039223196394146204,0.0,0.0,0.0,0.039223196394146204,single,ok,single_mode
single_target_b1_a6000_post,2026-02-20T22:12:11,29,10,O=C(CCCN1CCN(c2ncccn2)CC1)c1ccc(F)cc1,O=C(CCCN1CCN(c2ncccn2)CC1)c1ccc(F)cc1,0.22624817490577698,0.10065077189333525,0.0,0.0,0.0,0.10065077189333525,single,ok,single_mode
single_target_b1_a6000_post,2026-02-20T22:12:11,29,11,CCc1cc(OCc2ccc(-c3ccccc3-c3nn[nH]n3)cc2)c2c(n1)CCCC2,CCc1cc(OCc2ccc(-c3ccccc3-c3nn[nH]n3)cc2)c2c(n1)CCCC2,0.1699772054950396,0.06659669913983048,0.0,0.0,0.0,0.06659669913983048,single,ok,single_mode
single_target_b1_a6000_post,2026-02-20T22:12:11,29,12,CSc1ccc(Oc2nc(C)ccc2C(=NO)N2CCN(C3CCC3)CC2)cc1C,CSc1ccc(Oc2nc(C)ccc2C(=NO)N2CCN(C3CCC3)CC2)cc1C,0.13335697601238886,0.050539237419857316,0.0,0.0,0.0,0.050539237419857316,single,ok,single_mode
single_target_b1_a6000_post,2026-02-20T22:12:11,29,13,COc1cc2c(cc1OC(C)C)CCn1cc(C(N)=O)c(-c3cncs3)c1-2,COc1cc2c(cc1OC(C)C)CCn1cc(C(N)=O)c(-c3cncs3)c1-2,0.214022696018219,0.09213687072056549,0.0,0.0,0.0,0.09213687072056549,single,ok,single_mode
single_target_b1_a6000_post,2026-02-20T22:12:11,29,14,O=C(O)CN(CCCCCNC(=O)c1ccccc1Cl)c1ccc(Cl)c(C(F)(F)F)c1,O=C(O)CN(CCCCCNC(=O)c1ccccc1Cl)c1ccc(Cl)c(C(F)(F)F)c1,0.08473794410626094,0.03482088156925498,0.0,0.0,0.0,0.03482088156925498,single,ok,single_mode
single_target_b1_a6000_post,2026-02-20T22:12:11,29,15,CCN(CCOC)c1nn2c(-c3cccc(OCCCO)c3)nnc2c2ccccc12,CCN(CCOC)c1nn2c(-c3cccc(OCCCO)c3)nnc2c2ccccc12,0.29067516575256985,0.1578120188864035,0.0,0.0,0.0,0.1578120188864035,single,ok,single_mode
single_target_b1_a6000_post,2026-02-20T22:17:50,30,0,CNC(=O)CN1C(=O)C(NC(=O)Nc2cccc([N+](=O)[O-])c2)CC(c2ccccc2)c2cc(Cl)ccc21,CNC(=O)CN1C(=O)C(NC(=O)Nc2cccc([N+](=O)[O-])c2)CC(c2ccccc2)c2cc(Cl)ccc21,0.20492397248744965,0.086226259986355,0.0,0.0,0.0,0.086226259986355,single,ok,single_mode
single_target_b1_a6000_post,2026-02-20T22:17:50,30,1,Oc1cccc2nc3c(O)cccc3nc12,Oc1cccc2nc3c(O)cccc3nc12,0.7045789758364359,0.8370761055923331,0.0,0.0,0.0,0.8370761055923331,single,ok,single_mode
single_target_b1_a6000_post,2026-02-20T22:17:50,30,2,CC(C)CCOc1ccc(Nc2cnc(=NC3CC3)[nH]c2C(N)=O)cc1F,CC(C)CCOc1ccc(Nc2cnc(=NC3CC3)[nH]c2C(N)=O)cc1F,0.283095250527064,0.14991880820235126,0.0,0.0,0.0,0.14991880820235126,single,ok,single_mode
single_target_b1_a6000_post,2026-02-20T22:17:50,30,3,O=[N+]([O-])c1cccc2ncsc12,O=[N+]([O-])c1cccc2ncsc12,0.4595694641272227,0.41983657882361286,0.0,0.0,0.0,0.41983657882361286,single,ok,single_mode
single_target_b1_a6000_post,2026-02-20T22:17:50,30,4,O=C(NCc1ccc2oc3ccccc3c(=O)c2c1)c1ccc(S(=O)(=O)N2CCCC2)cc1,O=C(NCc1ccc2oc3ccccc3c(=O)c2c1)c1ccc(S(=O)(=O)N2CCCC2)cc1,0.33840126792589825,0.21538097299574177,0.0,0.0,0.0,0.21538097299574177,single,ok,single_mode
single_target_b1_a6000_post,2026-02-20T22:17:50,30,5,COc1ccc(S(=O)(=O)N2CCC(C(=O)NC(C)(C)C)CC2)cc1[N+](=O)[O-],COc1ccc(S(=O)(=O)N2CCC(C(=O)NC(C)(C)C)CC2)cc1[N+](=O)[O-],0.20108340680599213,0.08383601020670994,0.0,0.0,0.0,0.08383601020670994,single,ok,single_mode
single_target_b1_a6000_post,2026-02-20T22:17:50,30,6,Cc1cc(S(=O)(=O)c2ccccc2)c(C(O)=NO)s1,Cc1cc(S(=O)(=O)c2ccccc2)c(C(O)=NO)s1,0.39178847273190814,0.29615145169896107,0.0,0.0,0.0,0.29615145169896107,single,ok,single_mode
single_target_b1_a6000_post,2026-02-20T22:17:50,30,7,CC(C)(C)OC(=O)NC(Cc1ccccc1)C(=O)NC(Cc1ccccc1)C(=O)NC(CCCCN)C(=O)NCCc1ccccc1,CC(C)(C)OC(=O)NC(Cc1ccccc1)C(=O)NC(Cc1ccccc1)C(=O)NC(CCCCN)C(=O)NCCc1ccccc1,0.20055925597747168,0.08351450187066925,0.0,0.0,0.0,0.08351450187066925,single,ok,single_mode
single_target_b1_a6000_post,2026-02-20T22:17:50,30,8,Cn1cccc1C(=O)OCC(=O)N(CC(=O)NC1CCCCC1)c1ccccc1,Cn1cccc1C(=O)OCC(=O)N(CC(=O)NC1CCCCC1)c1ccccc1,0.12443898369868596,0.04722352578723229,0.0,0.0,0.0,0.04722352578723229,single,ok,single_mode
single_target_b1_a6000_post,2026-02-20T22:17:50,30,9,COc1cccc2c(CN3CCN(CCOC(=O)c4ccccc4F)CC3)coc12,COc1cccc2c(CN3CCN(CCOC(=O)c4ccccc4F)CC3)coc12,0.16853986432154974,0.0658854722646099,0.0,0.0,0.0,0.0658854722646099,single,ok,single_mode
single_target_b1_a6000_post,2026-02-20T22:17:50,30,10,O=C(C1CCCCC1)N(Cc1cc2c(Cl)cccc2[nH]c1=O)c1ccccc1,O=C(C1CCCCC1)N(Cc1cc2c(Cl)cccc2[nH]c1=O)c1ccccc1,0.1114004844178756,0.042745878085722486,0.0,0.0,0.0,0.042745878085722486,single,ok,single_mode
single_target_b1_a6000_post,2026-02-20T22:17:50,30,11,COc1ccc(CC2=NOC(C)(C(=O)Nc3ccc(N4CCN(Cc5ccsc5)C4=O)cc3)C2)cc1,COc1ccc(CC2=NOC(C)(C(=O)Nc3ccc(N4CCN(Cc5ccsc5)C4=O)cc3)C2)cc1,0.3278518815835317,0.20146149009514733,0.0,0.0,0.0,0.20146149009514733,single,ok,single_mode
single_target_b1_a6000_post,2026-02-20T22:17:50,30,12,CCc1nc(C)nc(-c2c(Cl)c(C)nn2C)n1,CCc1nc(C)nc(-c2c(Cl)c(C)nn2C)n1,0.35460785031318665,0.23809770745754258,0.0,0.0,0.0,0.23809770745754258,single,ok,single_mode
single_target_b1_a6000_post,2026-02-20T22:17:50,30,13,CCNC(=O)C(CC(C)C)N1CC(O)CC1=O,CCNC(=O)C(CC(C)C)N1CC(O)CC1=O,0.03326900955289602,0.023342782023834812,0.0,0.0,0.0,0.023342782023834812,single,ok,single_mode
single_target_b1_a6000_post,2026-02-20T22:17:50,30,14,C=C1CCC2(C)C(CCC2C(C)CC(=O)C(=C)C(C)CO)C1=CC1=C(C)CC(OC2OC(CO)C(O)C(O)C2O)CC1C,C=C1CCC2(C)C(CCC2C(C)CC(=O)C(=C)C(C)CO)C1=CC1=C(C)CC(OC2OC(CO)C(O)C(O)C2O)CC1C,0.21618340878436962,0.0935930092007264,0.0,0.0,0.0,0.0935930092007264,single,ok,single_mode
single_target_b1_a6000_post,2026-02-20T22:17:50,30,15,CC(CS)C(=O)N1CCC(CC(O)=NO)CC1,CC(CS)C(=O)N1CCC(CC(O)=NO)CC1,0.04471645038574934,0.02552430612561431,0.0,0.0,0.0,0.02552430612561431,single,ok,single_mode
single_target_b1_a6000_post,2026-02-20T22:24:22,31,0,Cc1cccc(C=C2Oc3cc(O)cc(O)c3C2=O)c1O,Cc1cccc(C=C2Oc3cc(O)cc(O)c3C2=O)c1O,0.3975626726945241,0.3058700996436608,0.0,0.0,0.0,0.3058700996436608,single,ok,single_mode
single_target_b1_a6000_post,2026-02-20T22:24:22,31,1,O=C(NCc1cccnc1)c1ccc(CN2CC(=O)N3CCCCC3C2=O)cc1,O=C(NCc1cccnc1)c1ccc(CN2CC(=O)N3CCCCC3C2=O)cc1,0.13455947985251746,0.05100285584441259,0.0,0.0,0.0,0.05100285584441259,single,ok,single_mode
single_target_b1_a6000_post,2026-02-20T22:24:22,31,2,CCNC(=O)c1cccc(CNC(CO)c2ccc(-n3ccnc3)cc2)c1,CCNC(=O)c1cccc(CNC(CO)c2ccc(-n3ccnc3)cc2)c1,0.1821258713801702,0.07289863252822278,0.0,0.0,0.0,0.07289863252822278,single,ok,single_mode
single_target_b1_a6000_post,2026-02-20T22:24:22,31,3,Cc1cccc(=NC(=O)c2ccc(S(=O)(=O)N3CCc4ccccc43)cc2)[nH]1,Cc1cccc(=NC(=O)c2ccc(S(=O)(=O)N3CCc4ccccc43)cc2)[nH]1,0.21218160291512808,0.09091222453745483,0.0,0.0,0.0,0.09091222453745483,single,ok,single_mode
single_target_b1_a6000_post,2026-02-20T22:24:22,31,4,CC1=CC(C)(C)Nc2ccc(-c3ccccc3F)cc21,CC1=CC(C)(C)Nc2ccc(-c3ccccc3F)cc21,0.2886091967423757,0.15562776157121608,0.0,0.0,0.0,0.15562776157121608,single,ok,single_mode
single_target_b1_a6000_post,2026-02-20T22:24:22,31,5,COc1ccc2c(c1)Cc1c(C(=O)NCCN(C)C)noc1-2,COc1ccc2c(c1)Cc1c(C(=O)NCCN(C)C)noc1-2,0.2648913860321045,0.13228910042551273,0.0,0.0,0.0,0.13228910042551273,single,ok,single_mode
single_target_b1_a6000_post,2026-02-20T22:24:22,31,6,CCOc1ccccc1NC(=S)Nc1ccc2c(c1)OCCO2,CCOc1ccccc1NC(=S)Nc1ccc2c(c1)OCCO2,0.22121051202217737,0.09706095161219214,0.0,0.0,0.0,0.09706095161219214,single,ok,single_mode
single_target_b1_a6000_post,2026-02-20T22:24:22,31,7,CC(C)(C)c1ccc(-c2nc(=O)c3c4c(sc3[nH]2)CCCCC4)cc1,CC(C)(C)c1ccc(-c2nc(=O)c3c4c(sc3[nH]2)CCCCC4)cc1,0.3044498066107432,0.1730159606403831,0.0,0.0,0.0,0.1730159606403831,single,ok,single_mode
single_target_b1_a6000_post,2026-02-20T22:24:22,31,8,NC(=O)c1cc(NC(=O)Cc2nc(=O)cc(N3CCOCC3)[nH]2)ccc1Cl,NC(=O)c1cc(NC(=O)Cc2nc(=O)cc(N3CCOCC3)[nH]2)ccc1Cl,0.23257818818092346,0.10532831901831294,0.0,0.0,0.0,0.10532831901831294,single,ok,single_mode
single_target_b1_a6000_post,2026-02-20T22:24:22,31,9,CCOc1ncc(C(=O)N2CCc3ccccc3C2)cc1-c1ccccc1C,CCOc1ncc(C(=O)N2CCc3ccccc3C2)cc1-c1ccccc1C,0.2054395998517672,0.08655183078703298,0.0,0.0,0.0,0.08655183078703298,single,ok,single_mode
single_target_b1_a6000_post,2026-02-20T22:24:22,31,10,COc1ccc(S(=O)(=O)C(=CN2CCCCC2)S(=O)(=O)c2ccccc2)cc1,COc1ccc(S(=O)(=O)C(=CN2CCCCC2)S(=O)(=O)c2ccccc2)cc1,0.23048549890518188,0.1037610866832981,0.0,0.0,0.0,0.1037610866832981,single,ok,single_mode
single_target_b1_a6000_post,2026-02-20T22:24:22,31,11,Cc1ccc2cc(CC(Cc3ccccc3)n3cncn3)oc2c1,Cc1ccc2cc(CC(Cc3ccccc3)n3cncn3)oc2c1,0.32913485169410706,0.2031177305375434,0.0,0.0,0.0,0.2031177305375434,single,ok,single_mode
single_target_b1_a6000_post,2026-02-20T22:24:22,31,12,Cc1ccc(N=Cc2cc(Br)ccc2O)cc1Cl,Cc1ccc(N=Cc2cc(Br)ccc2O)cc1Cl,0.5031932095686594,0.5063860718550187,0.0,0.0,0.0,0.5063860718550187,single,ok,single_mode
single_target_b1_a6000_post,2026-02-20T22:24:22,31,13,O=S(=O)(c1ccc(Oc2ccccc2)cc1)C1CCN(CCc2ccncc2)CC1,O=S(=O)(c1ccc(Oc2ccccc2)cc1)C1CCN(CCc2ccncc2)CC1,0.22657638788223267,0.10088870046050508,0.0,0.0,0.0,0.10088870046050508,single,ok,single_mode
single_target_b1_a6000_post,2026-02-20T22:24:22,31,14,COc1ccc(-c2cnc3c(c2)C(=O)N(CC2CCN(C(Cc4ccccc4)C(=O)O)CC2)CC(=O)N3)cc1,COc1ccc(-c2cnc3c(c2)C(=O)N(CC2CCN(C(Cc4ccccc4)C(=O)O)CC2)CC(=O)N3)cc1,0.1925448328256607,0.07873634952673851,0.0,0.0,0.0,0.07873634952673851,single,ok,single_mode
single_target_b1_a6000_post,2026-02-20T22:24:22,31,15,O=C(Cc1ccc(F)cc1)NN1C(=O)CSC1c1ccccc1Cl,O=C(Cc1ccc(F)cc1)NN1C(=O)CSC1c1ccccc1Cl,0.1087852492928505,0.04189792555048265,0.0,0.0,0.0,0.04189792555048265,single,ok,single_mode
single_target_b1_a6000_post,2026-02-20T22:30:11,32,0,CC1CN(C(=O)C23CCCC2OCC3)Cc2cc(C#N)cnc2N1,CC1CN(C(=O)C23CCCC2OCC3)Cc2cc(C#N)cnc2N1,0.1451763634880384,0.05527416767720346,0.0,0.0,0.0,0.05527416767720346,single,ok,single_mode
single_target_b1_a6000_post,2026-02-20T22:30:11,32,1,Oc1cc(-c2ccc(Cl)cc2)c(O)n1CCN1CCC(c2c[nH]c3ccc(F)cc23)CC1,Oc1cc(-c2ccc(Cl)cc2)c(O)n1CCN1CCC(c2c[nH]c3ccc(F)cc23)CC1,0.24233916401863098,0.11291688264211572,0.0,0.0,0.0,0.11291688264211572,single,ok,single_mode
single_target_b1_a6000_post,2026-02-20T22:30:11,32,2,Fc1ccc(-c2ccc(NCc3ccncc3)cc2-c2ccc(F)cc2)cc1,Fc1ccc(-c2ccc(NCc3ccncc3)cc2-c2ccc(F)cc2)cc1,0.2005087286233902,0.08348356823813462,0.0,0.0,0.0,0.08348356823813462,single,ok,single_mode
single_target_b1_a6000_post,2026-02-20T22:30:11,32,3,COc1cccc(OCC#Cc2ccc(C3CC3NC3CCC(N)CC3)cc2)c1,COc1cccc(OCC#Cc2ccc(C3CC3NC3CCC(N)CC3)cc2)c1,0.25851184378067654,0.12653984772225507,0.0,0.0,0.0,0.12653984772225507,single,ok,single_mode
single_target_b1_a6000_post,2026-02-20T22:30:11,32,4,COc1ccc(COc2ccc(C(=O)O)cc2)cc1,COc1ccc(COc2ccc(C(=O)O)cc2)cc1,0.23103123903274536,0.10416779724374933,0.0,0.0,0.0,0.10416779724374933,single,ok,single_mode
single_target_b1_a6000_post,2026-02-20T22:30:11,32,5,C#CCOc1ccc(C2=CSC3=NCCN23)cc1,C#CCOc1ccc(C2=CSC3=NCCN23)cc1,0.2482592910528183,0.11774855165237619,0.0,0.0,0.0,0.11774855165237619,single,ok,single_mode
single_target_b1_a6000_post,2026-02-20T22:30:11,32,6,COc1cccc(OC)c1C(=O)N=c1[nH]c(-c2ccccc2)c(C(=O)c2ccccc2)s1,COc1cccc(OC)c1C(=O)N=c1[nH]c(-c2ccccc2)c(C(=O)c2ccccc2)s1,0.2707582662502925,0.1377703039069644,0.0,0.0,0.0,0.1377703039069644,single,ok,single_mode
single_target_b1_a6000_post,2026-02-20T22:30:11,32,7,CC(C)Oc1ccc2c(c1)CCN=C2c1cc(C(F)(F)F)c(Cl)cc1Cl,CC(C)Oc1ccc2c(c1)CCN=C2c1cc(C(F)(F)F)c(Cl)cc1Cl,0.2389864648381869,0.11025801743385265,0.0,0.0,0.0,0.11025801743385265,single,ok,single_mode
single_target_b1_a6000_post,2026-02-20T22:30:11,32,8,COc1cc(C(O)CNC(C)Cc2ccc(C(F)(F)F)cc2)cc(OC)c1OC,COc1cc(C(O)CNC(C)Cc2ccc(C(F)(F)F)cc2)cc(OC)c1OC,0.10897624492645264,0.04195930482337602,0.0,0.0,0.0,0.04195930482337602,single,ok,single_mode
single_target_b1_a6000_post,2026-02-20T22:30:11,32,9,CC(C)C(NC(=O)c1ccco1)C(=O)N1CCCCCC1,CC(C)C(NC(=O)c1ccco1)C(=O)N1CCCCCC1,0.11360406627257665,0.04347306199399196,0.0,0.0,0.0,0.04347306199399196,single,ok,single_mode
single_target_b1_a6000_post,2026-02-20T22:30:11,32,10,CC(NC(=O)COC(=O)Cc1n[nH]c(=O)c2ccccc12)c1ccccc1,CC(NC(=O)COC(=O)Cc1n[nH]c(=O)c2ccccc12)c1ccccc1,0.16166661431392035,0.06258109098677232,0.0,0.0,0.0,0.06258109098677232,single,ok,single_mode
single_target_b1_a6000_post,2026-02-20T22:30:11,32,11,O=C(NC1CCN(C(=O)CCCCCCCC(O)=NO)CC1)c1ccc2c[nH]nc2c1,O=C(NC1CCN(C(=O)CCCCCCCC(O)=NO)CC1)c1ccc2c[nH]nc2c1,0.12336838493744533,0.046839657173515396,0.0,0.0,0.0,0.046839657173515396,single,ok,single_mode
single_target_b1_a6000_post,2026-02-20T22:30:11,32,12,N=c1sc(-c2cccnc2)nn1S(=O)(=O)c1ccc(C(F)(F)F)cc1,N=c1sc(-c2cccnc2)nn1S(=O)(=O)c1ccc(C(F)(F)F)cc1,0.25486620763937634,0.1233512590247677,0.0,0.0,0.0,0.1233512590247677,single,ok,single_mode
single_target_b1_a6000_post,2026-02-20T22:30:11,32,13,CN(C)Cc1ccc(N=c2cc[nH]c3cc(-c4ccnn4-c4ccccc4)ccc23)cc1,CN(C)Cc1ccc(N=c2cc[nH]c3cc(-c4ccnn4-c4ccccc4)ccc23)cc1,0.27644824733336765,0.14326727918768584,0.0,0.0,0.0,0.14326727918768584,single,ok,single_mode
single_target_b1_a6000_post,2026-02-20T22:30:11,32,14,Oc1cc(C(O)O)cn1CCOc1ccc2ccccc2c1,Oc1cc(C(O)O)cn1CCOc1ccc2ccccc2c1,0.10068915660182635,0.0393737241942983,0.0,0.0,0.0,0.0393737241942983,single,ok,single_mode
single_target_b1_a6000_post,2026-02-20T22:30:11,32,15,COc1cc(CC2=Nc3ccccc3NC2(Cc2ccccc2)n2nnnc2-c2ccccc2)cc(OC)c1OC,COc1cc(CC2=Nc3ccccc3NC2(Cc2ccccc2)n2nnnc2-c2ccccc2)cc(OC)c1OC,0.20749856531620026,0.0878629949850174,0.0,0.0,0.0,0.0878629949850174,single,ok,single_mode
single_target_b1_a6000_post,2026-02-20T22:36:42,33,0,CCOC(=O)c1sc(=NN=C(C)C(C)C)[nH]c1C,CCOC(=O)c1sc(=NN=C(C)C(C)C)[nH]c1C,0.40151742100715637,0.31262821771384786,0.0,0.0,0.0,0.31262821771384786,single,ok,single_mode
single_target_b1_a6000_post,2026-02-20T22:36:42,33,1,CC(C)CS(=O)(=O)N1CCOC12CCN(CC1CCCO1)CC2,CC(C)CS(=O)(=O)N1CCOC12CCN(CC1CCCO1)CC2,0.09890572975079219,0.03883761395319478,0.0,0.0,0.0,0.03883761395319478,single,ok,single_mode
single_target_b1_a6000_post,2026-02-20T22:36:42,33,2,CCOC(=O)c1cccc(N=Cc2ccccc2O)c1,CCOC(=O)c1cccc(N=Cc2ccccc2O)c1,0.3373764405647914,0.21399870515595887,0.0,0.0,0.0,0.21399870515595887,single,ok,single_mode
single_target_b1_a6000_post,2026-02-20T22:36:42,33,3,CN(C)C1CCN(c2ncc3ncn(CC(=O)O)c3n2)C1,CN(C)C1CCN(c2ncc3ncn(CC(=O)O)c3n2)C1,0.2198493331670761,0.09611077908511936,0.0,0.0,0.0,0.09611077908511936,single,ok,single_mode
single_target_b1_a6000_post,2026-02-20T22:36:42,33,4,Cc1ccccc1OCC(=O)Nc1ccc(-n2cnnn2)cc1,Cc1ccccc1OCC(=O)Nc1ccc(-n2cnnn2)cc1,0.19633662203947702,0.08096501639213324,0.0,0.0,0.0,0.08096501639213324,single,ok,single_mode
single_target_b1_a6000_post,2026-02-20T22:36:42,33,5,Cc1ccc2c3c(=O)n4ccccc4nc3n(CC(=O)c3ccccn3)c2c1,Cc1ccc2c3c(=O)n4ccccc4nc3n(CC(=O)c3ccccn3)c2c1,0.27449870606263477,0.14136358827573822,0.0,0.0,0.0,0.14136358827573822,single,ok,single_mode
single_target_b1_a6000_post,2026-02-20T22:36:42,33,6,Cc1cc(C)cc(NC(=O)COc2ccc(S(=O)(=O)NCCc3ccccc3)cc2)c1,Cc1cc(C)cc(NC(=O)COc2ccc(S(=O)(=O)NCCc3ccccc3)cc2)c1,0.21526735772689184,0.092973164571068,0.0,0.0,0.0,0.092973164571068,single,ok,single_mode
single_target_b1_a6000_post,2026-02-20T22:36:42,33,7,COc1ccc(C(=O)N2CCN(CCCOc3ccc(C(=O)C4CC4)cc3)CC2)cc1,COc1ccc(C(=O)N2CCN(CCCOc3ccc(C(=O)C4CC4)cc3)CC2)cc1,0.3043488760789235,0.17290046085602095,0.0,0.0,0.0,0.17290046085602095,single,ok,single_mode
single_target_b1_a6000_post,2026-02-20T22:36:42,33,8,COC(=O)c1ccc(CC(c2ccc3ccccc3c2)c2cccc3ccc(OC)cc23)cc1,COC(=O)c1ccc(CC(c2ccc3ccccc3c2)c2cccc3ccc(OC)cc23)cc1,0.2240410769979159,0.09906370841685185,0.0,0.0,0.0,0.09906370841685185,single,ok,single_mode
single_target_b1_a6000_post,2026-02-20T22:36:42,33,9,c1ccc2c(c1)nc1n2C(c2ccncc2)SC1,c1ccc2c(c1)nc1n2C(c2ccncc2)SC1,0.4375208963950475,0.3775799554455795,0.0,0.0,0.0,0.3775799554455795,single,ok,single_mode
single_target_b1_a6000_post,2026-02-20T22:36:42,33,10,O=c1n(CCCl)nnn1-c1ccc(-c2ccc3[nH]ccc3c2)cc1,O=c1n(CCCl)nnn1-c1ccc(-c2ccc3[nH]ccc3c2)cc1,0.3394261101881663,0.21676972712396622,0.0,0.0,0.0,0.21676972712396622,single,ok,single_mode
single_target_b1_a6000_post,2026-02-20T22:36:42,33,11,COCCN=c1[nH]c(-c2csc(=NC(=O)Cc3cccnc3)[nH]2)cc2ccccc12,COCCN=c1[nH]c(-c2csc(=NC(=O)Cc3cccnc3)[nH]2)cc2ccccc12,0.40377460916837055,0.3165216954607831,0.0,0.0,0.0,0.3165216954607831,single,ok,single_mode
single_target_b1_a6000_post,2026-02-20T22:36:42,33,12,O=C(c1ccc(F)cc1)N1CCC2(CC1)NCCc1[nH]cnc12,O=C(c1ccc(F)cc1)N1CCC2(CC1)NCCc1[nH]cnc12,0.18962274491786957,0.07705728654378731,0.0,0.0,0.0,0.07705728654378731,single,ok,single_mode
single_target_b1_a6000_post,2026-02-20T22:36:42,33,13,COc1c(C2CC2)cc(N=c2nc(Oc3ccc4c(-c5cccs5)ncnc4c3)cc[nH]2)cc1N1CCOCC1,COc1c(C2CC2)cc(N=c2nc(Oc3ccc4c(-c5cccs5)ncnc4c3)cc[nH]2)cc1N1CCOCC1,0.14358562231063843,0.054613381875727715,0.0,0.0,0.0,0.054613381875727715,single,ok,single_mode
single_target_b1_a6000_post,2026-02-20T22:36:42,33,14,CCNC(=O)N=c1ccc(NC(=O)C2CCN(C(=O)CC)CC2)c[nH]1,CCNC(=O)N=c1ccc(NC(=O)C2CCN(C(=O)CC)CC2)c[nH]1,0.14132557809352875,0.053687361696977395,0.0,0.0,0.0,0.053687361696977395,single,ok,single_mode
single_target_b1_a6000_post,2026-02-20T22:36:42,33,15,CC1CCc2c([nH]c(=O)n3ncnc23)C1,CC1CCc2c([nH]c(=O)n3ncnc23)C1,0.2949771781762441,0.1624402211568463,0.0,0.0,0.0,0.1624402211568463,single,ok,single_mode
single_target_b1_a6000_post,2026-02-20T22:42:54,34,0,O=C(O)C1=C(Cc2ccccc2)CSC2C(NC(=O)c3cc4ccccc4o3)C(=O)N12,O=C(O)C1=C(Cc2ccccc2)CSC2C(NC(=O)c3cc4ccccc4o3)C(=O)N12,0.31411174436410266,0.18435649159169287,0.0,0.0,0.0,0.18435649159169287,single,ok,single_mode
single_target_b1_a6000_post,2026-02-20T22:42:54,34,1,Cc1ccc(-c2cc(COS(N)(=O)=O)ccc2C(=O)O)cc1,Cc1ccc(-c2cc(COS(N)(=O)=O)ccc2C(=O)O)cc1,0.10851252327362697,0.04181042982571327,0.0,0.0,0.0,0.04181042982571327,single,ok,single_mode
single_target_b1_a6000_post,2026-02-20T22:42:54,34,2,CC1CC(C)CN(CCCCOc2cc3c(c(Cl)c2Cl)COC(C)(C)C3)C1,CC1CC(C)CN(CCCCOc2cc3c(c(Cl)c2Cl)COC(C)(C)C3)C1,0.19487823297580084,0.08010110366160068,0.0,0.0,0.0,0.08010110366160068,single,ok,single_mode
single_target_b1_a6000_post,2026-02-20T22:42:54,34,3,CC(=NOC(=O)CCC(=O)c1ccc(Cl)cc1)c1ccccc1,CC(=NOC(=O)CCC(=O)c1ccc(Cl)cc1)c1ccccc1,0.2482758934299151,0.11776235010109744,0.0,0.0,0.0,0.11776235010109744,single,ok,single_mode
single_target_b1_a6000_post,2026-02-20T22:42:54,34,4,N#CC(=Cc1ccc(Cl)cc1)c1cc(C(N)=O)c[nH]1,N#CC(=Cc1ccc(Cl)cc1)c1cc(C(N)=O)c[nH]1,0.4355868697166443,0.37395072556076936,0.0,0.0,0.0,0.37395072556076936,single,ok,single_mode
single_target_b1_a6000_post,2026-02-20T22:42:54,34,5,OCC1CC2=C(CCC2)N(CCc2cccc(C(F)(F)F)c2)C1,OCC1CC2=C(CCC2)N(CCc2cccc(C(F)(F)F)c2)C1,0.05643173307180405,0.027962062986078375,0.0,0.0,0.0,0.027962062986078375,single,ok,single_mode
single_target_b1_a6000_post,2026-02-20T22:42:54,34,6,COc1cc2c(cc1OC)C(=O)C(C[N+]1(C)CCOCC1)C2,COc1cc2c(cc1OC)C(=O)C(C[N+]1(C)CCOCC1)C2,0.16956479847431183,0.06639190519006456,0.0,0.0,0.0,0.06639190519006456,single,ok,single_mode
single_target_b1_a6000_post,2026-02-20T22:42:54,34,7,O=C(Cc1c(Br)[nH]c2cccc(-c3ccccc3Cl)c2c1=O)NC(CC(O)O)C(=O)O,O=C(Cc1c(Br)[nH]c2cccc(-c3ccccc3Cl)c2c1=O)NC(CC(O)O)C(=O)O,0.14034786572058996,0.053291364468908184,0.0,0.0,0.0,0.053291364468908184,single,ok,single_mode
single_target_b1_a6000_post,2026-02-20T22:42:54,34,8,O=C(C=Cc1cc2ccccc2[nH]c1=O)c1ccc([N+](=O)[O-])cc1,O=C(C=Cc1cc2ccccc2[nH]c1=O)c1ccc([N+](=O)[O-])cc1,0.49870917201042175,0.49741836696273456,0.0,0.0,0.0,0.49741836696273456,single,ok,single_mode
single_target_b1_a6000_post,2026-02-20T22:42:54,34,9,O=C(c1ccccc1Cn1cncn1)N1CCCC2(CCN(C3CCCC3)CC2)C1,O=C(c1ccccc1Cn1cncn1)N1CCCC2(CCN(C3CCCC3)CC2)C1,0.12563749899466833,0.04765680630068631,0.0,0.0,0.0,0.04765680630068631,single,ok,single_mode
single_target_b1_a6000_post,2026-02-20T22:42:54,34,10,O=C(NCCN1CCOCC1)c1ccn2nc(-c3ccc(Br)o3)nc2c1,O=C(NCCN1CCOCC1)c1ccn2nc(-c3ccc(Br)o3)nc2c1,0.4250538448492686,0.35444225077995606,0.0,0.0,0.0,0.35444225077995606,single,ok,single_mode
single_target_b1_a6000_post,2026-02-20T22:42:54,34,11,COCCNC(=O)c1ccc(NC(=O)Nc2ccc(-c3nc(N4CC5CCC(C4)O5)c4cnn(C5CCN(Cc6ccccc6)CC5)c4n3)cc2)cc1,COCCNC(=O)c1ccc(NC(=O)Nc2ccc(-c3nc(N4CC5CCC(C4)O5)c4cnn(C5CCN(Cc6ccccc6)CC5)c4n3)cc2)cc1,0.21368148550391197,0.09190879307964263,0.0,0.0,0.0,0.09190879307964263,single,ok,single_mode
single_target_b1_a6000_post,2026-02-20T22:42:54,34,12,O=C1COc2ccc(S(=O)(=O)N3CCC(C(=O)NCc4ccc(F)cc4)CC3)cc2N1,O=C1COc2ccc(S(=O)(=O)N3CCC(C(=O)NCc4ccc(F)cc4)CC3)cc2N1,0.234828382730484,0.10703677437482648,0.0,0.0,0.0,0.10703677437482648,single,ok,single_mode
single_target_b1_a6000_post,2026-02-20T22:42:54,34,13,CN1CCN(C(O)c2cc(O)n(-c3ccc(Cl)cc3)c2)CC1,CN1CCN(C(O)c2cc(O)n(-c3ccc(Cl)cc3)c2)CC1,0.11571878318985303,0.04418201341043007,0.0,0.0,0.0,0.04418201341043007,single,ok,single_mode
single_target_b1_a6000_post,2026-02-20T22:42:54,34,14,CC(NC(=O)C(=O)NNC(=O)c1nn(C)cc1Br)c1ccccc1,CC(NC(=O)C(=O)NNC(=O)c1nn(C)cc1Br)c1ccccc1,0.2429636667172114,0.11341828604810922,0.0,0.0,0.0,0.11341828604810922,single,ok,single_mode
single_target_b1_a6000_post,2026-02-20T22:42:54,34,15,N=c1ccc2ccc([N+](=O)[O-])cc2[nH]1,N=c1ccc2ccc([N+](=O)[O-])cc2[nH]1,0.3117483854293823,0.1815304305552216,0.0,0.0,0.0,0.1815304305552216,single,ok,single_mode
single_target_b1_a6000_post,2026-02-20T22:49:26,35,0,COc1cc(C)cc2c1C13CCC(O)C=C1C(C2)N(C#N)CC3,COc1cc(C)cc2c1C13CCC(O)C=C1C(C2)N(C#N)CC3,0.26795312762260437,0.1351261374444511,0.0,0.0,0.0,0.1351261374444511,single,ok,single_mode
single_target_b1_a6000_post,2026-02-20T22:49:26,35,1,O=C(N=c1cc[nH][nH]1)c1cc(Oc2cccc(-c3cn[nH]c3)c2)ccn1,O=C(N=c1cc[nH][nH]1)c1cc(Oc2cccc(-c3cn[nH]c3)c2)ccn1,0.2839753031730652,0.15081827493516284,0.0,0.0,0.0,0.15081827493516284,single,ok,single_mode
single_target_b1_a6000_post,2026-02-20T22:49:26,35,2,Cc1ccc2cc(CN(C)Cc3ccccc3)c(=O)[nH]c2c1,Cc1ccc2cc(CN(C)Cc3ccccc3)c(=O)[nH]c2c1,0.3720535337924957,0.26433225503984736,0.0,0.0,0.0,0.26433225503984736,single,ok,single_mode
single_target_b1_a6000_post,2026-02-20T22:49:26,35,3,CCOc1ncccc1CN1CC2(CCN(CCS(=O)(=O)c3cccc(OC)c3)CC2)OC1=O,CCOc1ncccc1CN1CC2(CCN(CCS(=O)(=O)c3cccc(OC)c3)CC2)OC1=O,0.1675262302160263,0.06538815621820018,0.0,0.0,0.0,0.06538815621820018,single,ok,single_mode
single_target_b1_a6000_post,2026-02-20T22:49:26,35,4,COc1ccc(OC)c2sc(C(=O)OCC(=O)Nc3cc(C(F)(F)F)ccc3Cl)nc12,COc1ccc(OC)c2sc(C(=O)OCC(=O)Nc3cc(C(F)(F)F)ccc3Cl)nc12,0.3085886587699254,0.17780491509118515,0.0,0.0,0.0,0.17780491509118515,single,ok,single_mode
single_target_b1_a6000_post,2026-02-20T22:49:26,35,5,Cn1c(=O)ccn(Cc2ccc(Cn3cncn3)cc2)c1=O,Cn1c(=O)ccn(Cc2ccc(Cn3cncn3)cc2)c1=O,0.14693847546974817,0.05601492427634451,0.0,0.0,0.0,0.05601492427634451,single,ok,single_mode
single_target_b1_a6000_post,2026-02-20T22:49:26,35,6,CNC(=O)C(N=c1cc[nH]c(-n2cnc3ccc(Br)cc32)n1)C(C)(C)C,CNC(=O)C(N=c1cc[nH]c(-n2cnc3ccc(Br)cc32)n1)C(C)(C)C,0.11736758301655452,0.04474240464011489,0.0,0.0,0.0,0.04474240464011489,single,ok,single_mode
single_target_b1_a6000_post,2026-02-20T22:49:26,35,7,CC(=NN=c1scc(O)n1Cc1ccc(OC(F)(F)F)cc1)c1ccccn1,CC(=NN=c1scc(O)n1Cc1ccc(OC(F)(F)F)cc1)c1ccccn1,0.21454272170861563,0.09248545318006941,0.0,0.0,0.0,0.09248545318006941,single,ok,single_mode
single_target_b1_a6000_post,2026-02-20T22:49:26,35,8,CCCCCCCC(=O)OC(=O)C(CC(C)C)NC(=O)C(CCCC)=NC(=O)Cc1ccccc1,CCCCCCCC(=O)OC(=O)C(CC(C)C)NC(=O)C(CCCC)=NC(=O)Cc1ccccc1,0.3981052140394847,0.30679238647331497,0.0,0.0,0.0,0.30679238647331497,single,ok,single_mode
single_target_b1_a6000_post,2026-02-20T22:49:26,35,9,Cc1c[nH]c(=O)nc1SCc1ccc(Cl)cc1,Cc1c[nH]c(=O)nc1SCc1ccc(Cl)cc1,0.4103983938694,0.32809520101451467,0.0,0.0,0.0,0.32809520101451467,single,ok,single_mode
single_target_b1_a6000_post,2026-02-20T22:49:26,35,10,COc1cc(CNC(C)(C)CO)ccc1OCC(=O)NC1CCCCC1,COc1cc(CNC(C)(C)CO)ccc1OCC(=O)NC1CCCCC1,0.3288099517424901,0.20269734633070732,0.0,0.0,0.0,0.20269734633070732,single,ok,single_mode
single_target_b1_a6000_post,2026-02-20T22:49:26,35,11,CC(=O)c1ccc(N=c2cc(C)[nH][nH]2)c(C)c1,CC(=O)c1ccc(N=c2cc(C)[nH][nH]2)c(C)c1,0.27453447381655377,0.14139832373815922,0.0,0.0,0.0,0.14139832373815922,single,ok,single_mode
single_target_b1_a6000_post,2026-02-20T22:49:26,35,12,COC(=O)Cc1c[nH]c2cc(C)ccc2c1=O,COC(=O)Cc1c[nH]c2cc(C)ccc2c1=O,0.4554010530312856,0.41173645625348787,0.0,0.0,0.0,0.41173645625348787,single,ok,single_mode
single_target_b1_a6000_post,2026-02-20T22:49:26,35,13,CN(C)C1CCCN(CCc2c[nH]c3ccc(-n4cnnc4)cc23)C1,CN(C)C1CCCN(CCc2c[nH]c3ccc(-n4cnnc4)cc23)C1,0.25762122372786206,0.12575443676852904,0.0,0.0,0.0,0.12575443676852904,single,ok,single_mode
single_target_b1_a6000_post,2026-02-20T22:49:26,35,14,CC(=O)NCCNC(=O)c1cn(C(C(=O)N2CCN(C(=O)OC(C)(C)C)CC2)C(C)C)nn1,CC(=O)NCCNC(=O)c1cn(C(C(=O)N2CCN(C(=O)OC(C)(C)C)CC2)C(C)C)nn1,0.13903087377548218,0.052762306723666434,0.0,0.0,0.0,0.052762306723666434,single,ok,single_mode
single_target_b1_a6000_post,2026-02-20T22:49:26,35,15,CC(=O)N1CC(=O)CC1CNC1CCC(C(F)(F)F)CC1,CC(=O)N1CC(=O)CC1CNC1CCC(C(F)(F)F)CC1,0.13121499369541803,0.04972327726219094,0.0,0.0,0.0,0.04972327726219094,single,ok,single_mode
single_target_b1_a6000_post,2026-02-20T22:55:37,36,0,ClC(Cl)=C(Cl)C1=NCCN1Cc1ccc(Cl)nc1,ClC(Cl)=C(Cl)C1=NCCN1Cc1ccc(Cl)nc1,0.267849658926328,0.13502942999561246,0.0,0.0,0.0,0.13502942999561246,single,ok,single_mode
single_target_b1_a6000_post,2026-02-20T22:55:37,36,1,Cn1ncc(NC(=O)c2nc(-c3c(F)cccc3F)sc2N)c1N1CCCC(N)CC1,Cn1ncc(NC(=O)c2nc(-c3c(F)cccc3F)sc2N)c1N1CCCC(N)CC1,0.11629723260800044,0.044377849326390474,0.0,0.0,0.0,0.044377849326390474,single,ok,single_mode
single_target_b1_a6000_post,2026-02-20T22:55:37,36,2,Cc1ccc(-c2nnn(CC(=O)N(CCc3ccccc3)C(CO)C(C)C)n2)o1,Cc1ccc(-c2nnn(CC(=O)N(CCc3ccccc3)C(CO)C(C)C)n2)o1,0.150480883816878,0.05753241871967428,0.0,0.0,0.0,0.05753241871967428,single,ok,single_mode
single_target_b1_a6000_post,2026-02-20T22:55:37,36,3,O=C(NCCSCc1ccccc1F)c1ccccc1Cl,O=C(NCCSCc1ccccc1F)c1ccccc1Cl,0.14300023143490156,0.05437209219090482,0.0,0.0,0.0,0.05437209219090482,single,ok,single_mode
single_target_b1_a6000_post,2026-02-20T22:55:37,36,4,CON(C)C(=O)CCC(C)C1CCC2C3C(C)CC(c4ccccc4)OC3CCC12C,CON(C)C(=O)CCC(C)C1CCC2C3C(C)CC(c4ccccc4)OC3CCC12C,0.5494723121325175,0.5976729774476705,0.0,0.0,0.0,0.5976729774476705,single,ok,single_mode
single_target_b1_a6000_post,2026-02-20T22:55:37,36,5,Oc1ccc2c(c1)CCC21C=C(c2ccc(OCCCN3CCCCC3)cc2)c2cc(O)ccc21,Oc1ccc2c(c1)CCC21C=C(c2ccc(OCCCN3CCCCC3)cc2)c2cc(O)ccc21,0.4189320107301076,0.3433177379184824,0.0,0.0,0.0,0.3433177379184824,single,ok,single_mode
single_target_b1_a6000_post,2026-02-20T22:55:37,36,6,CC(=O)N=c1[nH]cc([S+]([O-])Nc2ccc(C(=O)N(C)C)cc2)s1,CC(=O)N=c1[nH]cc([S+]([O-])Nc2ccc(C(=O)N(C)C)cc2)s1,0.17682755490144095,0.07008531493120118,0.0,0.0,0.0,0.07008531493120118,single,ok,single_mode
single_target_b1_a6000_post,2026-02-20T22:55:37,36,7,Cc1n[nH]c2c1C(c1cccc(C(C)(C)C)c1)c1c(ncn1C)NC2=O,Cc1n[nH]c2c1C(c1cccc(C(C)(C)C)c1)c1c(ncn1C)NC2=O,0.22920742630958557,0.10281409947339175,0.0,0.0,0.0,0.10281409947339175,single,ok,single_mode
single_target_b1_a6000_post,2026-02-20T22:55:37,36,8,COc1ccc(CC(=O)NCC(c2ccc(F)cc2)N2CCOCC2)c(OC)c1,COc1ccc(CC(=O)NCC(c2ccc(F)cc2)N2CCOCC2)c(OC)c1,0.22495493789513907,0.09971812105563106,0.0,0.0,0.0,0.09971812105563106,single,ok,single_mode
single_target_b1_a6000_post,2026-02-20T22:55:37,36,9,CCCN(Cc1ccc(Cl)cc1)C(=O)c1ccc2ncsc2c1,CCCN(Cc1ccc(Cl)cc1)C(=O)c1ccc2ncsc2c1,0.18670222287376723,0.07541197227247767,0.0,0.0,0.0,0.07541197227247767,single,ok,single_mode
single_target_b1_a6000_post,2026-02-20T22:55:37,36,10,CN(C)Cc1ccc2[nH]c(-c3nc4cc(F)ccc4[nH]c3=O)nc2c1,CN(C)Cc1ccc2[nH]c(-c3nc4cc(F)ccc4[nH]c3=O)nc2c1,0.5557874540487925,0.6097590790588195,0.0,0.0,0.0,0.6097590790588195,single,ok,single_mode
single_target_b1_a6000_post,2026-02-20T22:55:37,36,11,CC(=N)N1CCN(C2=Nc3ccccc3Cc3sccc32)CC1,CC(=N)N1CCN(C2=Nc3ccccc3Cc3sccc32)CC1,0.3262527088324229,0.19941121646852494,0.0,0.0,0.0,0.19941121646852494,single,ok,single_mode
single_target_b1_a6000_post,2026-02-20T22:55:37,36,12,COc1cc(=NS(=O)(=O)c2cccc(C)c2Cl)[nH]c(OC)n1,COc1cc(=NS(=O)(=O)c2cccc(C)c2Cl)[nH]c(OC)n1,0.2375375380118688,0.1091260125900254,0.0,0.0,0.0,0.1091260125900254,single,ok,single_mode
single_target_b1_a6000_post,2026-02-20T22:55:37,36,13,C=CCn1c(N=c2ccc(=NC(C)C)[nH][nH]2)nc2ccccc21,C=CCn1c(N=c2ccc(=NC(C)C)[nH][nH]2)nc2ccccc21,0.4714463452498118,0.44313972278863073,0.0,0.0,0.0,0.44313972278863073,single,ok,single_mode
single_target_b1_a6000_post,2026-02-20T22:55:37,36,14,Fc1ccc(-c2nn(C3CCNCC3)cc2-c2ccc3c(-c4ccc(F)cc4)nncc3c2)cc1,Fc1ccc(-c2nn(C3CCNCC3)cc2-c2ccc3c(-c4ccc(F)cc4)nncc3c2)cc1,0.27905482550462085,0.14584585536066608,0.0,0.0,0.0,0.14584585536066608,single,ok,single_mode
single_target_b1_a6000_post,2026-02-20T22:55:37,36,15,CC(=O)c1c[nH]c2cc(F)c(-c3ccc(F)c(F)c3)cc2c1=NC1CCNCC1,CC(=O)c1c[nH]c2cc(F)c(-c3ccc(F)c(F)c3)cc2c1=NC1CCNCC1,0.16439389685789743,0.06387333418631932,0.0,0.0,0.0,0.06387333418631932,single,ok,single_mode
single_target_b1_a6000_post,2026-02-20T23:01:18,37,0,Cc1cc2ccccc2cc1S(=O)(=O)NC(=O)NCC12CC3CC(CC(C3)C1)C2,Cc1cc2ccccc2cc1S(=O)(=O)NC(=O)NCC12CC3CC(CC(C3)C1)C2,0.17866018414497375,0.07104686726186324,0.0,0.0,0.0,0.07104686726186324,single,ok,single_mode
single_target_b1_a6000_post,2026-02-20T23:01:18,37,1,O=C(NN=Cc1ccc(F)cc1)c1c[nH]c2c(C(F)(F)F)cccc2c1=O,O=C(NN=Cc1ccc(F)cc1)c1c[nH]c2c(C(F)(F)F)cccc2c1=O,0.4107780357201894,0.3287650827850762,0.0,0.0,0.0,0.3287650827850762,single,ok,single_mode
single_target_b1_a6000_post,2026-02-20T23:01:18,37,2,NCCCCCCCCNCCCCCNC(=O)C(c1ccccc1)C1CCCCC1,NCCCCCCCCNCCCCCNC(=O)C(c1ccccc1)C1CCCCC1,0.25821567078431445,0.12627819724986733,0.0,0.0,0.0,0.12627819724986733,single,ok,single_mode
single_target_b1_a6000_post,2026-02-20T23:01:18,37,3,COc1ccccc1-c1cn(CCCCCC(O)=NO)nn1,COc1ccccc1-c1cn(CCCCCC(O)=NO)nn1,0.1295281077424685,0.0490894834730694,0.0,0.0,0.0,0.0490894834730694,single,ok,single_mode
single_target_b1_a6000_post,2026-02-20T23:01:18,37,4,Cc1ccc(C(O)c2cccnc2)c(C)c1,Cc1ccc(C(O)c2cccnc2)c(C)c1,0.12383863081534703,0.047007899455216065,0.0,0.0,0.0,0.047007899455216065,single,ok,single_mode
single_target_b1_a6000_post,2026-02-20T23:01:18,37,5,CN=c1[nH]ccc2c1nc(-c1ccccc1Cl)n2-c1ccc(Cl)cc1,CN=c1[nH]ccc2c1nc(-c1ccccc1Cl)n2-c1ccc(Cl)cc1,0.2980973819891612,0.16586501538510273,0.0,0.0,0.0,0.16586501538510273,single,ok,single_mode
single_target_b1_a6000_post,2026-02-20T23:01:18,37,6,CN1CCC(C)(c2cnc(-c3cccc(OCCCOc4cccc(O)c4)c3)s2)CC1,CN1CCC(C)(c2cnc(-c3cccc(OCCCOc4cccc(O)c4)c3)s2)CC1,0.33231738209724426,0.2072699096422822,0.0,0.0,0.0,0.2072699096422822,single,ok,single_mode
single_target_b1_a6000_post,2026-02-20T23:01:18,37,7,N=C(N)NCCCCc1ccc(C(=O)NCC(NS(=O)(=O)c2ccccc2)C(=O)O)cn1,N=C(N)NCCCCc1ccc(C(=O)NCC(NS(=O)(=O)c2ccccc2)C(=O)O)cn1,0.28263694047927856,0.1494521398817678,0.0,0.0,0.0,0.1494521398817678,single,ok,single_mode
single_target_b1_a6000_post,2026-02-20T23:01:18,37,8,Cc1ccccc1-c1cc(CNCc2ccccc2)ccc1C(=O)NC(CO)CO,Cc1ccccc1-c1cc(CNCc2ccccc2)ccc1C(=O)NC(CO)CO,0.14442187796036401,0.05495982498573735,0.0,0.0,0.0,0.05495982498573735,single,ok,single_mode
single_target_b1_a6000_post,2026-02-20T23:01:18,37,9,CCCCOc1ccc(C(NC(=O)c2cccnc2)C2CC2)cc1,CCCCOc1ccc(C(NC(=O)c2cccnc2)C2CC2)cc1,0.24449923634529114,0.11465943308134506,0.0,0.0,0.0,0.11465943308134506,single,ok,single_mode
single_target_b1_a6000_post,2026-02-20T23:01:18,37,10,COc1cc(NC(=O)N=c2cc(C(C)(C)C)o[nH]2)ccc1NC(=O)c1cccc(C)c1,COc1cc(NC(=O)N=c2cc(C(C)(C)C)o[nH]2)ccc1NC(=O)c1cccc(C)c1,0.437889685233434,0.37827356781115873,0.0,0.0,0.0,0.37827356781115873,single,ok,single_mode
single_target_b1_a6000_post,2026-02-20T23:01:18,37,11,CN(C)CCNC(=O)c1cc2cccc(NC(=O)Nc3ccccc3-c3ccccc3)c2[nH]1,CN(C)CCNC(=O)c1cc2cccc(NC(=O)Nc3ccccc3-c3ccccc3)c2[nH]1,0.34189530710379284,0.2201422602622768,0.0,0.0,0.0,0.2201422602622768,single,ok,single_mode
single_target_b1_a6000_post,2026-02-20T23:01:18,37,12,COC(CO)c1coc(=O)c(Br)c1,COC(CO)c1coc(=O)c(Br)c1,0.13800853490829468,0.05235503944686575,0.0,0.0,0.0,0.05235503944686575,single,ok,single_mode
single_target_b1_a6000_post,2026-02-20T23:01:18,37,13,O=C(N=c1[nH]nc(-c2ccc(Oc3ccc([N+](=O)[O-])cc3)cc2)s1)c1ccccc1F,O=C(N=c1[nH]nc(-c2ccc(Oc3ccc([N+](=O)[O-])cc3)cc2)s1)c1ccccc1F,0.4410220682621002,0.3841847474297514,0.0,0.0,0.0,0.3841847474297514,single,ok,single_mode
single_target_b1_a6000_post,2026-02-20T23:01:18,37,14,CC(=O)c1ccc(NC(=O)c2cc(-c3cccs3)nc3ccccc23)cc1,CC(=O)c1ccc(NC(=O)c2cc(-c3cccs3)nc3ccccc23)cc1,0.3461812436580658,0.2260851684871657,0.0,0.0,0.0,0.2260851684871657,single,ok,single_mode
single_target_b1_a6000_post,2026-02-20T23:01:18,37,15,CC(C)C(NC(=O)C(CCCc1ccccc1)CC(=O)O)C(=O)NC(Cc1ccc(OCc2cc(Cl)ccc2Cl)cc1)C(=O)O,CC(C)C(NC(=O)C(CCCc1ccccc1)CC(=O)O)C(=O)NC(Cc1ccc(OCc2cc(Cl)ccc2Cl)cc1)C(=O)O,0.16922014703353247,0.06622120632240205,0.0,0.0,0.0,0.06622120632240205,single,ok,single_mode
single_target_b1_a6000_post,2026-02-20T23:07:02,38,0,O=C(COC(=O)c1cc(-c2ccccc2Cl)nc2ccccc12)NC1CCCCC1,O=C(COC(=O)c1cc(-c2ccccc2Cl)nc2ccccc12)NC1CCCCC1,0.270526759326458,0.13755044645887693,0.0,0.0,0.0,0.13755044645887693,single,ok,single_mode
single_target_b1_a6000_post,2026-02-20T23:07:02,38,1,COCCNC(=O)CSCc1nc(-c2ccc(OC)cc2)oc1C,COCCNC(=O)CSCc1nc(-c2ccc(OC)cc2)oc1C,0.30377060174942017,0.17223988854128355,0.0,0.0,0.0,0.17223988854128355,single,ok,single_mode
single_target_b1_a6000_post,2026-02-20T23:07:02,38,2,COc1ccccc1-c1ccc2c(c1)CC(C)(C)c1cc(C(N)=O)nn1-2,COc1ccccc1-c1ccc2c(c1)CC(C)(C)c1cc(C(N)=O)nn1-2,0.38308043281237286,0.2818392539139745,0.0,0.0,0.0,0.2818392539139745,single,ok,single_mode
single_target_b1_a6000_post,2026-02-20T23:07:02,38,3,OCC12C=CC(O1)c1c2c(O)n(OCCCOc2ccccc2C2CCCCC2)c1O,OCC12C=CC(O1)c1c2c(O)n(OCCCOc2ccccc2C2CCCCC2)c1O,0.18638330698013306,0.0752342735607116,0.0,0.0,0.0,0.0752342735607116,single,ok,single_mode
single_target_b1_a6000_post,2026-02-20T23:07:02,38,4,Clc1ccc(CNc2cnn3cc(Cl)ccc23)c(Br)c1,Clc1ccc(CNc2cnn3cc(Cl)ccc23)c(Br)c1,0.3808282713095347,0.27820682403887653,0.0,0.0,0.0,0.27820682403887653,single,ok,single_mode
single_target_b1_a6000_post,2026-02-20T23:07:02,38,5,CCCN(CCCNC(=O)Nc1cccc2ccccc12)Cc1ccccc1,CCCN(CCCNC(=O)Nc1cccc2ccccc12)Cc1ccccc1,0.26528367896874744,0.132649762686814,0.0,0.0,0.0,0.132649762686814,single,ok,single_mode
single_target_b1_a6000_post,2026-02-20T23:07:02,38,6,COCCN1C(=O)CSc2sccc21,COCCN1C(=O)CSc2sccc21,0.18563065429528555,0.07481642259167612,0.0,0.0,0.0,0.07481642259167612,single,ok,single_mode
single_target_b1_a6000_post,2026-02-20T23:07:02,38,7,CCOc1nc2c(ncn2C2OC(CO)C(O)C2O)c(=NCCc2ccc(OC)cc2)[nH]1,CCOc1nc2c(ncn2C2OC(CO)C(O)C2O)c(=NCCc2ccc(OC)cc2)[nH]1,0.21175682544708252,0.09063176137930475,0.0,0.0,0.0,0.09063176137930475,single,ok,single_mode
single_target_b1_a6000_post,2026-02-20T23:07:02,38,8,CC(=O)NC(C)C(=O)NC(CCCCNC(C)=S)C(=O)NC(CC(C)C)C(=O)NC(C=O)C(N)=O,CC(=O)NC(C)C(=O)NC(CCCCNC(C)=S)C(=O)NC(CC(C)C)C(=O)NC(C=O)C(N)=O,0.15558448806405067,0.059786668562479446,0.0,0.0,0.0,0.059786668562479446,single,ok,single_mode
single_target_b1_a6000_post,2026-02-20T23:07:02,38,9,CN(C)c1nc2ccccc2c(=NCc2ccncc2)[nH]1,CN(C)c1nc2ccccc2c(=NCc2ccncc2)[nH]1,0.3168327907721202,0.18765229912952638,0.0,0.0,0.0,0.18765229912952638,single,ok,single_mode
single_target_b1_a6000_post,2026-02-20T23:07:02,38,10,COC(=O)c1ccc(Cl)cc1NC(=O)c1cccc(F)c1,COC(=O)c1ccc(Cl)cc1NC(=O)c1cccc(F)c1,0.2372503230969111,0.10890283454097441,0.0,0.0,0.0,0.10890283454097441,single,ok,single_mode
single_target_b1_a6000_post,2026-02-20T23:07:02,38,11,CC1CC(C(C)C)CN(C(=O)C(c2ccccc2)c2cccs2)C1,CC1CC(C(C)C)CN(C(=O)C(c2ccccc2)c2cccs2)C1,0.05992316477932036,0.028731337740794918,0.0,0.0,0.0,0.028731337740794918,single,ok,single_mode
single_target_b1_a6000_post,2026-02-20T23:07:02,38,12,O=C(c1ccc(Cn2cc(Cl)cn2)o1)N1CCN(c2ccccc2F)CC1,O=C(c1ccc(Cn2cc(Cl)cn2)o1)N1CCN(c2ccccc2F)CC1,0.18432664622863135,0.07409752152984157,0.0,0.0,0.0,0.07409752152984157,single,ok,single_mode
single_target_b1_a6000_post,2026-02-20T23:07:02,38,13,NCC1CCN(c2c(F)cc3c(=O)c(C(=O)O)cn(C4CC4)c3c2Cl)C1,NCC1CCN(c2c(F)cc3c(=O)c(C(=O)O)cn(C4CC4)c3c2Cl)C1,0.09451547265052795,0.037547561340206766,0.0,0.0,0.0,0.037547561340206766,single,ok,single_mode
single_target_b1_a6000_post,2026-02-20T23:07:02,38,14,CCCOC(=O)c1c2nc(NCCCN(CC)CC)c(F)cc2c(=O)n2c1sc1ccccc12,CCCOC(=O)c1c2nc(NCCCN(CC)CC)c(F)cc2c(=O)n2c1sc1ccccc12,0.19213775297005972,0.07850044676503823,0.0,0.0,0.0,0.07850044676503823,single,ok,single_mode
single_target_b1_a6000_post,2026-02-20T23:07:02,38,15,O=C(Nc1cccc(-c2ccc(CN3CCOCC3)cc2)c1)c1cn(Cc2ccccc2)nn1,O=C(Nc1cccc(-c2ccc(CN3CCOCC3)cc2)c1)c1cn(Cc2ccccc2)nn1,0.3594859490791957,0.2452492712107941,0.0,0.0,0.0,0.2452492712107941,single,ok,single_mode
single_target_b1_a6000_post,2026-02-20T23:13:28,39,0,Cc1ccc(CCCCC=CCC=CCCCCCCC(=O)O)cc1,Cc1ccc(CCCCC=CCC=CCCCCCCC(=O)O)cc1,0.4963681598504384,0.4927368306436246,0.0,0.0,0.0,0.4927368306436246,single,ok,single_mode
single_target_b1_a6000_post,2026-02-20T23:13:28,39,1,CCOCCCNC(=O)C(C)N1CCN(S(=O)(=O)c2ccccc2F)CC1,CCOCCCNC(=O)C(C)N1CCN(S(=O)(=O)c2ccccc2F)CC1,0.11025388538837433,0.042372109960938056,0.0,0.0,0.0,0.042372109960938056,single,ok,single_mode
single_target_b1_a6000_post,2026-02-20T23:13:28,39,2,O=C(O)c1cnc(N2CCOC3(CCN(Cc4ccc(Oc5ccc(Cl)c(Cl)c5)cc4)CC3)C2)s1,O=C(O)c1cnc(N2CCOC3(CCN(Cc4ccc(Oc5ccc(Cl)c(Cl)c5)cc4)CC3)C2)s1,0.27208049098650616,0.1390316580211074,0.0,0.0,0.0,0.1390316580211074,single,ok,single_mode
single_target_b1_a6000_post,2026-02-20T23:13:28,39,3,Cc1ccc(-c2csc(=NC(=O)CCC(=O)NCc3ccco3)[nH]2)c(C)c1,Cc1ccc(-c2csc(=NC(=O)CCC(=O)NCc3ccco3)[nH]2)c(C)c1,0.27213895320892334,0.13908765176545515,0.0,0.0,0.0,0.13908765176545515,single,ok,single_mode
single_target_b1_a6000_post,2026-02-20T23:13:28,39,4,COC(=O)Nc1ccc2c(c1)nc(-c1ccccc1)n2-c1ccccc1,COC(=O)Nc1ccc2c(c1)nc(-c1ccccc1)n2-c1ccccc1,0.3519103527069092,0.23420509529877845,0.0,0.0,0.0,0.23420509529877845,single,ok,single_mode
single_target_b1_a6000_post,2026-02-20T23:13:28,39,5,CC(CN=c1[nH]c(=Nc2ccc3ncsc3c2)[nH]c2ccc(Cl)cc12)NC(=O)c1ccc(C(C)(C)C)cc1,CC(CN=c1[nH]c(=Nc2ccc3ncsc3c2)[nH]c2ccc(Cl)cc12)NC(=O)c1ccc(C(C)(C)C)cc1,0.3363388180732727,0.2126057682331155,0.0,0.0,0.0,0.2126057682331155,single,ok,single_mode
single_target_b1_a6000_post,2026-02-20T23:13:28,39,6,COc1ccc(S(=O)(=O)N(CC(C)C)c2ccc(CC(=O)NCC(=O)O)cc2)cc1,COc1ccc(S(=O)(=O)N(CC(C)C)c2ccc(CC(=O)NCC(=O)O)cc2)cc1,0.2000440905491511,0.08319959744703002,0.0,0.0,0.0,0.08319959744703002,single,ok,single_mode
single_target_b1_a6000_post,2026-02-20T23:13:28,39,7,COCC1CC2(C(=O)OC)CC13c1cc(N)ccc1CC1C2CC3N1C,COCC1CC2(C(=O)OC)CC13c1cc(N)ccc1CC1C2CC3N1C,0.14841786523660025,0.05664403117858426,0.0,0.0,0.0,0.05664403117858426,single,ok,single_mode
single_target_b1_a6000_post,2026-02-20T23:13:28,39,8,O=C(NCC(=O)N1CCN(S(=O)(=O)c2ccccc2F)CC1)c1cc2ccccc2o1,O=C(NCC(=O)N1CCN(S(=O)(=O)c2ccccc2F)CC1)c1cc2ccccc2o1,0.1731488729516665,0.068191397154008,0.0,0.0,0.0,0.068191397154008,single,ok,single_mode
single_target_b1_a6000_post,2026-02-20T23:13:28,39,9,Cc1nc2ccccc2nc1C(=O)NCCc1cccc(Cl)c1,Cc1nc2ccccc2nc1C(=O)NCCc1cccc(Cl)c1,0.2878895153601964,0.15487268699330184,0.0,0.0,0.0,0.15487268699330184,single,ok,single_mode
single_target_b1_a6000_post,2026-02-20T23:13:28,39,10,CN(C)c1nc(=O)c2c(Cl)c(Cl)cc(Cl)c2s1,CN(C)c1nc(=O)c2c(Cl)c(Cl)cc(Cl)c2s1,0.5487294097741445,0.596243045246409,0.0,0.0,0.0,0.596243045246409,single,ok,single_mode
single_target_b1_a6000_post,2026-02-20T23:13:28,39,11,CCSc1oc(-c2ccccc2)nc1S(=O)(=O)c1ccccc1,CCSc1oc(-c2ccccc2)nc1S(=O)(=O)c1ccccc1,0.3805713951587677,0.2777943503330473,0.0,0.0,0.0,0.2777943503330473,single,ok,single_mode
single_target_b1_a6000_post,2026-02-20T23:13:28,39,12,Cc1ccc(N=c2[nH]n3cnnc3c3c(C)csc23)c(C)c1,Cc1ccc(N=c2[nH]n3cnnc3c3c(C)csc23)c(C)c1,0.5076855619748434,0.5153662834358703,0.0,0.0,0.0,0.5153662834358703,single,ok,single_mode
single_target_b1_a6000_post,2026-02-20T23:13:28,39,13,Cc1ccccc1N1C(=O)Nc2c(n(C)c(=O)n(C)c2=O)C1c1cccs1,Cc1ccccc1N1C(=O)Nc2c(n(C)c(=O)n(C)c2=O)C1c1cccs1,0.14485686520735422,0.05514084841831194,0.0,0.0,0.0,0.05514084841831194,single,ok,single_mode
single_target_b1_a6000_post,2026-02-20T23:13:28,39,14,CCCCCC(CCCC)(Sc1ccc2nc(-c3ccc(F)cc3)oc2c1)C(=O)O,CCCCCC(CCCC)(Sc1ccc2nc(-c3ccc(F)cc3)oc2c1)C(=O)O,0.23125213384628296,0.10433281832871247,0.0,0.0,0.0,0.10433281832871247,single,ok,single_mode
single_target_b1_a6000_post,2026-02-20T23:13:28,39,15,CN(C)c1ccccc1NC(=O)CC(=O)N=c1nc(-c2cccs2)cc(-c2ccco2)[nH]1,CN(C)c1ccccc1NC(=O)CC(=O)N=c1nc(-c2cccs2)cc(-c2ccco2)[nH]1,0.23889482021331787,0.11018611441091829,0.0,0.0,0.0,0.11018611441091829,single,ok,single_mode
single_target_b1_a6000_post,2026-02-20T23:19:37,40,0,O=C(CNC(=O)c1cccc(C(F)(F)F)c1)NC1CCN(C2CCN(Cc3c[nH]c4ccccc34)CC2)C1,O=C(CNC(=O)c1cccc(C(F)(F)F)c1)NC1CCN(C2CCN(Cc3c[nH]c4ccccc34)CC2)C1,0.20482209076484045,0.08616206249986758,0.0,0.0,0.0,0.08616206249986758,single,ok,single_mode
single_target_b1_a6000_post,2026-02-20T23:19:37,40,1,COc1ccccc1N1CCN(c2ccncc2S(C)(=O)=O)CC1,COc1ccccc1N1CCN(c2ccncc2S(C)(=O)=O)CC1,0.17515327036380768,0.06921737580556724,0.0,0.0,0.0,0.06921737580556724,single,ok,single_mode
single_target_b1_a6000_post,2026-02-20T23:19:37,40,2,CCn1cc(C(=O)NCCCNC(=O)c2cc3ccc(C)c(C)c3oc2=O)c(=O)c2ccc(C)nc21,CCn1cc(C(=O)NCCCNC(=O)c2cc3ccc(C)c(C)c3oc2=O)c(=O)c2ccc(C)nc21,0.2476015364130338,0.11720300965527694,0.0,0.0,0.0,0.11720300965527694,single,ok,single_mode
single_target_b1_a6000_post,2026-02-20T23:19:37,40,3,Cn1nc2cc(C(=O)NC(=S)NC3CC3C(F)(F)F)c3ccccc3n21,Cn1nc2cc(C(=O)NC(=S)NC3CC3C(F)(F)F)c3ccccc3n21,0.30107202629248303,0.16918367399052278,0.0,0.0,0.0,0.16918367399052278,single,ok,single_mode
single_target_b1_a6000_post,2026-02-20T23:19:37,40,4,O=[N+]([O-])c1c(-c2ccc3[nH]cnc3c2)nc2n1CCCO2,O=[N+]([O-])c1c(-c2ccc3[nH]cnc3c2)nc2n1CCCO2,0.48321391145388287,0.4664781839595404,0.0,0.0,0.0,0.4664781839595404,single,ok,single_mode
single_target_b1_a6000_post,2026-02-20T23:19:37,40,5,COc1cc2c(cc1OC)C(c1ccccc1)N(C(=O)CN(C)C)CC2,COc1cc2c(cc1OC)C(c1ccccc1)N(C(=O)CN(C)C)CC2,0.16939147810141245,0.0663060120970534,0.0,0.0,0.0,0.0663060120970534,single,ok,single_mode
single_target_b1_a6000_post,2026-02-20T23:19:37,40,6,O=C(C1CCN(C2CCN(C(c3ccccc3F)c3ccccc3Cl)CC2)CC1)N1CCCC1,O=C(C1CCN(C2CCN(C(c3ccccc3F)c3ccccc3Cl)CC2)CC1)N1CCCC1,0.14248082290093103,0.05415884106706414,0.0,0.0,0.0,0.05415884106706414,single,ok,single_mode
single_target_b1_a6000_post,2026-02-20T23:19:37,40,7,O=C(Oc1ccc(Cl)cc1Cl)c1cccc(Cl)c1Cl,O=C(Oc1ccc(Cl)cc1Cl)c1cccc(Cl)c1Cl,0.40461328625679016,0.317974965470428,0.0,0.0,0.0,0.317974965470428,single,ok,single_mode
single_target_b1_a6000_post,2026-02-20T23:19:37,40,8,Cc1cc(C)cc(NC(=O)CC(=O)C2C(=O)CC(C)(C)CC2=O)c1,Cc1cc(C)cc(NC(=O)CC(=O)C2C(=O)CC(C)(C)CC2=O)c1,0.20386195182800293,0.08555918525393234,0.0,0.0,0.0,0.08555918525393234,single,ok,single_mode
single_target_b1_a6000_post,2026-02-20T23:19:37,40,9,COC(=O)c1ccccc1-c1cc(C)c2c(c1)C(=O)c1cccc(OCc3ccccc3)c1C2=O,COC(=O)c1ccccc1-c1cc(C)c2c(c1)C(=O)c1cccc(OCc3ccccc3)c1C2=O,0.26742081840833026,0.13462923496340806,0.0,0.0,0.0,0.13462923496340806,single,ok,single_mode
single_target_b1_a6000_post,2026-02-20T23:19:37,40,10,Cc1csc2nc(SCCCN(C)C)n(CCCN)c12,Cc1csc2nc(SCCCN(C)C)n(CCCN)c12,0.340484415491422,0.21821061147068285,0.0,0.0,0.0,0.21821061147068285,single,ok,single_mode
single_target_b1_a6000_post,2026-02-20T23:19:37,40,11,CC1(c2ccccc2)CC2CCC(C1)N2CCCc1ccc(Cl)cc1,CC1(c2ccccc2)CC2CCC(C1)N2CCCc1ccc(Cl)cc1,0.21174040933450064,0.09062093814245807,0.0,0.0,0.0,0.09062093814245807,single,ok,single_mode
single_target_b1_a6000_post,2026-02-20T23:19:37,40,12,CN(C(=O)c1ccc(F)c(F)c1)c1nnc(-c2ccncc2)s1,CN(C(=O)c1ccc(F)c(F)c1)c1nnc(-c2ccncc2)s1,0.29618173837661743,0.16375556569209274,0.0,0.0,0.0,0.16375556569209274,single,ok,single_mode
single_target_b1_a6000_post,2026-02-20T23:19:37,40,13,CCCCN1C=CC(CC(=O)O)OO1,CCCCN1C=CC(CC(=O)O)OO1,0.1293848752975464,0.04903602271358393,0.0,0.0,0.0,0.04903602271358393,single,ok,single_mode
single_target_b1_a6000_post,2026-02-20T23:19:37,40,14,COc1ccc(-c2ccc3nnc(-c4ccc(C)o4)n3n2)cc1,COc1ccc(-c2ccc3nnc(-c4ccc(C)o4)n3n2)cc1,0.32226704557736713,0.19436959059884348,0.0,0.0,0.0,0.19436959059884348,single,ok,single_mode
single_target_b1_a6000_post,2026-02-20T23:19:37,40,15,N=c1nc(-n2cnc3cc(Br)ccc32)cc[nH]1,N=c1nc(-n2cnc3cc(Br)ccc32)cc[nH]1,0.38031237324078876,0.2773788123642549,0.0,0.0,0.0,0.2773788123642549,single,ok,single_mode
single_target_b1_a6000_post,2026-02-20T23:26:14,41,0,N=C1C(=O)c2c(c(C(=O)O)cc([N+](=O)[O-])c2[N+](=O)[O-])C(=O)C1O,N=C1C(=O)c2c(c(C(=O)O)cc([N+](=O)[O-])c2[N+](=O)[O-])C(=O)C1O,0.5726628800233206,0.6413671807187428,0.0,0.0,0.0,0.6413671807187428,single,ok,single_mode
single_target_b1_a6000_post,2026-02-20T23:26:14,41,1,CC(C)(C)OC(=O)NC(Cc1ccccc1)C(=O)OCCSc1nncs1,CC(C)(C)OC(=O)NC(Cc1ccccc1)C(=O)OCCSc1nncs1,0.1373946244517962,0.05211190609250685,0.0,0.0,0.0,0.05211190609250685,single,ok,single_mode
single_target_b1_a6000_post,2026-02-20T23:26:14,41,2,CC(c1ccc(-c2nc3nc(N4CCN(C)CC4)ccc3[nH]2)cc1)N1CCC(O)(C(F)(F)F)C1C,CC(c1ccc(-c2nc3nc(N4CCN(C)CC4)ccc3[nH]2)cc1)N1CCC(O)(C(F)(F)F)C1C,0.20128802955150604,0.0839618284398655,0.0,0.0,0.0,0.0839618284398655,single,ok,single_mode
single_target_b1_a6000_post,2026-02-20T23:26:14,41,3,Cc1cccc(-c2ncnc3c(C(=O)C(=O)N4CCN(C(=O)c5ccccc5)CC4)c[nH]c23)c1,Cc1cccc(-c2ncnc3c(C(=O)C(=O)N4CCN(C(=O)c5ccccc5)CC4)c[nH]c23)c1,0.28739610811074573,0.15435674523277085,0.0,0.0,0.0,0.15435674523277085,single,ok,single_mode
single_target_b1_a6000_post,2026-02-20T23:26:14,41,4,COc1cc2c(=Nc3ccc(Cl)c(Cl)c3F)[nH]cnc2cc1OCCCN1CCCC1,COc1cc2c(=Nc3ccc(Cl)c(Cl)c3F)[nH]cnc2cc1OCCCN1CCCC1,0.35189813872178394,0.23418757082822625,0.0,0.0,0.0,0.23418757082822625,single,ok,single_mode
single_target_b1_a6000_post,2026-02-20T23:26:14,41,5,CC1Cc2ccccc2N1C(=O)Cc1ccccc1,CC1Cc2ccccc2N1C(=O)Cc1ccccc1,0.2277932713429133,0.10177520752239838,0.0,0.0,0.0,0.10177520752239838,single,ok,single_mode
single_target_b1_a6000_post,2026-02-20T23:26:14,41,6,N#CCOC(=O)c1cccc(Cl)c1,N#CCOC(=O)c1cccc(Cl)c1,0.23047181963920593,0.10375091032811097,0.0,0.0,0.0,0.10375091032811097,single,ok,single_mode
single_target_b1_a6000_post,2026-02-20T23:26:14,41,7,COC12C=CC(C#N)C=C1C1Cc3cc4cccc(O)c4c(O)c3CC12O,COC12C=CC(C#N)C=C1C1Cc3cc4cccc(O)c4c(O)c3CC12O,0.3285362720489502,0.2023437391630255,0.0,0.0,0.0,0.2023437391630255,single,ok,single_mode
single_target_b1_a6000_post,2026-02-20T23:26:14,41,8,Cc1ccsc1C1c2c(C(C)(C)C)n[nH]c2C(=O)N1c1cccc2ccccc12,Cc1ccsc1C1c2c(C(C)(C)C)n[nH]c2C(=O)N1c1cccc2ccccc12,0.1794792984922727,0.07148057200567615,0.0,0.0,0.0,0.07148057200567615,single,ok,single_mode
single_target_b1_a6000_post,2026-02-20T23:26:14,41,9,Cc1c(O)[nH]c2cc(C=NNC(=O)c3ccncc3)ccc12,Cc1c(O)[nH]c2cc(C=NNC(=O)c3ccncc3)ccc12,0.2563897967338562,0.12467535668523629,0.0,0.0,0.0,0.12467535668523629,single,ok,single_mode
single_target_b1_a6000_post,2026-02-20T23:26:14,41,10,O=C(CC1CCC(CC2CCN3CC2CC3Cc2ccccc2)O1)Nc1ccc(F)cc1F,O=C(CC1CCC(CC2CCN3CC2CC3Cc2ccccc2)O1)Nc1ccc(F)cc1F,0.13971056044101715,0.05303472600074111,0.0,0.0,0.0,0.05303472600074111,single,ok,single_mode
single_target_b1_a6000_post,2026-02-20T23:26:14,41,11,N#CC(=NNc1ccccc1C(F)(F)F)C(N)=O,N#CC(=NNc1ccccc1C(F)(F)F)C(N)=O,0.42857256531715393,0.3609093523921901,0.0,0.0,0.0,0.3609093523921901,single,ok,single_mode
single_target_b1_a6000_post,2026-02-20T23:26:14,41,12,CCCCCOC(=O)C1C(C)=NC(C)=C(C(=O)OCC)C1c1ccccc1OCc1ccccc1,CCCCCOC(=O)C1C(C)=NC(C)=C(C(=O)OCC)C1c1ccccc1OCc1ccccc1,0.2664229174455007,0.13370186760299874,0.0,0.0,0.0,0.13370186760299874,single,ok,single_mode
single_target_b1_a6000_post,2026-02-20T23:26:14,41,13,O=C(NCc1cccc(Cl)c1)C1CCCN1C(=O)C(c1ccccc1)c1ccccc1,O=C(NCc1cccc(Cl)c1)C1CCCN1C(=O)C(c1ccccc1)c1ccccc1,0.21885398030281067,0.09542124207302445,0.0,0.0,0.0,0.09542124207302445,single,ok,single_mode
single_target_b1_a6000_post,2026-02-20T23:26:14,41,14,COc1cc(CN2CCc3ccccc3C2)cc(OC)c1,COc1cc(CN2CCc3ccccc3C2)cc(OC)c1,0.20808168749014536,0.08823758018561717,0.0,0.0,0.0,0.08823758018561717,single,ok,single_mode
single_target_b1_a6000_post,2026-02-20T23:26:14,41,15,C=c1[nH]c(=Cc2sc3nc(N4CCCCC4)[nH]c(=N)c3c2OCC)c(C)c1C(=O)OCC,C=c1[nH]c(=Cc2sc3nc(N4CCCCC4)[nH]c(=N)c3c2OCC)c(C)c1C(=O)OCC,0.4571240544319153,0.41507908916963665,0.0,0.0,0.0,0.41507908916963665,single,ok,single_mode
single_target_b1_a6000_post,2026-02-20T23:32:26,42,0,CC(C)OCCNC(=S)NN1CCN(C(=O)OC(C)(C)C)CC1,CC(C)OCCNC(=S)NN1CCN(C(=O)OC(C)(C)C)CC1,0.2090238779783249,0.08884587192647735,0.0,0.0,0.0,0.08884587192647735,single,ok,single_mode
single_target_b1_a6000_post,2026-02-20T23:32:26,42,1,O=C(O)CCC(NC(=O)OCc1ccccc1)C(=O)O,O=C(O)CCC(NC(=O)OCc1ccccc1)C(=O)O,0.20343932509422302,0.08529502914364527,0.0,0.0,0.0,0.08529502914364527,single,ok,single_mode
single_target_b1_a6000_post,2026-02-20T23:32:26,42,2,CC(=O)N=C1NN(C(C)=O)C(c2ccc(Br)cc2)(c2ccoc2)S1,CC(=O)N=C1NN(C(C)=O)C(c2ccc(Br)cc2)(c2ccoc2)S1,0.26369500160217285,0.13119431052111225,0.0,0.0,0.0,0.13119431052111225,single,ok,single_mode
single_target_b1_a6000_post,2026-02-20T23:32:26,42,3,NS(=O)(=O)c1ccc(-n2nc(C(F)(F)F)cc2-c2cccc(-c3ccsc3)c2)cc1,NS(=O)(=O)c1ccc(-n2nc(C(F)(F)F)cc2-c2cccc(-c3ccsc3)c2)cc1,0.22975780069828033,0.10322095739715177,0.0,0.0,0.0,0.10322095739715177,single,ok,single_mode
single_target_b1_a6000_post,2026-02-20T23:32:26,42,4,COc1ccc(-c2nc(-c3ccoc3)c(-c3ccccc3OC)[nH]2)cc1,COc1ccc(-c2nc(-c3ccoc3)c(-c3ccccc3OC)[nH]2)cc1,0.3015155891577403,0.1696830392250948,0.0,0.0,0.0,0.1696830392250948,single,ok,single_mode
single_target_b1_a6000_post,2026-02-20T23:32:26,42,5,COc1ccc(C2CC(O)Cc3ccccc3N2)cc1,COc1ccc(C2CC(O)Cc3ccccc3N2)cc1,0.2990988790988922,0.1669764724441657,0.0,0.0,0.0,0.1669764724441657,single,ok,single_mode
single_target_b1_a6000_post,2026-02-20T23:32:26,42,6,COc1ccc(NS(=O)(=O)c2cc3c4c(c2)CCN4C(=O)CC3)cc1,COc1ccc(NS(=O)(=O)c2cc3c4c(c2)CCN4C(=O)CC3)cc1,0.16873383522033691,0.06598103947881148,0.0,0.0,0.0,0.06598103947881148,single,ok,single_mode
single_target_b1_a6000_post,2026-02-20T23:32:26,42,7,COc1ccc(Cc2ccc(OCCn3ccnc3)cc2)cc1,COc1ccc(Cc2ccc(OCCn3ccnc3)cc2)cc1,0.4120713571707408,0.33105238174361507,0.0,0.0,0.0,0.33105238174361507,single,ok,single_mode
single_target_b1_a6000_post,2026-02-20T23:32:26,42,8,CCC(Cc1cc(OC)c(OCCCNC)c2cccnc12)C(=O)N1CCc2cc(OC)c(OC)cc2C1,CCC(Cc1cc(OC)c(OCCCNC)c2cccnc12)C(=O)N1CCc2cc(OC)c(OC)cc2C1,0.1655345211426417,0.06442112603855464,0.0,0.0,0.0,0.06442112603855464,single,ok,single_mode
single_target_b1_a6000_post,2026-02-20T23:32:26,42,9,CC(=O)NC(C)Cc1ccc(C#Cc2c(-c3cccc(OCc4ccccc4)c3)noc2C)cc1,CC(=O)NC(C)Cc1ccc(C#Cc2c(-c3cccc(OCc4ccccc4)c3)noc2C)cc1,0.1839601822818319,0.07389663633654237,0.0,0.0,0.0,0.07389663633654237,single,ok,single_mode
single_target_b1_a6000_post,2026-02-20T23:32:26,42,10,Cc1cn2nc(-c3cc(N=c4cc(C5CC5)cc[nH]4)ccn3)ccc2n1,Cc1cn2nc(-c3cc(N=c4cc(C5CC5)cc[nH]4)ccn3)ccc2n1,0.4262629846731822,0.3566586889563022,0.0,0.0,0.0,0.3566586889563022,single,ok,single_mode
single_target_b1_a6000_post,2026-02-20T23:32:26,42,11,N#CCCCn1c(Cn2c(=O)n(-c3ccccc3F)c3ccccc32)nc2ccccc21,N#CCCCn1c(Cn2c(=O)n(-c3ccccc3F)c3ccccc32)nc2ccccc21,0.16734044502178827,0.06529738442074869,0.0,0.0,0.0,0.06529738442074869,single,ok,single_mode
single_target_b1_a6000_post,2026-02-20T23:32:26,42,12,CCCc1coc2ccc3c(=O)c(-c4cc(OC)ccc4OC)c(C=CCCCCCCCC(=O)OC)oc3c12,CCCc1coc2ccc3c(=O)c(-c4cc(OC)ccc4OC)c(C=CCCCCCCCC(=O)OC)oc3c12,0.22270874266784327,0.09811647765541244,0.0,0.0,0.0,0.09811647765541244,single,ok,single_mode
single_target_b1_a6000_post,2026-02-20T23:32:26,42,13,Cc1ccc2c(c1)C1(C(=O)N2)C(c2ccccc2)CN(C)C12C(=O)Nc1ccccc12,Cc1ccc2c(c1)C1(C(=O)N2)C(c2ccccc2)CN(C)C12C(=O)Nc1ccccc12,0.16518098612626395,0.06425087249623591,0.0,0.0,0.0,0.06425087249623591,single,ok,single_mode
single_target_b1_a6000_post,2026-02-20T23:32:26,42,14,CC12CCC(=O)CC1C(=O)CC1=C2CCC2(C)C(C(=O)CN3CCCC3)CCC12O,CC12CCC(=O)CC1C(=O)CC1=C2CCC2(C)C(C(=O)CN3CCCC3)CCC12O,0.11380929003159206,0.043541383998290314,0.0,0.0,0.0,0.043541383998290314,single,ok,single_mode
single_target_b1_a6000_post,2026-02-20T23:32:26,42,15,COc1ccccc1CNC1CCCCC1NCc1ccc(C(C)(C)C)cc1,COc1ccccc1CNC1CCCCC1NCc1ccc(C(C)(C)C)cc1,0.34665287534395856,0.2267460243726501,0.0,0.0,0.0,0.2267460243726501,single,ok,single_mode
single_target_b1_a6000_post,2026-02-20T23:38:32,43,0,CCCCCCCCCOc1ccc(C2OC(CC(=O)O)CC2O)cc1CCC(=O)O,CCCCCCCCCOc1ccc(C2OC(CC(=O)O)CC2O)cc1CCC(=O)O,0.2342091202735901,0.10656418300633128,0.0,0.0,0.0,0.10656418300633128,single,ok,single_mode
single_target_b1_a6000_post,2026-02-20T23:38:32,43,1,Cc1ccc(-c2cccc(C(=O)N3CCC(c4ccc(C#N)cc4)CC3)c2C)cc1,Cc1ccc(-c2cccc(C(=O)N3CCC(c4ccc(C#N)cc4)CC3)c2C)cc1,0.26911160349845886,0.1362129060598489,0.0,0.0,0.0,0.1362129060598489,single,ok,single_mode
single_target_b1_a6000_post,2026-02-20T23:38:32,43,2,CC(O)(C(=O)N=c1ccc(Cl)c[nH]1)c1nc2ccccc2[nH]1,CC(O)(C(=O)N=c1ccc(Cl)c[nH]1)c1nc2ccccc2[nH]1,0.2594657888015111,0.12738575189258192,0.0,0.0,0.0,0.12738575189258192,single,ok,single_mode
single_target_b1_a6000_post,2026-02-20T23:38:32,43,3,CC1=CC(C)(C)Nc2ccc3c(c21)C(CBr)Oc1ccccc1-3,CC1=CC(C)(C)Nc2ccc3c(c21)C(CBr)Oc1ccccc1-3,0.37767788767814636,0.27317424933255247,0.0,0.0,0.0,0.27317424933255247,single,ok,single_mode
single_target_b1_a6000_post,2026-02-20T23:38:32,43,4,CC(NC(=O)C(N)Cc1ccc(O)cc1)C(=O)N1CCCC1C(=O)NCC1CC(Br)=NO1,CC(NC(=O)C(N)Cc1ccc(O)cc1)C(=O)N1CCCC1C(=O)NCC1CC(Br)=NO1,0.08690132200717926,0.03540724884440443,0.0,0.0,0.0,0.03540724884440443,single,ok,single_mode
single_target_b1_a6000_post,2026-02-20T23:38:32,43,5,COc1cc(C=O)ccc1OC(=O)N(C)C,COc1cc(C=O)ccc1OC(=O)N(C)C,0.17819607257843018,0.07080220922560011,0.0,0.0,0.0,0.07080220922560011,single,ok,single_mode
single_target_b1_a6000_post,2026-02-20T23:38:32,43,6,O=C(O)c1cccc(OCCCNc2ccccc2[N+](=O)[O-])c1,O=C(O)c1cccc(OCCCNc2ccccc2[N+](=O)[O-])c1,0.15257440507411957,0.05844730374811603,0.0,0.0,0.0,0.05844730374811603,single,ok,single_mode
single_target_b1_a6000_post,2026-02-20T23:38:32,43,7,CC(C)Cc1cccc(-c2cc(=NC(=O)c3cccc(NC(=O)c4ccccc4)c3)[nH]n2-c2ccc(O)cc2)c1,CC(C)Cc1cccc(-c2cc(=NC(=O)c3cccc(NC(=O)c4ccccc4)c3)[nH]n2-c2ccc(O)cc2)c1,0.25183385113875073,0.12075188854741292,0.0,0.0,0.0,0.12075188854741292,single,ok,single_mode
single_target_b1_a6000_post,2026-02-20T23:38:32,43,8,Cc1ccc(NC(=O)c2ccco2)cc1S(=O)(=O)N1CCCCC1,Cc1ccc(NC(=O)c2ccco2)cc1S(=O)(=O)N1CCCCC1,0.19380185504754385,0.07946889095189633,0.0,0.0,0.0,0.07946889095189633,single,ok,single_mode
single_target_b1_a6000_post,2026-02-20T23:38:32,43,9,O=C(Nc1ccc(Sc2cnnc3[nH]ncc23)cc1)c1cccc(C(F)(F)F)c1,O=C(Nc1ccc(Sc2cnnc3[nH]ncc23)cc1)c1cccc(C(F)(F)F)c1,0.36815600593884784,0.2583136400724462,0.0,0.0,0.0,0.2583136400724462,single,ok,single_mode
single_target_b1_a6000_post,2026-02-20T23:38:32,43,10,O=C(CSc1nnc(-c2cccs2)n1-c1ccccc1)Nc1cccc(Cl)c1,O=C(CSc1nnc(-c2cccs2)n1-c1ccccc1)Nc1cccc(Cl)c1,0.3020065128803253,0.17023708999050557,0.0,0.0,0.0,0.17023708999050557,single,ok,single_mode
single_target_b1_a6000_post,2026-02-20T23:38:32,43,11,O=C(c1c[nH]nn1)N1CC2CN(C(=O)Nc3ccccc3)c3ccc(-c4ccc(F)cc4)cc3C2C1,O=C(c1c[nH]nn1)N1CC2CN(C(=O)Nc3ccccc3)c3ccc(-c4ccc(F)cc4)cc3C2C1,0.3354637920856476,0.2114362591575001,0.0,0.0,0.0,0.2114362591575001,single,ok,single_mode
single_target_b1_a6000_post,2026-02-20T23:38:32,43,12,O=C(NN=Cc1ccccc1F)c1cccc(Cl)c1,O=C(NN=Cc1ccccc1F)c1cccc(Cl)c1,0.3718087573846181,0.26395163565212054,0.0,0.0,0.0,0.26395163565212054,single,ok,single_mode
single_target_b1_a6000_post,2026-02-20T23:38:32,43,13,COc1cc(OC(C)=O)cc2c1C(=O)C1=Cc3sc(C(=O)N(C)C)cc3OC1(O)O2,COc1cc(OC(C)=O)cc2c1C(=O)C1=Cc3sc(C(=O)N(C)C)cc3OC1(O)O2,0.36178327600161236,0.24866709682954435,0.0,0.0,0.0,0.24866709682954435,single,ok,single_mode
single_target_b1_a6000_post,2026-02-20T23:38:32,43,14,C=CCN=c1[nH]cnc2c1cnn2-c1ccccc1,C=CCN=c1[nH]cnc2c1cnn2-c1ccccc1,0.399737685918808,0.309576805718764,0.0,0.0,0.0,0.309576805718764,single,ok,single_mode
single_target_b1_a6000_post,2026-02-20T23:38:32,43,15,O=C(Nc1ccc(N2CCN(C(=O)C3CCCCC3)CC2)cc1)c1ccco1,O=C(Nc1ccc(N2CCN(C(=O)C3CCCCC3)CC2)cc1)c1ccco1,0.1791213576992353,0.07129074966907815,0.0,0.0,0.0,0.07129074966907815,single,ok,single_mode
single_target_b1_a6000_post,2026-02-20T23:44:37,44,0,C=C(C)CC1Cc2ccccc2C(CCN2CCC(OC)C2)O1,C=C(C)CC1Cc2ccccc2C(CCN2CCC(OC)C2)O1,0.21037889023621878,0.08972732256322241,0.0,0.0,0.0,0.08972732256322241,single,ok,single_mode
single_target_b1_a6000_post,2026-02-20T23:44:37,44,1,N=c1oc2ccccc2cc1C(=O)Nc1ccccc1,N=c1oc2ccccc2cc1C(=O)Nc1ccccc1,0.44759667913119,0.3967018406758919,0.0,0.0,0.0,0.3967018406758919,single,ok,single_mode
single_target_b1_a6000_post,2026-02-20T23:44:37,44,2,COc1ccc(C(=O)c2ccncc2)c(OC)c1,COc1ccc(C(=O)c2ccncc2)c(OC)c1,0.22323395063479742,0.0984889096766741,0.0,0.0,0.0,0.0984889096766741,single,ok,single_mode
single_target_b1_a6000_post,2026-02-20T23:44:37,44,3,O=S(=O)(NC1CCN2CCC(Oc3ccccn3)C2C1)c1ccc(Cl)s1,O=S(=O)(NC1CCN2CCC(Oc3ccccn3)C2C1)c1ccc(Cl)s1,0.1708963339527448,0.0670552341538129,0.0,0.0,0.0,0.0670552341538129,single,ok,single_mode
single_target_b1_a6000_post,2026-02-20T23:44:37,44,4,Cc1cccc(C)c1NC(=O)Cn1c(=O)n(C2CCN(C(=O)C3CCCCC3)CC2)c2ccccc21,Cc1cccc(C)c1NC(=O)Cn1c(=O)n(C2CCN(C(=O)C3CCCCC3)CC2)c2ccccc21,0.2137374629577001,0.09194617563873185,0.0,0.0,0.0,0.09194617563873185,single,ok,single_mode
single_target_b1_a6000_post,2026-02-20T23:44:37,44,5,CCOC(=O)N1CCN(S(=O)(=O)c2ccc3[nH]c(=NC(C)=O)sc3c2)CC1,CCOC(=O)N1CCN(S(=O)(=O)c2ccc3[nH]c(=NC(C)=O)sc3c2)CC1,0.17003980775674185,0.06662783754135589,0.0,0.0,0.0,0.06662783754135589,single,ok,single_mode
single_target_b1_a6000_post,2026-02-20T23:44:37,44,6,CC(C)c1nn2c(=O)cc(COC(=O)c3ccccc3NC(=O)c3ccco3)nc2s1,CC(C)c1nn2c(=O)cc(COC(=O)c3ccccc3NC(=O)c3ccco3)nc2s1,0.25496644775072735,0.12343800151769745,0.0,0.0,0.0,0.12343800151769745,single,ok,single_mode
single_target_b1_a6000_post,2026-02-20T23:44:37,44,7,Nc1ccccc1CNC(=O)c1ccco1,Nc1ccccc1CNC(=O)c1ccco1,0.26822403570016223,0.13537961964745981,0.0,0.0,0.0,0.13537961964745981,single,ok,single_mode
single_target_b1_a6000_post,2026-02-20T23:44:37,44,8,CC(C)(C)c1ccc(-c2ccc(C34CC5CC(CC(C5)C3)C4)n2CC(=O)NCCC(=N)N)cc1,CC(C)(C)c1ccc(-c2ccc(C34CC5CC(CC(C5)C3)C4)n2CC(=O)NCCC(=N)N)cc1,0.15836088359355927,0.061047483449821305,0.0,0.0,0.0,0.061047483449821305,single,ok,single_mode
single_target_b1_a6000_post,2026-02-20T23:44:37,44,9,COc1ccc(C(=O)n2cccc2)cc1OC,COc1ccc(C(=O)n2cccc2)cc1OC,0.19831856588522592,0.08215268894180024,0.0,0.0,0.0,0.08215268894180024,single,ok,single_mode
single_target_b1_a6000_post,2026-02-20T23:44:37,44,10,O=c1[nH]c2cccnc2n1-c1ccc([N+](=O)[O-])cc1,O=c1[nH]c2cccnc2n1-c1ccc([N+](=O)[O-])cc1,0.28038257360458374,0.14717407145871655,0.0,0.0,0.0,0.14717407145871655,single,ok,single_mode
single_target_b1_a6000_post,2026-02-20T23:44:37,44,11,O=C(O)CCc1nnn(-c2ccc(Cl)cc2)c1Sc1ccccc1Br,O=C(O)CCc1nnn(-c2ccc(Cl)cc2)c1Sc1ccccc1Br,0.3543451925118764,0.23771673314999822,0.0,0.0,0.0,0.23771673314999822,single,ok,single_mode
single_target_b1_a6000_post,2026-02-20T23:44:37,44,12,O=c1nc(SCc2ccc(F)cc2)[nH]c(-c2ccc(Cl)cc2)c1C(F)(F)F,O=c1nc(SCc2ccc(F)cc2)[nH]c(-c2ccc(Cl)cc2)c1C(F)(F)F,0.29081791639328003,0.15796385912166835,0.0,0.0,0.0,0.15796385912166835,single,ok,single_mode
single_target_b1_a6000_post,2026-02-20T23:44:37,44,13,COc1ccc(-c2n[nH]c(=O)[nH]2)cc1,COc1ccc(-c2n[nH]c(=O)[nH]2)cc1,0.19964182376861572,0.08295445548070224,0.0,0.0,0.0,0.08295445548070224,single,ok,single_mode
single_target_b1_a6000_post,2026-02-20T23:44:37,44,14,CCCN1C(=O)c2ccccc2NC1c1ccco1,CCCN1C(=O)c2ccccc2NC1c1ccco1,0.32774558663368225,0.20132472342891303,0.0,0.0,0.0,0.20132472342891303,single,ok,single_mode
single_target_b1_a6000_post,2026-02-20T23:44:37,44,15,Cc1c(Cl)cccc1NC(=O)CCCn1cnc2ccccc2c1=O,Cc1c(Cl)cccc1NC(=O)CCCn1cnc2ccccc2c1=O,0.14257979641358057,0.05419941525696591,0.0,0.0,0.0,0.05419941525696591,single,ok,single_mode
single_target_b1_a6000_post,2026-02-20T23:51:00,45,0,CSC(=S)Nc1ccccc1C,CSC(=S)Nc1ccccc1C,0.1335786022245884,0.05062438316099044,0.0,0.0,0.0,0.05062438316099044,single,ok,single_mode
single_target_b1_a6000_post,2026-02-20T23:51:00,45,1,Cc1ccnc(NC(=O)c2cc3c(F)c(F)ccc3[nH]2)c1-c1ccc(F)cc1F,Cc1ccnc(NC(=O)c2cc3c(F)c(F)ccc3[nH]2)c1-c1ccc(F)cc1F,0.3137899686892827,0.18396972492165958,0.0,0.0,0.0,0.18396972492165958,single,ok,single_mode
single_target_b1_a6000_post,2026-02-20T23:51:00,45,2,CC(C)(O)c1nc(-c2cccnc2)nc(N2CCCC(c3ccc(C#N)cc3)C2)n1,CC(C)(O)c1nc(-c2cccnc2)nc(N2CCCC(c3ccc(C#N)cc3)C2)n1,0.2604516049226125,0.12826498677749879,0.0,0.0,0.0,0.12826498677749879,single,ok,single_mode
single_target_b1_a6000_post,2026-02-20T23:51:00,45,3,CCn1c2ccc(C)cc2c2c(=O)[nH]ncc21,CCn1c2ccc(C)cc2c2c(=O)[nH]ncc21,0.40885554750760394,0.325380048152612,0.0,0.0,0.0,0.325380048152612,single,ok,single_mode
single_target_b1_a6000_post,2026-02-20T23:51:00,45,4,N=C1C(=Cc2ccccc2Cl)C(=O)N=C2SCC(=O)N12,N=C1C(=Cc2ccccc2Cl)C(=O)N=C2SCC(=O)N12,0.4173169434070587,0.34041071931977496,0.0,0.0,0.0,0.34041071931977496,single,ok,single_mode
single_target_b1_a6000_post,2026-02-20T23:51:00,45,5,O=S1(=O)CCN(Cc2nc(CN3CCOCC3)no2)CC1,O=S1(=O)CCN(Cc2nc(CN3CCOCC3)no2)CC1,0.13991927852233252,0.05311864660172597,0.0,0.0,0.0,0.05311864660172597,single,ok,single_mode
single_target_b1_a6000_post,2026-02-20T23:51:00,45,6,O=C(OCC1CCSS1)C1CC=NCC1,O=C(OCC1CCSS1)C1CC=NCC1,0.07947056616346042,0.03343208586869322,0.0,0.0,0.0,0.03343208586869322,single,ok,single_mode
single_target_b1_a6000_post,2026-02-20T23:51:00,45,7,CCOC(=O)c1nn(-c2ccc(OC)cc2)c(-c2ccc(F)cc2)c1C,CCOC(=O)c1nn(-c2ccc(OC)cc2)c(-c2ccc(F)cc2)c1C,0.2482427308956782,0.11773478968889377,0.0,0.0,0.0,0.11773478968889377,single,ok,single_mode
single_target_b1_a6000_post,2026-02-20T23:51:00,45,8,O=C(O)c1c(-c2ccccc2)sc2c1C(c1ccccc1)c1ccc(O)cc1O2,O=C(O)c1c(-c2ccccc2)sc2c1C(c1ccccc1)c1ccc(O)cc1O2,0.348281850417455,0.22903905248584625,0.0,0.0,0.0,0.22903905248584625,single,ok,single_mode
single_target_b1_a6000_post,2026-02-20T23:51:00,45,9,OC(CNCCOc1cccc(Br)c1)COc1ccccc1,OC(CNCCOc1cccc(Br)c1)COc1ccccc1,0.19994191825389862,0.0831372711678021,0.0,0.0,0.0,0.0831372711678021,single,ok,single_mode
single_target_b1_a6000_post,2026-02-20T23:51:00,45,10,O=C(NCc1cccnc1)C1CCN(c2nnc(-n3cccc3)s2)CC1,O=C(NCc1cccnc1)C1CCN(c2nnc(-n3cccc3)s2)CC1,0.18903291473786035,0.07672236833001984,0.0,0.0,0.0,0.07672236833001984,single,ok,single_mode
single_target_b1_a6000_post,2026-02-20T23:51:00,45,11,COc1ccc2[nH]c3c(c(=O)c2c1)CCNC3,COc1ccc2[nH]c3c(c(=O)c2c1)CCNC3,0.27703797817230225,0.1438473311818807,0.0,0.0,0.0,0.1438473311818807,single,ok,single_mode
single_target_b1_a6000_post,2026-02-20T23:51:00,45,12,O=[N+]([O-])c1cccc(-c2ccc(-c3ccsc3)s2)c1,O=[N+]([O-])c1cccc(-c2ccc(-c3ccsc3)s2)c1,0.4632076025009155,0.4269418973931906,0.0,0.0,0.0,0.4269418973931906,single,ok,single_mode
single_target_b1_a6000_post,2026-02-20T23:51:00,45,13,Cc1ccc(NC(=O)c2ccncc2)c(C(=O)N2CCCc3ccccc32)c1,Cc1ccc(NC(=O)c2ccncc2)c(C(=O)N2CCCc3ccccc32)c1,0.29252421855926514,0.15978800708548288,0.0,0.0,0.0,0.15978800708548288,single,ok,single_mode
single_target_b1_a6000_post,2026-02-20T23:51:00,45,14,C=c1[nH]c(=NN=C(C)CC)[nH]c(=C)c1=O,C=c1[nH]c(=NN=C(C)CC)[nH]c(=C)c1=O,0.3057221273581187,0.17447717513786648,0.0,0.0,0.0,0.17447717513786648,single,ok,single_mode
single_target_b1_a6000_post,2026-02-20T23:51:00,45,15,COCc1ccc(N=c2[nH][nH]c3cccnc23)c(C)c1,COCc1ccc(N=c2[nH][nH]c3cccnc23)c(C)c1,0.4827054738998413,0.4654660189553004,0.0,0.0,0.0,0.4654660189553004,single,ok,single_mode
single_target_b1_a6000_post,2026-02-20T23:58:23,46,0,C=c1[nH]n(-c2ccccc2)c(=O)c1=c1ccc(=c2ccc(=CC(C#N)C#N)cc2)o1,C=c1[nH]n(-c2ccccc2)c(=O)c1=c1ccc(=c2ccc(=CC(C#N)C#N)cc2)o1,0.36261826753616333,0.24991721456977292,0.0,0.0,0.0,0.24991721456977292,single,ok,single_mode
single_target_b1_a6000_post,2026-02-20T23:58:23,46,1,CC(C)(C)OC(=O)NC(Cc1ccccc1)C(=O)OC1CC2C34CC(CC(C3)C1(C)C2(C)C)C4,CC(C)(C)OC(=O)NC(Cc1ccccc1)C(=O)OC1CC2C34CC(CC(C3)C1(C)C2(C)C)C4,0.05,0.02659699357686585,0.0,0.0,0.0,0.02659699357686585,single,fallback:missing_affinity_json,single_mode
single_target_b1_a6000_post,2026-02-20T23:58:23,46,2,O=C(Cc1ccccc1)N=c1nc(-c2cccc(C(F)(F)F)c2)s[nH]1,O=C(Cc1ccccc1)N=c1nc(-c2cccc(C(F)(F)F)c2)s[nH]1,0.3749534587065379,0.26886822307863345,0.0,0.0,0.0,0.26886822307863345,single,ok,single_mode
single_target_b1_a6000_post,2026-02-20T23:58:23,46,3,Cc1ccc(-c2cc(C(F)(F)F)nn2-c2ccc(S(N)(=O)=O)cc2)cc1,Cc1ccc(-c2cc(C(F)(F)F)nn2-c2ccc(S(N)(=O)=O)cc2)cc1,0.13874967644611994,0.05264998932947291,0.0,0.0,0.0,0.05264998932947291,single,ok,single_mode
single_target_b1_a6000_post,2026-02-20T23:58:23,46,4,O=C(O)Cn1c(SCc2ccc(Cl)cc2)nc(=O)c2n[nH]c(-c3cccs3)c21,O=C(O)Cn1c(SCc2ccc(Cl)cc2)nc(=O)c2n[nH]c(-c3cccs3)c21,0.4038192629814148,0.31659898224107264,0.0,0.0,0.0,0.31659898224107264,single,ok,single_mode
single_target_b1_a6000_post,2026-02-20T23:58:23,46,5,Cc1cc(-c2ccc3c(c2)OCCN(Cc2ccccn2)C3=O)on1,Cc1cc(-c2ccc3c(c2)OCCN(Cc2ccccn2)C3=O)on1,0.15219697852929434,0.05828136317607533,0.0,0.0,0.0,0.05828136317607533,single,ok,single_mode
single_target_b1_a6000_post,2026-02-20T23:58:23,46,6,N=c1[nH]ccn2c(C3CCC3)nc(-c3ccc(Oc4ccc(OC(F)(F)F)cc4)c(F)c3)c12,N=c1[nH]ccn2c(C3CCC3)nc(-c3ccc(Oc4ccc(OC(F)(F)F)cc4)c(F)c3)c12,0.2161673719335037,0.09358212608892202,0.0,0.0,0.0,0.09358212608892202,single,ok,single_mode
single_target_b1_a6000_post,2026-02-20T23:58:23,46,7,CCOC(=O)CCn1c(=O)oc2cc(S(=O)(=O)N3CCC4(CC3)OCCO4)ccc21,CCOC(=O)CCn1c(=O)oc2cc(S(=O)(=O)N3CCC4(CC3)OCCO4)ccc21,0.1823877990245819,0.07304037715916774,0.0,0.0,0.0,0.07304037715916774,single,ok,single_mode
single_target_b1_a6000_post,2026-02-20T23:58:23,46,8,COC(=O)C1=C(C)N(c2ccc(OC)cc2)C(=O)C1=Cc1cccs1,COC(=O)C1=C(C)N(c2ccc(OC)cc2)C(=O)C1=Cc1cccs1,0.28625910977522534,0.15317316864144653,0.0,0.0,0.0,0.15317316864144653,single,ok,single_mode
single_target_b1_a6000_post,2026-02-20T23:58:23,46,9,CC1CCN(CN2C(=O)C(Cc3ccc(O)cc3)=NC2=S)CC1,CC1CCN(CN2C(=O)C(Cc3ccc(O)cc3)=NC2=S)CC1,0.1322884981830915,0.05013064222914279,0.0,0.0,0.0,0.05013064222914279,single,ok,single_mode
single_target_b1_a6000_post,2026-02-20T23:58:23,46,10,C=CCc1ccccc1OCC(=O)N1CCCc2ccccc21,C=CCc1ccccc1OCC(=O)N1CCCc2ccccc21,0.14305018136898676,0.05439264156360623,0.0,0.0,0.0,0.05439264156360623,single,ok,single_mode
single_target_b1_a6000_post,2026-02-20T23:58:23,46,11,CC(C1=NOC(c2cccs2)N(S(C)(=O)=O)C1)=C1CC(=O)C2CCN3CCCC(C3)C12,CC(C1=NOC(c2cccs2)N(S(C)(=O)=O)C1)=C1CC(=O)C2CCN3CCCC(C3)C12,0.2259386827548345,0.1004268710763123,0.0,0.0,0.0,0.1004268710763123,single,ok,single_mode
single_target_b1_a6000_post,2026-02-20T23:58:23,46,12,O=[N+]([O-])C=Cc1c[nH]c2ccccc12,O=[N+]([O-])C=Cc1c[nH]c2ccccc12,0.37270580728848773,0.26534823470213775,0.0,0.0,0.0,0.26534823470213775,single,ok,single_mode
single_target_b1_a6000_post,2026-02-20T23:58:23,46,13,c1ccc2c3c([nH]c2c1)-c1nc(=NC2CCCC2)[nH]cc1CC3,c1ccc2c3c([nH]c2c1)-c1nc(=NC2CCCC2)[nH]cc1CC3,0.32017782330513,0.19176574089218293,0.0,0.0,0.0,0.19176574089218293,single,ok,single_mode
single_target_b1_a6000_post,2026-02-20T23:58:23,46,14,c1csc(-c2ncnc3c2CCN(Cc2ccoc2)CC3)c1,c1csc(-c2ncnc3c2CCN(Cc2ccoc2)CC3)c1,0.21570050716400146,0.09326579401988797,0.0,0.0,0.0,0.09326579401988797,single,ok,single_mode
single_target_b1_a6000_post,2026-02-20T23:58:23,46,15,CC1Cc2ccccc2N1C(=O)CN1CCN(C(=O)OC(C)(C)C)CC1,CC1Cc2ccccc2N1C(=O)CN1CCN(C(=O)OC(C)(C)C)CC1,0.17488703628381094,0.06908028176380332,0.0,0.0,0.0,0.06908028176380332,single,ok,single_mode
single_target_b1_a6000_post,2026-02-21T00:04:39,47,0,CC(Cc1cccnc1)NCC(O)c1cc(O)cc(O)c1,CC(Cc1cccnc1)NCC(O)c1cc(O)cc(O)c1,0.11515265951553981,0.043991148701777796,0.0,0.0,0.0,0.043991148701777796,single,ok,single_mode
single_target_b1_a6000_post,2026-02-21T00:04:39,47,1,NC(=O)c1ccc(F)c(-c2ccc(C3CCC(CC(=O)O)CC3)cc2)n1,NC(=O)c1ccc(F)c(-c2ccc(C3CCC(CC(=O)O)CC3)cc2)n1,0.22922571003437042,0.10282759267499443,0.0,0.0,0.0,0.10282759267499443,single,ok,single_mode
single_target_b1_a6000_post,2026-02-21T00:04:39,47,2,N#Cc1ccccc1S(=O)(=O)N1CCN(C(=O)c2ccccc2)CC1,N#Cc1ccccc1S(=O)(=O)N1CCN(C(=O)c2ccccc2)CC1,0.13498620688915253,0.05116834339161308,0.0,0.0,0.0,0.05116834339161308,single,ok,single_mode
single_target_b1_a6000_post,2026-02-21T00:04:39,47,3,Fc1cccc(Cn2ncc3cnc(C4CC4)nc32)c1,Fc1cccc(Cn2ncc3cnc(C4CC4)nc32)c1,0.2008842478195826,0.08371371603692249,0.0,0.0,0.0,0.08371371603692249,single,ok,single_mode
single_target_b1_a6000_post,2026-02-21T00:04:39,47,4,CNC(=O)C(Cc1ccccc1)NC(=O)C(CC(C)C)C(Cc1ccccc1)OCC(=O)Cc1ccc(Cl)cc1,CNC(=O)C(Cc1ccccc1)NC(=O)C(CC(C)C)C(Cc1ccccc1)OCC(=O)Cc1ccc(Cl)cc1,0.255714263767004,0.12408677703240623,0.0,0.0,0.0,0.12408677703240623,single,ok,single_mode
single_target_b1_a6000_post,2026-02-21T00:04:39,47,5,COc1ccc2c(c1)OCC(c1ccc(O)cc1)C2=O,COc1ccc2c(c1)OCC(c1ccc(O)cc1)C2=O,0.4235174357891083,0.3516349065017401,0.0,0.0,0.0,0.3516349065017401,single,ok,single_mode
single_target_b1_a6000_post,2026-02-21T00:04:39,47,6,CCOC(=O)Cc1csc(=NC(=O)c2cc(C(C)C)n[nH]2)[nH]1,CCOC(=O)Cc1csc(=NC(=O)c2cc(C(C)C)n[nH]2)[nH]1,0.38393986225128174,0.28323296756070965,0.0,0.0,0.0,0.28323296756070965,single,ok,single_mode
single_target_b1_a6000_post,2026-02-21T00:04:39,47,7,N#Cc1nc(=NC2CCC(O)CC2)nc(N2CCOCC2)[nH]1,N#Cc1nc(=NC2CCC(O)CC2)nc(N2CCOCC2)[nH]1,0.225992813706398,0.10046599993694812,0.0,0.0,0.0,0.10046599993694812,single,ok,single_mode
single_target_b1_a6000_post,2026-02-21T00:04:39,47,8,CCOCCn1c(=O)c2ccccc2n2c(CCCC(=O)NCCc3ccccc3)nnc12,CCOCCn1c(=O)c2ccccc2n2c(CCCC(=O)NCCc3ccccc3)nnc12,0.1556212604045868,0.059803207144129594,0.0,0.0,0.0,0.059803207144129594,single,ok,single_mode
single_target_b1_a6000_post,2026-02-21T00:04:39,47,9,COc1c(CN2CCOCC2)cc(NC(=NC#N)NC2CCCC2)cc1NC(C)=O,COc1c(CN2CCOCC2)cc(NC(=NC#N)NC2CCCC2)cc1NC(C)=O,0.09546409423152606,0.037822774225113646,0.0,0.0,0.0,0.037822774225113646,single,ok,single_mode
single_target_b1_a6000_post,2026-02-21T00:04:39,47,10,Cc1ccc2oc(C(=O)Nc3ccc4c(c3)C(=O)NC4=O)cc2c1,Cc1ccc2oc(C(=O)Nc3ccc4c(c3)C(=O)NC4=O)cc2c1,0.42377549409866333,0.3521057237115033,0.0,0.0,0.0,0.3521057237115033,single,ok,single_mode
single_target_b1_a6000_post,2026-02-21T00:04:39,47,11,O=C(CN1C(=O)C(=Cc2cccc(O)c2)SC1=S)Nc1cccnc1,O=C(CN1C(=O)C(=Cc2cccc(O)c2)SC1=S)Nc1cccnc1,0.34261852502822876,0.22113716279339574,0.0,0.0,0.0,0.22113716279339574,single,ok,single_mode
single_target_b1_a6000_post,2026-02-21T00:04:39,47,12,COc1ccnc(N2CCOC3(CCN(S(C)(=O)=O)CC3)C2)n1,COc1ccnc(N2CCOC3(CCN(S(C)(=O)=O)CC3)C2)n1,0.1746870627005895,0.0689774731362179,0.0,0.0,0.0,0.0689774731362179,single,ok,single_mode
single_target_b1_a6000_post,2026-02-21T00:04:39,47,13,COc1ccc(C(Cl)C(=O)NCc2cccnc2)cc1,COc1ccc(C(Cl)C(=O)NCc2cccnc2)cc1,0.20992782215277353,0.08943302589941662,0.0,0.0,0.0,0.08943302589941662,single,ok,single_mode
single_target_b1_a6000_post,2026-02-21T00:04:39,47,14,Cc1ccccc1C(=O)NNC(=S)NC(=O)c1cccc([N+](=O)[O-])c1,Cc1ccccc1C(=O)NNC(=S)NC(=O)c1cccc([N+](=O)[O-])c1,0.3158797373374303,0.18649280660319847,0.0,0.0,0.0,0.18649280660319847,single,ok,single_mode
single_target_b1_a6000_post,2026-02-21T00:04:39,47,15,CC(=NNC(=O)c1ccncc1)c1cccc(O)c1,CC(=NNC(=O)c1ccncc1)c1cccc(O)c1,0.2586280405521393,0.12664262691845893,0.0,0.0,0.0,0.12664262691845893,single,ok,single_mode
single_target_b1_a6000_post,2026-02-21T00:11:23,48,0,O=C(N=c1[nH]c(-c2ccc(O)c([N+](=O)[O-])c2)cs1)C1CC(c2ccc(Cl)cc2)=NO1,O=C(N=c1[nH]c(-c2ccc(O)c([N+](=O)[O-])c2)cs1)C1CC(c2ccc(Cl)cc2)=NO1,0.35606881479422253,0.24022442890620993,0.0,0.0,0.0,0.24022442890620993,single,ok,single_mode
single_target_b1_a6000_post,2026-02-21T00:11:23,48,1,Cc1ccc(-c2nn(C)c(=O)c3ccccc23)cc1NS(=O)(=O)c1cccc(C(F)(F)F)c1,Cc1ccc(-c2nn(C)c(=O)c3ccccc23)cc1NS(=O)(=O)c1cccc(C(F)(F)F)c1,0.1919461004436016,0.07838960813858273,0.0,0.0,0.0,0.07838960813858273,single,ok,single_mode
single_target_b1_a6000_post,2026-02-21T00:11:23,48,2,CC(=CCc1ccoc1)C1OC(=O)C(O)C2C(c3ccoc3)OC(=O)C12,CC(=CCc1ccoc1)C1OC(=O)C(O)C2C(c3ccoc3)OC(=O)C12,0.4503447711467743,0.4019751996786161,0.0,0.0,0.0,0.4019751996786161,single,ok,single_mode
single_target_b1_a6000_post,2026-02-21T00:11:23,48,3,CNC(=O)c1ccc(C)c(-c2c(NC(=O)c3ccccc3)c(C(=O)NC)n3ccccc23)c1,CNC(=O)c1ccc(C)c(-c2c(NC(=O)c3ccccc3)c(C(=O)NC)n3ccccc23)c1,0.16117888192335764,0.06235257989996482,0.0,0.0,0.0,0.06235257989996482,single,ok,single_mode
single_target_b1_a6000_post,2026-02-21T00:11:23,48,4,O=C(CN1CCOC(COc2ccccc2)C1)Nc1cc2ccccc2ccc1=O,O=C(CN1CCOC(COc2ccccc2)C1)Nc1cc2ccccc2ccc1=O,0.1661163866519928,0.06470225267585454,0.0,0.0,0.0,0.06470225267585454,single,ok,single_mode
single_target_b1_a6000_post,2026-02-21T00:11:23,48,5,Cc1cccc(C)c1OCC(=O)NC1CC(C)(C)NC(C)(C)C1,Cc1cccc(C)c1OCC(=O)NC1CC(C)(C)NC(C)(C)C1,0.1866202006737391,0.0753662330297286,0.0,0.0,0.0,0.0753662330297286,single,ok,single_mode
single_target_b1_a6000_post,2026-02-21T00:11:23,48,6,N=C(N)c1ccc(CNC(=O)C2CCCN2CCCn2cnc3cc(C(=O)NCC(NS(=O)(=O)c4ccccc4)C(=O)O)ccc32)cc1,N=C(N)c1ccc(CNC(=O)C2CCCN2CCCn2cnc3cc(C(=O)NCC(NS(=O)(=O)c4ccccc4)C(=O)O)ccc32)cc1,0.1710174928108851,0.06711589605627967,0.0,0.0,0.0,0.06711589605627967,single,ok,single_mode
single_target_b1_a6000_post,2026-02-21T00:11:23,48,7,CC(C)(C)C(N)C(=O)N1CCC(c2cc(-c3nc4ccncc4[nH]3)n(-c3cccc(Cl)c3F)n2)CC1,CC(C)(C)C(N)C(=O)N1CCC(c2cc(-c3nc4ccncc4[nH]3)n(-c3cccc(Cl)c3F)n2)CC1,0.13158577183882395,0.049863621333543086,0.0,0.0,0.0,0.049863621333543086,single,ok,single_mode
single_target_b1_a6000_post,2026-02-21T00:11:23,48,8,O=C(CCCn1c(=O)[nH]c2ccccc2c1=O)NCc1ccco1,O=C(CCCn1c(=O)[nH]c2ccccc2c1=O)NCc1ccco1,0.1707281768321991,0.06697112545188046,0.0,0.0,0.0,0.06697112545188046,single,ok,single_mode
single_target_b1_a6000_post,2026-02-21T00:11:23,48,9,CCc1ccccc1NC(=O)c1cc(=O)c2ccccc2o1,CCc1ccccc1NC(=O)c1cc(=O)c2ccccc2o1,0.2693979392449061,0.13648265043265895,0.0,0.0,0.0,0.13648265043265895,single,ok,single_mode
single_target_b1_a6000_post,2026-02-21T00:11:23,48,10,COc1ccc(Cc2c[nH]c(=O)[nH]c2=O)cc1,COc1ccc(Cc2c[nH]c(=O)[nH]c2=O)cc1,0.16228093206882477,0.06287002164813636,0.0,0.0,0.0,0.06287002164813636,single,ok,single_mode
single_target_b1_a6000_post,2026-02-21T00:11:23,48,11,O=C(CCCCCCC(O)=NO)Nc1ccc(Cl)cc1C(F)(F)F,O=C(CCCCCCC(O)=NO)Nc1ccc(Cl)cc1C(F)(F)F,0.14018262550234795,0.05322471104230005,0.0,0.0,0.0,0.05322471104230005,single,ok,single_mode
single_target_b1_a6000_post,2026-02-21T00:11:23,48,12,CSCC(C)NC(=S)N(C)Cc1cccnc1,CSCC(C)NC(=S)N(C)Cc1cccnc1,0.11550004780292511,0.04410817482645628,0.0,0.0,0.0,0.04410817482645628,single,ok,single_mode
single_target_b1_a6000_post,2026-02-21T00:11:23,48,13,COc1cccc(C(=O)Nc2cccc(-c3ccc(OCCN4CCOCC4)nc3)c2)c1,COc1cccc(C(=O)Nc2cccc(-c3ccc(OCCN4CCOCC4)nc3)c2)c1,0.3011522591114044,0.16927391370746683,0.0,0.0,0.0,0.16927391370746683,single,ok,single_mode
single_target_b1_a6000_post,2026-02-21T00:11:23,48,14,CC(=O)c1cn(C2CCNCC2)nn1,CC(=O)c1cn(C2CCNCC2)nn1,0.1581638902425766,0.06095721155989667,0.0,0.0,0.0,0.06095721155989667,single,ok,single_mode
single_target_b1_a6000_post,2026-02-21T00:11:23,48,15,COc1cc(C(NC(=O)C2CCNCC2)c2cccc(NC(=O)c3cnccn3)c2)cc(OC)c1OC,COc1cc(C(NC(=O)C2CCNCC2)c2cccc(NC(=O)c3cnccn3)c2)cc(OC)c1OC,0.27279860774676007,0.1397207644256027,0.0,0.0,0.0,0.1397207644256027,single,ok,single_mode
single_target_b1_a6000_post,2026-02-21T00:17:57,49,0,CC(C)C(NCC(N)CS)C(=O)N1CCc2ccccc2C1C(=O)O,CC(C)C(NCC(N)CS)C(=O)N1CCc2ccccc2C1C(=O)O,0.1314197431008021,0.0498007310761617,0.0,0.0,0.0,0.0498007310761617,single,ok,single_mode
single_target_b1_a6000_post,2026-02-21T00:17:57,49,1,Cc1onc(-c2ccccc2)c1COc1ccc(C(=O)N2CCSCC2)cn1,Cc1onc(-c2ccccc2)c1COc1ccc(C(=O)N2CCSCC2)cn1,0.12345776210228603,0.046871589970284296,0.0,0.0,0.0,0.046871589970284296,single,ok,single_mode
single_target_b1_a6000_post,2026-02-21T00:17:57,49,2,c1ccc(-c2cn3ccccc3n2)cc1,c1ccc(-c2cn3ccccc3n2)cc1,0.4585610032081604,0.4178727820535099,0.0,0.0,0.0,0.4178727820535099,single,ok,single_mode
single_target_b1_a6000_post,2026-02-21T00:17:57,49,3,COc1cc2c(cc1OC)-c1[nH]nc(-c3cnc4ccc(Cl)cc4c3)c1C2,COc1cc2c(cc1OC)-c1[nH]nc(-c3cnc4ccc(Cl)cc4c3)c1C2,0.32932133227586746,0.20335930883364484,0.0,0.0,0.0,0.20335930883364484,single,ok,single_mode
single_target_b1_a6000_post,2026-02-21T00:17:57,49,4,CCCCCNC(=O)c1c(O)cc(OC)c(CC)c1OC,CCCCCNC(=O)c1c(O)cc(OC)c(CC)c1OC,0.13810390482346216,0.05239290583331993,0.0,0.0,0.0,0.05239290583331993,single,ok,single_mode
single_target_b1_a6000_post,2026-02-21T00:17:57,49,5,c1ccc(CCN=c2ccc(-c3ccnc4ccccc34)n[nH]2)cc1,c1ccc(CCN=c2ccc(-c3ccnc4ccccc34)n[nH]2)cc1,0.42482758561770123,0.35402819166248806,0.0,0.0,0.0,0.35402819166248806,single,ok,single_mode
single_target_b1_a6000_post,2026-02-21T00:17:57,49,6,CC1CN(C(C)CO)C(=O)c2cc(NC(=O)Nc3cccnc3)ccc2OC1CN(C)C(=O)c1ccc(=O)n(C)c1,CC1CN(C(C)CO)C(=O)c2cc(NC(=O)Nc3cccnc3)ccc2OC1CN(C)C(=O)c1ccc(=O)n(C)c1,0.2036343216896057,0.08541681664968048,0.0,0.0,0.0,0.08541681664968048,single,ok,single_mode
single_target_b1_a6000_post,2026-02-21T00:17:57,49,7,CCOc1ccccc1CNC(=O)Nc1ccc(C(=O)Nc2ccc(C#N)cc2O)cc1,CCOc1ccccc1CNC(=O)Nc1ccc(C(=O)Nc2ccc(C#N)cc2O)cc1,0.3160120298465093,0.18665342408175128,0.0,0.0,0.0,0.18665342408175128,single,ok,single_mode
single_target_b1_a6000_post,2026-02-21T00:17:57,49,8,COc1cc(OC)cc(C(=O)NCC(=O)N2CCN(S(=O)(=O)c3ccc(Cl)cc3)CC2)c1,COc1cc(OC)cc(C(=O)NCC(=O)N2CCN(S(=O)(=O)c3ccc(Cl)cc3)CC2)c1,0.2231545994679133,0.09843256005388458,0.0,0.0,0.0,0.09843256005388458,single,ok,single_mode
single_target_b1_a6000_post,2026-02-21T00:17:57,49,9,Cc1ccccc1OCCCC(=O)OC(C)C,Cc1ccccc1OCCCC(=O)OC(C)C,0.14433099329471588,0.05492207335742157,0.0,0.0,0.0,0.05492207335742157,single,ok,single_mode
single_target_b1_a6000_post,2026-02-21T00:17:57,49,10,CCCOc1ccc2nnc(-c3ccc(C)cc3)n2n1,CCCOc1ccc2nnc(-c3ccc(C)cc3)n2n1,0.30399060249328613,0.1724909631842031,0.0,0.0,0.0,0.1724909631842031,single,ok,single_mode
single_target_b1_a6000_post,2026-02-21T00:17:57,49,11,Cc1ccc(-c2cn(CC(C)(C)O)nn2)cc1N=c1[nH]cccc1C#N,Cc1ccc(-c2cn(CC(C)(C)O)nn2)cc1N=c1[nH]cccc1C#N,0.25091731051603955,0.11997557146294188,0.0,0.0,0.0,0.11997557146294188,single,ok,single_mode
single_target_b1_a6000_post,2026-02-21T00:17:57,49,12,c1coc(-c2cn3ccccc3n2)c1,c1coc(-c2cn3ccccc3n2)c1,0.4381891191005707,0.3788371051292909,0.0,0.0,0.0,0.3788371051292909,single,ok,single_mode
single_target_b1_a6000_post,2026-02-21T00:17:57,49,13,Fc1ccccc1C1(c2nnc3c(CCN4CCCCCC4)c[nH]n23)CC1,Fc1ccccc1C1(c2nnc3c(CCN4CCCCCC4)c[nH]n23)CC1,0.18528245389461517,0.07462383435556684,0.0,0.0,0.0,0.07462383435556684,single,ok,single_mode
single_target_b1_a6000_post,2026-02-21T00:17:57,49,14,NCC1CCC(C(=O)NCC2CCC(C(=O)NC3CC3)CC2)O1,NCC1CCC(C(=O)NCC2CCC(C(=O)NC3CC3)CC2)O1,0.08531063795089722,0.034975188699595365,0.0,0.0,0.0,0.034975188699595365,single,ok,single_mode
single_target_b1_a6000_post,2026-02-21T00:17:57,49,15,O=C(O)CC(Cc1ccccc1)(Cc1cc(Cl)cc(Cl)c1)C(=O)O,O=C(O)CC(Cc1ccccc1)(Cc1cc(Cl)cc(Cl)c1)C(=O)O,0.20808872083822885,0.08824210704951868,0.0,0.0,0.0,0.08824210704951868,single,ok,single_mode
single_target_b1_a6000_post,2026-02-21T00:23:59,50,0,COC(=O)CNC(=O)Cn1c(=O)c2ccccc2n(Cc2ccccc2F)c1=O,COC(=O)CNC(=O)Cn1c(=O)c2ccccc2n(Cc2ccccc2F)c1=O,0.1926044076681137,0.07877092748107896,0.0,0.0,0.0,0.07877092748107896,single,ok,single_mode
single_target_b1_a6000_post,2026-02-21T00:23:59,50,1,Cc1cc(=N)c2cc(NC(=O)c3ccc(-n4nc5ccccc5c4C)cc3)ccc2[nH]1,Cc1cc(=N)c2cc(NC(=O)c3ccc(-n4nc5ccccc5c4C)cc3)ccc2[nH]1,0.71092289686203,0.8438797118458509,0.0,0.0,0.0,0.8438797118458509,single,ok,single_mode
single_target_b1_a6000_post,2026-02-21T00:23:59,50,2,CCCC1CN=c2c(n3cccc3c(=O)n2Cc2ccccc2)=N1,CCCC1CN=c2c(n3cccc3c(=O)n2Cc2ccccc2)=N1,0.43324024478594464,0.36956625283584726,0.0,0.0,0.0,0.36956625283584726,single,ok,single_mode
single_target_b1_a6000_post,2026-02-21T00:23:59,50,3,CCOC(=O)CCNC(=S)N1CCc2ccccc21,CCOC(=O)CCNC(=S)N1CCc2ccccc21,0.18026602764924368,0.07189942892797199,0.0,0.0,0.0,0.07189942892797199,single,ok,single_mode
single_target_b1_a6000_post,2026-02-21T00:23:59,50,4,CC1(c2cc(NC(=O)c3ccc(F)cn3)ccc2F)COC(=N)N1,CC1(c2cc(NC(=O)c3ccc(F)cn3)ccc2F)COC(=N)N1,0.2585090498129527,0.12653737726040887,0.0,0.0,0.0,0.12653737726040887,single,ok,single_mode
single_target_b1_a6000_post,2026-02-21T00:23:59,50,5,O=C(N=c1[nH]c2ccccc2s1)c1cc(O)c(O)c(O)c1,O=C(N=c1[nH]c2ccccc2s1)c1cc(O)c(O)c(O)c1,0.3797491143147151,0.2764765229372474,0.0,0.0,0.0,0.2764765229372474,single,ok,single_mode
single_target_b1_a6000_post,2026-02-21T00:23:59,50,6,CCOc1ccc(N=c2ssnc2Cl)cc1,CCOc1ccc(N=c2ssnc2Cl)cc1,0.35289262731870014,0.23561742965649457,0.0,0.0,0.0,0.23561742965649457,single,ok,single_mode
single_target_b1_a6000_post,2026-02-21T00:23:59,50,7,N#Cc1ccc(NC(=O)N=c2[nH]cnc3c2cnn3CCc2ccccc2)cc1,N#Cc1ccc(NC(=O)N=c2[nH]cnc3c2cnn3CCc2ccccc2)cc1,0.2938632071018219,0.16123138925227185,0.0,0.0,0.0,0.16123138925227185,single,ok,single_mode
single_target_b1_a6000_post,2026-02-21T00:23:59,50,8,OCCn1cc2c(oc3ccc(C(F)=C(Cl)Cl)cc32)c1O,OCCn1cc2c(oc3ccc(C(F)=C(Cl)Cl)cc32)c1O,0.40356072783470154,0.31615165035885656,0.0,0.0,0.0,0.31615165035885656,single,ok,single_mode
single_target_b1_a6000_post,2026-02-21T00:23:59,50,9,Cc1c(-c2ccc(-c3ccc(OC(F)(F)F)cc3)o2)[nH]c2ccccc2c1=O,Cc1c(-c2ccc(-c3ccc(OC(F)(F)F)cc3)o2)[nH]c2ccccc2c1=O,0.30972539881865185,0.17913825581043816,0.0,0.0,0.0,0.17913825581043816,single,ok,single_mode
single_target_b1_a6000_post,2026-02-21T00:23:59,50,10,COc1cc(O)c2c(-c3cc(Br)c(O)c(Br)c3)c3cc(Br)c(O)cc3nc2c1Br,COc1cc(O)c2c(-c3cc(Br)c(O)c(Br)c3)c3cc(Br)c(O)cc3nc2c1Br,0.5354629755020142,0.5704540259640861,0.0,0.0,0.0,0.5704540259640861,single,ok,single_mode
single_target_b1_a6000_post,2026-02-21T00:23:59,50,11,COc1ccc(N(C)c2ncc(C(=O)Nc3ccccc3)s2)cc1,COc1ccc(N(C)c2ncc(C(=O)Nc3ccccc3)s2)cc1,0.39811580379803974,0.30681040382913644,0.0,0.0,0.0,0.30681040382913644,single,ok,single_mode
single_target_b1_a6000_post,2026-02-21T00:23:59,50,12,Cc1ccccc1C1CC(c2ccccc2)c2[nH]nnc2N1,Cc1ccccc1C1CC(c2ccccc2)c2[nH]nnc2N1,0.28035300970077515,0.14714438849736697,0.0,0.0,0.0,0.14714438849736697,single,ok,single_mode
single_target_b1_a6000_post,2026-02-21T00:23:59,50,13,N=c1sc(=Nc2ccccc2)[nH]c2ccccc12,N=c1sc(=Nc2ccccc2)[nH]c2ccccc12,0.3719862699508667,0.2642276269134751,0.0,0.0,0.0,0.2642276269134751,single,ok,single_mode
single_target_b1_a6000_post,2026-02-21T00:23:59,50,14,O=C(c1cc2n(n1)CCNC2)N1CCCC2c3cc(F)ccc3OCC21,O=C(c1cc2n(n1)CCNC2)N1CCCC2c3cc(F)ccc3OCC21,0.19065628697474798,0.07764738641359761,0.0,0.0,0.0,0.07764738641359761,single,ok,single_mode
single_target_b1_a6000_post,2026-02-21T00:23:59,50,15,C=CCn1c(=O)n(CN(C)S(=O)(=O)c2cc(C)ccc2OC)c2ccccc21,C=CCn1c(=O)n(CN(C)S(=O)(=O)c2cc(C)ccc2OC)c2ccccc21,0.16892755528291067,0.06607661167417081,0.0,0.0,0.0,0.06607661167417081,single,ok,single_mode
single_target_b1_a6000_post,2026-02-21T00:30:06,51,0,CCCCCCCc1ccc(NCc2ccc(C(=O)O)cc2)cc1,CCCCCCCc1ccc(NCc2ccc(C(=O)O)cc2)cc1,0.5183224479357401,0.5365794251494247,0.0,0.0,0.0,0.5365794251494247,single,ok,single_mode
single_target_b1_a6000_post,2026-02-21T00:30:06,51,1,CCCCNC(=O)COC(=O)c1ccc(=NCCc2ccccc2)[nH]c1,CCCCNC(=O)COC(=O)c1ccc(=NCCc2ccccc2)[nH]c1,0.3266867498556773,0.19996613974443153,0.0,0.0,0.0,0.19996613974443153,single,ok,single_mode
single_target_b1_a6000_post,2026-02-21T00:30:06,51,2,Cc1nc(CSc2nc(=Nc3ccc(F)cc3)c3c([nH]2)OC(=N)C(C#N)C3c2ccccc2)cs1,Cc1nc(CSc2nc(=Nc3ccc(F)cc3)c3c([nH]2)OC(=N)C(C#N)C3c2ccccc2)cs1,0.33970844248930615,0.21715344884365018,0.0,0.0,0.0,0.21715344884365018,single,ok,single_mode
single_target_b1_a6000_post,2026-02-21T00:30:06,51,3,S=C(NCc1ccc(Cl)cc1)Nc1cccnc1,S=C(NCc1ccc(Cl)cc1)Nc1cccnc1,0.3136538863182068,0.18380634636710766,0.0,0.0,0.0,0.18380634636710766,single,ok,single_mode
single_target_b1_a6000_post,2026-02-21T00:30:06,51,4,CCCSc1cc(=O)c2cc(OC)ccc2o1,CCCSc1cc(=O)c2cc(OC)ccc2o1,0.3120967745780945,0.18194489946198691,0.0,0.0,0.0,0.18194489946198691,single,ok,single_mode
single_target_b1_a6000_post,2026-02-21T00:30:06,51,5,CC(=O)NCCc1cc(CCCc2ccccc2Br)c[n+]2c1[S+]([O-])CCC2,CC(=O)NCCc1cc(CCCc2ccccc2Br)c[n+]2c1[S+]([O-])CCC2,0.18866808712482452,0.07651588000340773,0.0,0.0,0.0,0.07651588000340773,single,ok,single_mode
single_target_b1_a6000_post,2026-02-21T00:30:06,51,6,CC1(C)CSC(c2ccco2)N1,CC1(C)CSC(c2ccco2)N1,0.19913393755753836,0.0826458872940396,0.0,0.0,0.0,0.0826458872940396,single,ok,single_mode
single_target_b1_a6000_post,2026-02-21T00:30:06,51,7,O=C1CC(c2cccnc2)Oc2ccc(F)cc21,O=C1CC(c2cccnc2)Oc2ccc(F)cc21,0.3215974072615306,0.1935320942359458,0.0,0.0,0.0,0.1935320942359458,single,ok,single_mode
single_target_b1_a6000_post,2026-02-21T00:30:06,51,8,c1cc2c3c(c1)ccc1ccc4cccc-2c4c13,c1cc2c3c(c1)ccc1ccc4cccc-2c4c13,0.5083199044068655,0.5166336684884505,0.0,0.0,0.0,0.5166336684884505,single,ok,single_mode
single_target_b1_a6000_post,2026-02-21T00:30:06,51,9,COc1ccc(C2=NCCN2c2ccccc2)cc1OC,COc1ccc(C2=NCCN2c2ccccc2)cc1OC,0.2068677544593811,0.08745939422256237,0.0,0.0,0.0,0.08745939422256237,single,ok,single_mode
single_target_b1_a6000_post,2026-02-21T00:30:06,51,10,C#CCn1c(=Nc2cccc3[nH]ncc23)ncc2c(N3OC4CCCC3C4)nc(N3CCNCC3)nc21,C#CCn1c(=Nc2cccc3[nH]ncc23)ncc2c(N3OC4CCCC3C4)nc(N3CCNCC3)nc21,0.19325701892375946,0.07915062110174856,0.0,0.0,0.0,0.07915062110174856,single,ok,single_mode
single_target_b1_a6000_post,2026-02-21T00:30:06,51,11,OCCCCCCOc1ccccn1,OCCCCCCOc1ccccn1,0.12973440190156302,0.049166578832690044,0.0,0.0,0.0,0.049166578832690044,single,ok,single_mode
single_target_b1_a6000_post,2026-02-21T00:30:06,51,12,Clc1cc(Cl)cc(C2CC3CCC2N3)c1,Clc1cc(Cl)cc(C2CC3CCC2N3)c1,0.12420533721645673,0.04713949640974987,0.0,0.0,0.0,0.04713949640974987,single,ok,single_mode
single_target_b1_a6000_post,2026-02-21T00:30:06,51,13,Cn1c(N2CCOC(c3ccc(C4=CCCCC4)cc3)C2)nc(-c2ccncc2F)cc1=O,Cn1c(N2CCOC(c3ccc(C4=CCCCC4)cc3)C2)nc(-c2ccncc2F)cc1=O,0.23655731976032257,0.10836599090681617,0.0,0.0,0.0,0.10836599090681617,single,ok,single_mode
single_target_b1_a6000_post,2026-02-21T00:30:06,51,14,Cc1cc(-c2cc(N3CCOCC3C)nc(N3CCC(F)C3)n2)on1,Cc1cc(-c2cc(N3CCOCC3C)nc(N3CCC(F)C3)n2)on1,0.212890033920606,0.09138171044266559,0.0,0.0,0.0,0.09138171044266559,single,ok,single_mode
single_target_b1_a6000_post,2026-02-21T00:30:06,51,15,CC=Cc1nccc2c3ccccc3n(CCN)c12,CC=Cc1nccc2c3ccccc3n(CCN)c12,0.34270788232485455,0.22126031133968743,0.0,0.0,0.0,0.22126031133968743,single,ok,single_mode
single_target_b1_a6000_post,2026-02-21T00:35:50,52,0,CCCc1nc(CN(C)CC2CCCN(Cc3ccco3)C2)cn1C,CCCc1nc(CN(C)CC2CCCN(Cc3ccco3)C2)cn1C,0.22597904254992804,0.10045604409535215,0.0,0.0,0.0,0.10045604409535215,single,ok,single_mode
single_target_b1_a6000_post,2026-02-21T00:35:50,52,1,COc1ccc(OCC(=O)NNC(=O)c2ccccc2-n2ccnc2)cc1,COc1ccc(OCC(=O)NNC(=O)c2ccccc2-n2ccnc2)cc1,0.14495897789796194,0.05518342473175193,0.0,0.0,0.0,0.05518342473175193,single,ok,single_mode
single_target_b1_a6000_post,2026-02-21T00:35:50,52,2,CN1CCc2cc(Cl)c(O)cc2C1CCc1ccc(O)cc1,CN1CCc2cc(Cl)c(O)cc2C1CCc1ccc(O)cc1,0.13284960389137268,0.05034482226546666,0.0,0.0,0.0,0.05034482226546666,single,ok,single_mode
single_target_b1_a6000_post,2026-02-21T00:35:50,52,3,CC(C)(C)c1nc(-c2ccc(Cl)cc2)c(N)s1,CC(C)(C)c1nc(-c2ccc(Cl)cc2)c(N)s1,0.360291729370753,0.24644444253930473,0.0,0.0,0.0,0.24644444253930473,single,ok,single_mode
single_target_b1_a6000_post,2026-02-21T00:35:50,52,4,CCN1CCN(c2oc3c(c2S(=O)(=O)c2ccccc2)CCN(Cc2ccccc2)C3=O)CC1,CCN1CCN(c2oc3c(c2S(=O)(=O)c2ccccc2)CCN(Cc2ccccc2)C3=O)CC1,0.18297161161899567,0.07335722691577173,0.0,0.0,0.0,0.07335722691577173,single,ok,single_mode
single_target_b1_a6000_post,2026-02-21T00:35:50,52,5,CC1CN(C)CCN1c1ccc2[nH]nc(S(=O)(=O)c3cccc(F)c3)c2c1,CC1CN(C)CCN1c1ccc2[nH]nc(S(=O)(=O)c3cccc(F)c3)c2c1,0.1953255832195282,0.0803652039766141,0.0,0.0,0.0,0.0803652039766141,single,ok,single_mode
single_target_b1_a6000_post,2026-02-21T00:35:50,52,6,CCC(C)CC1C(=O)C(=O)C=C1OC(=O)c1ccccc1,CCC(C)CC1C(=O)C(=O)C=C1OC(=O)c1ccccc1,0.2131706823905309,0.09156830194258914,0.0,0.0,0.0,0.09156830194258914,single,ok,single_mode
single_target_b1_a6000_post,2026-02-21T00:35:50,52,7,CNC(C)C(=O)NC(C(=O)N1CCCC1C(=O)NC(Cc1c[nH]c2ccccc12)C(=O)NC12CC3CC(CC(C3)C1)C2)C1CCCCC1,CNC(C)C(=O)NC(C(=O)N1CCCC1C(=O)NC(Cc1c[nH]c2ccccc12)C(=O)NC12CC3CC(CC(C3)C1)C2)C1CCCCC1,0.15690533816814423,0.06038342226009324,0.0,0.0,0.0,0.06038342226009324,single,ok,single_mode
single_target_b1_a6000_post,2026-02-21T00:35:50,52,8,COC1Oc2ccccc2C2C(CO)N(Cc3ccccc3Cl)C12,COC1Oc2ccccc2C2C(CO)N(Cc3ccccc3Cl)C12,0.19469785441954932,0.07999483863743051,0.0,0.0,0.0,0.07999483863743051,single,ok,single_mode
single_target_b1_a6000_post,2026-02-21T00:35:50,52,9,CN(C)CCCCCCNC1=NC2C=CC=CC2N1,CN(C)CCCCCCNC1=NC2C=CC=CC2N1,0.26926038165887195,0.13635300736300962,0.0,0.0,0.0,0.13635300736300962,single,ok,single_mode
single_target_b1_a6000_post,2026-02-21T00:35:50,52,10,Oc1ccc(CNCc2ccccn2)cc1,Oc1ccc(CNCc2ccccn2)cc1,0.4081856558720271,0.32420477889460864,0.0,0.0,0.0,0.32420477889460864,single,ok,single_mode
single_target_b1_a6000_post,2026-02-21T00:35:50,52,11,CC1CCN(c2nc(=O)c3ccc(=NCCCc4ccccc4)[nH]c3[nH]2)CC1,CC1CCN(c2nc(=O)c3ccc(=NCCCc4ccccc4)[nH]c3[nH]2)CC1,0.284741073846817,0.1516045454293229,0.0,0.0,0.0,0.1516045454293229,single,ok,single_mode
single_target_b1_a6000_post,2026-02-21T00:35:50,52,12,CC(C)(C)C(O)c1cc(C#CC#Cc2ccc(C#N)cc2)co1,CC(C)(C)C(O)c1cc(C#CC#Cc2ccc(C#N)cc2)co1,0.32091909150282544,0.19268654430445897,0.0,0.0,0.0,0.19268654430445897,single,ok,single_mode
single_target_b1_a6000_post,2026-02-21T00:35:50,52,13,Cc1nc(-c2cccc(Br)c2)c(C(=O)NCc2nccs2)o1,Cc1nc(-c2cccc(Br)c2)c(C(=O)NCc2nccs2)o1,0.20401747524738312,0.08565657920119034,0.0,0.0,0.0,0.08565657920119034,single,ok,single_mode
single_target_b1_a6000_post,2026-02-21T00:35:50,52,14,Cc1ccc(NC(=O)NC(C)c2ccc(C#N)c(C)n2)cc1Cl,Cc1ccc(NC(=O)NC(C)c2ccc(C#N)c(C)n2)cc1Cl,0.3920283416906993,0.2965516054637999,0.0,0.0,0.0,0.2965516054637999,single,ok,single_mode
single_target_b1_a6000_post,2026-02-21T00:35:50,52,15,O=C(c1cccs1)N1CCN(c2cccc(Cl)c2)CC1,O=C(c1cccs1)N1CCN(c2cccc(Cl)c2)CC1,0.14446960389614105,0.05497965914737259,0.0,0.0,0.0,0.05497965914737259,single,ok,single_mode
single_target_b1_a6000_post,2026-02-21T00:41:39,53,0,O=C1NC(=C2CCc3c2[nH]c2ccccc32)c2[nH]c3ccc(Cl)cc3c21,O=C1NC(=C2CCc3c2[nH]c2ccccc32)c2[nH]c3ccc(Cl)cc3c21,0.4886610209941864,0.47733757992559706,0.0,0.0,0.0,0.47733757992559706,single,ok,single_mode
single_target_b1_a6000_post,2026-02-21T00:41:39,53,1,CC(=O)NC1(c2ccccc2)CCN(CCCc2ccsc2)CC1,CC(=O)NC1(c2ccccc2)CCN(CCCc2ccsc2)CC1,0.08744172751903534,0.03555520002491014,0.0,0.0,0.0,0.03555520002491014,single,ok,single_mode
single_target_b1_a6000_post,2026-02-21T00:41:39,53,2,CC(=O)c1cc(OC(=O)Nc2ccccc2)cc2c1CC1C3C=C(CCO)CC21CCN3Cc1ccccc1,CC(=O)c1cc(OC(=O)Nc2ccccc2)cc2c1CC1C3C=C(CCO)CC21CCN3Cc1ccccc1,0.2552134469151497,0.12365196522889418,0.0,0.0,0.0,0.12365196522889418,single,ok,single_mode
single_target_b1_a6000_post,2026-02-21T00:41:39,53,3,CCOC(=O)N(OCC)c1nc(OCc2ccccc2)nc(SCc2ccc(C(C)(C)C)cc2)n1,CCOC(=O)N(OCC)c1nc(OCc2ccccc2)nc(SCc2ccc(C(C)(C)C)cc2)n1,0.28751640518506366,0.15448240675245375,0.0,0.0,0.0,0.15448240675245375,single,ok,single_mode
single_target_b1_a6000_post,2026-02-21T00:41:39,53,4,O=C(c1ccc(O)cc1O)N1CCCCc2ccccc21,O=C(c1ccc(O)cc1O)N1CCCCc2ccccc21,0.16711795330047607,0.06518883261062006,0.0,0.0,0.0,0.06518883261062006,single,ok,single_mode
single_target_b1_a6000_post,2026-02-21T00:41:39,53,5,COC(=O)OC12CCC3C4=CCC(=O)CC4CCC3(C)C(CC1)C2(C)C(=O)O,COC(=O)OC12CCC3C4=CCC(=O)CC4CCC3(C)C(CC1)C2(C)C(=O)O,0.15759762624899545,0.0606984166374254,0.0,0.0,0.0,0.0606984166374254,single,ok,single_mode
single_target_b1_a6000_post,2026-02-21T00:41:39,53,6,CC(C)(C)CCC(=O)N=C(NC#N)Nc1ccccc1,CC(C)(C)CCC(=O)N=C(NC#N)Nc1ccccc1,0.20545704662799835,0.0865628662461978,0.0,0.0,0.0,0.0865628662461978,single,ok,single_mode
single_target_b1_a6000_post,2026-02-21T00:41:39,53,7,CS(=O)(=O)N1CCOC(CN2CCc3sccc3C2)(c2ccccc2)C1,CS(=O)(=O)N1CCOC(CN2CCc3sccc3C2)(c2ccccc2)C1,0.09419493128856023,0.03745500202701008,0.0,0.0,0.0,0.03745500202701008,single,ok,single_mode
single_target_b1_a6000_post,2026-02-21T00:41:39,53,8,O=C1CCc2c(cccc2OCCN2CCN(Cc3ccccc3)CC2)N1,O=C1CCc2c(cccc2OCCN2CCN(Cc3ccccc3)CC2)N1,0.09866156429052353,0.038764763484736425,0.0,0.0,0.0,0.038764763484736425,single,ok,single_mode
single_target_b1_a6000_post,2026-02-21T00:41:39,53,9,COc1ccccc1N(CC(=O)NCc1ccccc1)S(=O)(=O)c1ccccc1,COc1ccccc1N(CC(=O)NCc1ccccc1)S(=O)(=O)c1ccccc1,0.16823351134856543,0.06573479773580546,0.0,0.0,0.0,0.06573479773580546,single,ok,single_mode
single_target_b1_a6000_post,2026-02-21T00:41:39,53,10,O=C1c2ccc3c4c(ccc(c24)C(=O)N1CCCN1CCCCC1)C(=O)N(CCN1CCC(O)CC1)C3=O,O=C1c2ccc3c4c(ccc(c24)C(=O)N1CCCN1CCCCC1)C(=O)N(CCN1CCC(O)CC1)C3=O,0.4244723816712697,0.3533786024837165,0.0,0.0,0.0,0.3533786024837165,single,ok,single_mode
single_target_b1_a6000_post,2026-02-21T00:41:39,53,11,CCOc1ccc(C=NNC(=O)c2s[n+](C)c3ccccc23)c(O)c1,CCOc1ccc(C=NNC(=O)c2s[n+](C)c3ccccc23)c(O)c1,0.36041077971458435,0.2466213555622583,0.0,0.0,0.0,0.2466213555622583,single,ok,single_mode
single_target_b1_a6000_post,2026-02-21T00:41:39,53,12,CN1CCN(c2cc(Oc3ccc4c(c3)NC(=O)CC4)ccn2)CC1,CN1CCN(c2cc(Oc3ccc4c(c3)NC(=O)CC4)ccn2)CC1,0.25892514487107593,0.12690574834598284,0.0,0.0,0.0,0.12690574834598284,single,ok,single_mode
single_target_b1_a6000_post,2026-02-21T00:41:39,53,13,COC(=O)c1c(-c2ccccc2)c2ccccc2c(=S)n1C,COC(=O)c1c(-c2ccccc2)c2ccccc2c(=S)n1C,0.2312058061361313,0.1042981897445002,0.0,0.0,0.0,0.1042981897445002,single,ok,single_mode
single_target_b1_a6000_post,2026-02-21T00:41:39,53,14,Cc1ccccc1CNCc1ccc(C(=O)O)cc1,Cc1ccccc1CNCc1ccc(C(=O)O)cc1,0.29391759634017944,0.16129024091588168,0.0,0.0,0.0,0.16129024091588168,single,ok,single_mode
single_target_b1_a6000_post,2026-02-21T00:41:39,53,15,COc1ccccc1N1CCN(CCC(OC(N)=O)c2ccccc2)CC1,COc1ccccc1N1CCN(CCC(OC(N)=O)c2ccccc2)CC1,0.5242863396803538,0.5484204569255354,0.0,0.0,0.0,0.5484204569255354,single,ok,single_mode
single_target_b1_a6000_post,2026-02-21T00:48:26,54,0,CCOC(=O)N1CCN(C(=O)c2cc3cc(S(=O)(=O)N4CCCCC4)ccc3oc2=N)CC1,CCOC(=O)N1CCN(C(=O)c2cc3cc(S(=O)(=O)N4CCCCC4)ccc3oc2=N)CC1,0.18436087667942047,0.07411631133107748,0.0,0.0,0.0,0.07411631133107748,single,ok,single_mode
single_target_b1_a6000_post,2026-02-21T00:48:26,54,1,COC(=O)c1ccc2ncc3c(=O)n(-c4cc(C)cc(C)c4)c(=O)[nH]c3c2c1,COC(=O)c1ccc2ncc3c(=O)n(-c4cc(C)cc(C)c4)c(=O)[nH]c3c2c1,0.29317059616247815,0.16048346855886914,0.0,0.0,0.0,0.16048346855886914,single,ok,single_mode
single_target_b1_a6000_post,2026-02-21T00:48:26,54,2,COc1ccc2nc(C)cc(N(C)CCc3ccc(OC)c(C(N)=O)n3)c2c1,COc1ccc2nc(C)cc(N(C)CCc3ccc(OC)c(C(N)=O)n3)c2c1,0.288240189353625,0.15524023233849263,0.0,0.0,0.0,0.15524023233849263,single,ok,single_mode
single_target_b1_a6000_post,2026-02-21T00:48:26,54,3,COc1cc(OC)c2c(=O)c3cc(OCC(=O)NCC4CCCCO4)ccc3oc2c1CC=C(C)C,COc1cc(OC)c2c(=O)c3cc(OCC(=O)NCC4CCCCO4)ccc3oc2c1CC=C(C)C,0.31327880422274273,0.18335661016022264,0.0,0.0,0.0,0.18335661016022264,single,ok,single_mode
single_target_b1_a6000_post,2026-02-21T00:48:26,54,4,Cc1cn(S(C)(=O)=O)c2ccc(C(=O)N3CCN(CCO)CC3)cc12,Cc1cn(S(C)(=O)=O)c2ccc(C(=O)N3CCN(CCO)CC3)cc12,0.1353712926308314,0.05131811811383786,0.0,0.0,0.0,0.05131811811383786,single,ok,single_mode
single_target_b1_a6000_post,2026-02-21T00:48:26,54,5,Cc1cnn(CC(O)COc2ccccc2-c2ccc([N+](=O)[O-])cc2)c1,Cc1cnn(CC(O)COc2ccccc2-c2ccc([N+](=O)[O-])cc2)c1,0.17889940241972604,0.07117327673080007,0.0,0.0,0.0,0.07117327673080007,single,ok,single_mode
single_target_b1_a6000_post,2026-02-21T00:48:26,54,6,c1ccc2c(c1)CCNC2c1ccc2c(c1)OCO2,c1ccc2c(c1)CCNC2c1ccc2c(c1)OCO2,0.2709488868713379,0.13795155404285486,0.0,0.0,0.0,0.13795155404285486,single,ok,single_mode
single_target_b1_a6000_post,2026-02-21T00:48:26,54,7,CCOC(=O)c1ccc(NC(=O)N=c2ccc(C(N)=O)c[nH]2)cc1,CCOC(=O)c1ccc(NC(=O)N=c2ccc(C(N)=O)c[nH]2)cc1,0.3716409107049306,0.2636908427580196,0.0,0.0,0.0,0.2636908427580196,single,ok,single_mode
single_target_b1_a6000_post,2026-02-21T00:48:26,54,8,O=C(C=Cc1ccc(Br)o1)c1ccc(-n2cccc2)cc1,O=C(C=Cc1ccc(Br)o1)c1ccc(-n2cccc2)cc1,0.44961024324099225,0.40056342494890146,0.0,0.0,0.0,0.40056342494890146,single,ok,single_mode
single_target_b1_a6000_post,2026-02-21T00:48:26,54,9,Nc1ccc2ccc(=NC(=S)NCCN3CCCCC3)[nH]c2c1,Nc1ccc2ccc(=NC(=S)NCCN3CCCCC3)[nH]c2c1,0.2507200787464778,0.1198090792260431,0.0,0.0,0.0,0.1198090792260431,single,ok,single_mode
single_target_b1_a6000_post,2026-02-21T00:48:26,54,10,CCOC(=O)CC(NC(=O)c1ccc(NC(=O)C(CC)CC)c(OCC(C)C)c1)C(=O)OCC,CCOC(=O)CC(NC(=O)c1ccc(NC(=O)C(CC)CC)c(OCC(C)C)c1)C(=O)OCC,0.27028519411881763,0.13732135133267084,0.0,0.0,0.0,0.13732135133267084,single,ok,single_mode
single_target_b1_a6000_post,2026-02-21T00:48:26,54,11,CCOc1c(OC)cccc1C(O)CNC,CCOc1c(OC)cccc1C(O)CNC,0.10502088318268459,0.04070557674876715,0.0,0.0,0.0,0.04070557674876715,single,ok,single_mode
single_target_b1_a6000_post,2026-02-21T00:48:26,54,12,CC(N=c1[nH]c(N2CCN(C)CC2)cc(=NC2CC2)[nH]1)c1ccc(Cl)c(NC(=O)c2ccc(NS(C)(=O)=O)cc2)c1,CC(N=c1[nH]c(N2CCN(C)CC2)cc(=NC2CC2)[nH]1)c1ccc(Cl)c(NC(=O)c2ccc(NS(C)(=O)=O)cc2)c1,0.17373114824295044,0.06848798155679771,0.0,0.0,0.0,0.06848798155679771,single,ok,single_mode
single_target_b1_a6000_post,2026-02-21T00:48:26,54,13,CC(C)CC(N=c1[nH]c(N2CCc3ccccc3C2)nc(=NCCc2ccc(S(N)(=O)=O)cc2)[nH]1)C(=O)NCCOc1ccccc1,CC(C)CC(N=c1[nH]c(N2CCc3ccccc3C2)nc(=NCCc2ccc(S(N)(=O)=O)cc2)[nH]1)C(=O)NCCOc1ccccc1,0.4090441366036733,0.32571130969099016,0.0,0.0,0.0,0.32571130969099016,single,ok,single_mode
single_target_b1_a6000_post,2026-02-21T00:48:26,54,14,O=[N+]([O-])c1ccc2nc(-c3ccoc3)n(CC3COc4ccccc4O3)c2c1,O=[N+]([O-])c1ccc2nc(-c3ccoc3)n(CC3COc4ccccc4O3)c2c1,0.36603251099586487,0.25507234185434396,0.0,0.0,0.0,0.25507234185434396,single,ok,single_mode
single_target_b1_a6000_post,2026-02-21T00:48:26,54,15,CCSc1ccc(-c2ccc(-c3nc4ccc(C)cn4c3NC3CCCCC3)s2)c2oc3ccccc3c12,CCSc1ccc(-c2ccc(-c3nc4ccc(C)cn4c3NC3CCCCC3)s2)c2oc3ccccc3c12,0.250662125647068,0.11976019635368175,0.0,0.0,0.0,0.11976019635368175,single,ok,single_mode
single_target_b1_a6000_post,2026-02-21T00:54:55,55,0,CCCC1CN(Cc2ccc(-c3ccc(F)c(Cl)c3)cc2)CC1N(C)C,CCCC1CN(Cc2ccc(-c3ccc(F)c(Cl)c3)cc2)CC1N(C)C,0.2169296791156133,0.0941007084759155,0.0,0.0,0.0,0.0941007084759155,single,ok,single_mode
single_target_b1_a6000_post,2026-02-21T00:54:55,55,1,COc1cccc2cc(CN3C(=O)C(=NOCCS(C)(=O)=O)c4ccccc43)n(CCCC(F)(F)F)c12,COc1cccc2cc(CN3C(=O)C(=NOCCS(C)(=O)=O)c4ccccc43)n(CCCC(F)(F)F)c12,0.19833505153656006,0.08216263411276448,0.0,0.0,0.0,0.08216263411276448,single,ok,single_mode
single_target_b1_a6000_post,2026-02-21T00:54:55,55,2,COc1cc(C(=O)N2CCCC2)c(F)cc1N=c1nc(OC)c(C2CC2)c[nH]1,COc1cc(C(=O)N2CCCC2)c(F)cc1N=c1nc(OC)c(C2CC2)c[nH]1,0.14836601788798967,0.05662187134826162,0.0,0.0,0.0,0.05662187134826162,single,ok,single_mode
single_target_b1_a6000_post,2026-02-21T00:54:55,55,3,O=C(Cc1ccccc1)Nc1ccc2[nH]c(=NC(=O)c3ccnc(N4CCOCC4)c3)sc2c1,O=C(Cc1ccccc1)Nc1ccc2[nH]c(=NC(=O)c3ccnc(N4CCOCC4)c3)sc2c1,0.22020885099967322,0.09636093007029393,0.0,0.0,0.0,0.09636093007029393,single,ok,single_mode
single_target_b1_a6000_post,2026-02-21T00:54:55,55,4,Cc1nc(-c2ccccc2)n(-c2nc(N3CCOCC3)[nH]c(=NC3CCCC3)n2)n1,Cc1nc(-c2ccccc2)n(-c2nc(N3CCOCC3)[nH]c(=NC3CCCC3)n2)n1,0.287150502204895,0.15410044641106907,0.0,0.0,0.0,0.15410044641106907,single,ok,single_mode
single_target_b1_a6000_post,2026-02-21T00:54:55,55,5,CC(O)(CSc1cccs1)C(=O)Nc1ccc2c(c1)CCC2,CC(O)(CSc1cccs1)C(=O)Nc1ccc2c(c1)CCC2,0.15661023805538812,0.060249615807501954,0.0,0.0,0.0,0.060249615807501954,single,ok,single_mode
single_target_b1_a6000_post,2026-02-21T00:54:55,55,6,COC(=O)c1sc2ccccc2c1NC(=O)Nc1ccccc1C,COC(=O)c1sc2ccccc2c1NC(=O)Nc1ccccc1C,0.30303096771240234,0.17139790734077234,0.0,0.0,0.0,0.17139790734077234,single,ok,single_mode
single_target_b1_a6000_post,2026-02-21T00:54:55,55,7,CNC(=O)c1cccc(C(=O)NC(Cc2ccccc2)C(O)CNCc2ccc(OS(=O)(=O)c3cccc(OC)c3)nc2)c1,CNC(=O)c1cccc(C(=O)NC(Cc2ccccc2)C(O)CNCc2ccc(OS(=O)(=O)c3cccc(OC)c3)nc2)c1,0.19182723263899484,0.07832093514698159,0.0,0.0,0.0,0.07832093514698159,single,ok,single_mode
single_target_b1_a6000_post,2026-02-21T00:54:55,55,8,CCCCOC(=O)C(N)=Cc1cccc[n+]1COC(=O)C1CSC2C(C(C)O)C(=O)N12,CCCCOC(=O)C(N)=Cc1cccc[n+]1COC(=O)C1CSC2C(C(C)O)C(=O)N12,0.15535137057304382,0.05968192216784418,0.0,0.0,0.0,0.05968192216784418,single,ok,single_mode
single_target_b1_a6000_post,2026-02-21T00:54:55,55,9,O=C1c2nc(-c3ccccc3)nc(Cl)c2CN1CCN1CCOc2ccccc2C1,O=C1c2nc(-c3ccccc3)nc(Cl)c2CN1CCN1CCOc2ccccc2C1,0.3350047469139099,0.21082461164931457,0.0,0.0,0.0,0.21082461164931457,single,ok,single_mode
single_target_b1_a6000_post,2026-02-21T00:54:55,55,10,O=C(O)c1ccc(-n2c(C(=O)O)nc3cnc4ccc(Cl)cc4c32)cc1,O=C(O)c1ccc(-n2c(C(=O)O)nc3cnc4ccc(Cl)cc4c32)cc1,0.22160432239373526,0.09733741105179394,0.0,0.0,0.0,0.09733741105179394,single,ok,single_mode
single_target_b1_a6000_post,2026-02-21T00:54:55,55,11,C=CCCCCCCCCC=CCCC(=O)Nc1cccc2ccccc12,C=CCCCCCCCCC=CCCC(=O)Nc1cccc2ccccc12,0.3191067576408386,0.1904411974612657,0.0,0.0,0.0,0.1904411974612657,single,ok,single_mode
single_target_b1_a6000_post,2026-02-21T00:54:55,55,12,COc1cc(N(CC2CC2)c2ccc3ncc(-c4cccn5cccc45)nc3c2)cc(OC)c1OC,COc1cc(N(CC2CC2)c2ccc3ncc(-c4cccn5cccc45)nc3c2)cc(OC)c1OC,0.22780382881561914,0.10178292884318918,0.0,0.0,0.0,0.10178292884318918,single,ok,single_mode
single_target_b1_a6000_post,2026-02-21T00:54:55,55,13,O=C(NCc1cccc(F)c1)c1cc(-c2cccs2)nc2c(Cl)cc(Cl)cc12,O=C(NCc1cccc(F)c1)c1cc(-c2cccs2)nc2c(Cl)cc(Cl)cc12,0.25270458807547885,0.12149341971259857,0.0,0.0,0.0,0.12149341971259857,single,ok,single_mode
single_target_b1_a6000_post,2026-02-21T00:54:55,55,14,O=CC=Cc1ccc2c(c1)OC(CO)C(c1cc(O)c(O)c(O)c1)O2,O=CC=Cc1ccc2c(c1)OC(CO)C(c1cc(O)c(O)c(O)c1)O2,0.3173591196537018,0.1882950074816382,0.0,0.0,0.0,0.1882950074816382,single,ok,single_mode
single_target_b1_a6000_post,2026-02-21T00:54:55,55,15,Cc1nc(-c2ccccc2)c2c3c(sc2n1)CC(C)CC3,Cc1nc(-c2ccccc2)c2c3c(sc2n1)CC(C)CC3,0.34135156869888306,0.21939637890810312,0.0,0.0,0.0,0.21939637890810312,single,ok,single_mode
single_target_b1_a6000_post,2026-02-21T01:01:29,56,0,CNC(=O)Nc1ccc(OCCCNCC(O)c2cccc(Cl)c2)cc1,CNC(=O)Nc1ccc(OCCCNCC(O)c2cccc(Cl)c2)cc1,0.13011149813731512,0.049307802456557144,0.0,0.0,0.0,0.049307802456557144,single,ok,single_mode
single_target_b1_a6000_post,2026-02-21T01:01:29,56,1,CCOC(=O)COCC(=O)N1CCN(c2nc3ccc(Br)cc3s2)CC1,CCOC(=O)COCC(=O)N1CCN(c2nc3ccc(Br)cc3s2)CC1,0.25400668382644653,0.12260962087023461,0.0,0.0,0.0,0.12260962087023461,single,ok,single_mode
single_target_b1_a6000_post,2026-02-21T01:01:29,56,2,O=C(c1nc2ccccc2[nH]1)N1CC(c2nccnc2OC(F)F)C1,O=C(c1nc2ccccc2[nH]1)N1CC(c2nccnc2OC(F)F)C1,0.33107420802116394,0.20564054820689415,0.0,0.0,0.0,0.20564054820689415,single,ok,single_mode
single_target_b1_a6000_post,2026-02-21T01:01:29,56,3,O=C(C=C1CCCc2ccccc21)C(F)(F)F,O=C(C=C1CCCc2ccccc21)C(F)(F)F,0.3696214556694031,0.2605660936385985,0.0,0.0,0.0,0.2605660936385985,single,ok,single_mode
single_target_b1_a6000_post,2026-02-21T01:01:29,56,4,N=C(N)c1ccc(C(=O)NCCC(=O)NC(Cc2ccccc2)C(=O)O)cc1,N=C(N)c1ccc(C(=O)NCCC(=O)NC(Cc2ccccc2)C(=O)O)cc1,0.1869935393333435,0.07557462948753929,0.0,0.0,0.0,0.07557462948753929,single,ok,single_mode
single_target_b1_a6000_post,2026-02-21T01:01:29,56,5,CC(c1ccc(Cl)cc1)c1nc(-c2ccccc2)nc(=NCO)[nH]1,CC(c1ccc(Cl)cc1)c1nc(-c2ccccc2)nc(=NCO)[nH]1,0.3632264832655589,0.25083044617467826,0.0,0.0,0.0,0.25083044617467826,single,ok,single_mode
single_target_b1_a6000_post,2026-02-21T01:01:29,56,6,Cn1c(-c2ccc(C(F)(F)F)cc2)ccc1-c1ccccc1C(F)(F)F,Cn1c(-c2ccc(C(F)(F)F)cc2)ccc1-c1ccccc1C(F)(F)F,0.19487797965606055,0.08010095433497574,0.0,0.0,0.0,0.08010095433497574,single,ok,single_mode
single_target_b1_a6000_post,2026-02-21T01:01:29,56,7,Clc1ccc2c(c1)cc(Br)n2CCCCCNCCCc1ccccc1,Clc1ccc2c(c1)cc(Br)n2CCCCCNCCCc1ccccc1,0.4242038428783417,0.3528878636831571,0.0,0.0,0.0,0.3528878636831571,single,ok,single_mode
single_target_b1_a6000_post,2026-02-21T01:01:29,56,8,COc1ccc2oc(-c3ccccc3)cc(=O)c2c1OCc1cn(Cc2ccc([N+](=O)[O-])cc2)nn1,COc1ccc2oc(-c3ccccc3)cc(=O)c2c1OCc1cn(Cc2ccc([N+](=O)[O-])cc2)nn1,0.21503922839959463,0.09281937522668038,0.0,0.0,0.0,0.09281937522668038,single,ok,single_mode
single_target_b1_a6000_post,2026-02-21T01:01:29,56,9,O=C1Nc2ccccc2C1=Cc1ccc(C(=O)O)cc1,O=C1Nc2ccccc2C1=Cc1ccc(C(=O)O)cc1,0.34510982036590576,0.22458894934747117,0.0,0.0,0.0,0.22458894934747117,single,ok,single_mode
single_target_b1_a6000_post,2026-02-21T01:01:29,56,10,NC(=O)C1CN(C(=O)NCc2nc3ccccc3s2)c2ccccc2O1,NC(=O)C1CN(C(=O)NCc2nc3ccccc3s2)c2ccccc2O1,0.19820842643578848,0.08208627408854324,0.0,0.0,0.0,0.08208627408854324,single,ok,single_mode
single_target_b1_a6000_post,2026-02-21T01:01:29,56,11,Nc1cccc(-n2cc(-c3ccncc3)c(-c3ccccc3)n2)c1,Nc1cccc(-n2cc(-c3ccncc3)c(-c3ccccc3)n2)c1,0.2924232482910156,0.1596795901324596,0.0,0.0,0.0,0.1596795901324596,single,ok,single_mode
single_target_b1_a6000_post,2026-02-21T01:01:29,56,12,Cn1c(=O)c2c(C(F)(F)F)cc(-c3ccccc3N)nc2n(C)c1=O,Cn1c(=O)c2c(C(F)(F)F)cc(-c3ccccc3N)nc2n(C)c1=O,0.27901511391003925,0.14580628328842796,0.0,0.0,0.0,0.14580628328842796,single,ok,single_mode
single_target_b1_a6000_post,2026-02-21T01:01:29,56,13,Cn1c(Oc2ccccc2)nc2c1c(=O)n(CCCCn1ccnc1)c(=O)n2C,Cn1c(Oc2ccccc2)nc2c1c(=O)n(CCCCn1ccnc1)c(=O)n2C,0.17501608033974966,0.06914670002878688,0.0,0.0,0.0,0.06914670002878688,single,ok,single_mode
single_target_b1_a6000_post,2026-02-21T01:01:29,56,14,O=c1oc2ccc(CCO)cc2cc1-c1cccc(C(F)(F)F)c1,O=c1oc2ccc(CCO)cc2cc1-c1cccc(C(F)(F)F)c1,0.2277972251176834,0.10177809909710907,0.0,0.0,0.0,0.10177809909710907,single,ok,single_mode
single_target_b1_a6000_post,2026-02-21T01:01:29,56,15,Cc1nc2ccccc2n(CC(=O)Nc2ccc(Cl)cc2F)c1=O,Cc1nc2ccccc2n(CC(=O)Nc2ccc(Cl)cc2F)c1=O,0.2519020388523738,0.12080981692123428,0.0,0.0,0.0,0.12080981692123428,single,ok,single_mode
single_target_b1_a6000_post,2026-02-21T01:07:41,57,0,Cc1cccc(C(=O)NCC2CN(c3ncccn3)CCO2)n1,Cc1cccc(C(=O)NCC2CN(c3ncccn3)CCO2)n1,0.1619241088628769,0.06270204665246838,0.0,0.0,0.0,0.06270204665246838,single,ok,single_mode
single_target_b1_a6000_post,2026-02-21T01:07:41,57,1,COc1ccc(-c2csc(=NN=C(C)c3ccc(NC(=O)C(=O)O)cc3)n2-c2ccccc2)cc1,COc1ccc(-c2csc(=NN=C(C)c3ccc(NC(=O)C(=O)O)cc3)n2-c2ccccc2)cc1,0.35126333435376483,0.2332780150228541,0.0,0.0,0.0,0.2332780150228541,single,ok,single_mode
single_target_b1_a6000_post,2026-02-21T01:07:41,57,2,CC(N)=NCCCN(N)C(N)=NC(=N)N,CC(N)=NCCCN(N)C(N)=NC(=N)N,0.03457728149078321,0.023582582934778575,0.0,0.0,0.0,0.023582582934778575,single,ok,single_mode
single_target_b1_a6000_post,2026-02-21T01:07:41,57,3,O=C(O)c1nc2c(=NC(CN3CCCCC3)c3ccc(Cl)c(Cl)c3)[nH]c3ccccc3n2n1,O=C(O)c1nc2c(=NC(CN3CCCCC3)c3ccc(Cl)c(Cl)c3)[nH]c3ccccc3n2n1,0.2024721677104632,0.08469330358440598,0.0,0.0,0.0,0.08469330358440598,single,ok,single_mode
single_target_b1_a6000_post,2026-02-21T01:07:41,57,4,COc1cccc2c1[nH]c(=Nc1ccc(C(=O)N3CCN(C(=O)c4ccco4)CC3)cc1)c1nncn12,COc1cccc2c1[nH]c(=Nc1ccc(C(=O)N3CCN(C(=O)c4ccco4)CC3)cc1)c1nncn12,0.22246944904327393,0.097947207891058,0.0,0.0,0.0,0.097947207891058,single,ok,single_mode
single_target_b1_a6000_post,2026-02-21T01:07:41,57,5,Cc1cnc(=NS(=O)(=O)c2cc(Br)ccc2Br)[nH]c1,Cc1cnc(=NS(=O)(=O)c2cc(Br)ccc2Br)[nH]c1,0.2366605450709661,0.10844580806690923,0.0,0.0,0.0,0.10844580806690923,single,ok,single_mode
single_target_b1_a6000_post,2026-02-21T01:07:41,57,6,O=C(Cc1ccccc1)Nc1cc(=S)oc2cc3c(cc12)OCO3,O=C(Cc1ccccc1)Nc1cc(=S)oc2cc3c(cc12)OCO3,0.21388216316699982,0.09204287187120017,0.0,0.0,0.0,0.09204287187120017,single,ok,single_mode
single_target_b1_a6000_post,2026-02-21T01:07:41,57,7,Cn1cc(C(=O)Nc2cccnc2)c2ccccc2c1=O,Cn1cc(C(=O)Nc2cccnc2)c2ccccc2c1=O,0.2557637045780818,0.12412977290155601,0.0,0.0,0.0,0.12412977290155601,single,ok,single_mode
single_target_b1_a6000_post,2026-02-21T01:07:41,57,8,CN(C)CCCNc1c2cccnc2c(-c2ccccc2Cl)c2nn(CCCN=[N+]=[N-])c(O)c12,CN(C)CCCNc1c2cccnc2c(-c2ccccc2Cl)c2nn(CCCN=[N+]=[N-])c(O)c12,0.5606832504272461,0.619037758486456,0.0,0.0,0.0,0.619037758486456,single,ok,single_mode
single_target_b1_a6000_post,2026-02-21T01:07:41,57,9,O=c1oc2ccccc2c2c1cnn2-c1ccc(Cl)cc1,O=c1oc2ccccc2c2c1cnn2-c1ccc(Cl)cc1,0.34441221753756207,0.22361855008723616,0.0,0.0,0.0,0.22361855008723616,single,ok,single_mode
single_target_b1_a6000_post,2026-02-21T01:07:41,57,10,CC(=O)N1CCN(c2ccc(S(C)(=O)=O)cc2F)CC1,CC(=O)N1CCN(c2ccc(S(C)(=O)=O)cc2F)CC1,0.08203120591739814,0.03410041409651727,0.0,0.0,0.0,0.03410041409651727,single,ok,single_mode
single_target_b1_a6000_post,2026-02-21T01:07:41,57,11,O=C1CSc2ccccc2N1Cc1nc(-c2ccc3c(c2)CCO3)cs1,O=C1CSc2ccccc2N1Cc1nc(-c2ccc3c(c2)CCO3)cs1,0.2574826702475548,0.12563262646744214,0.0,0.0,0.0,0.12563262646744214,single,ok,single_mode
single_target_b1_a6000_post,2026-02-21T01:07:41,57,12,COCc1ccc(C(N)=O)c2[nH]c3ccccc3c12,COCc1ccc(C(N)=O)c2[nH]c3ccccc3c12,0.3213293453057607,0.19319760684211232,0.0,0.0,0.0,0.19319760684211232,single,ok,single_mode
single_target_b1_a6000_post,2026-02-21T01:07:41,57,13,COc1ccc(OC)c(CCN(Cc2cc3cc4c(cc3[nH]c2=O)OCO4)C(=O)c2ccccn2)c1,COc1ccc(OC)c(CCN(Cc2cc3cc4c(cc3[nH]c2=O)OCO4)C(=O)c2ccccn2)c1,0.21283149222532907,0.09134283163583515,0.0,0.0,0.0,0.09134283163583515,single,ok,single_mode
single_target_b1_a6000_post,2026-02-21T01:07:41,57,14,O=[N+]([O-])c1ccc(S(=O)(=O)NCCCO)c2nc3ccccc3cc12,O=[N+]([O-])c1ccc(S(=O)(=O)NCCCO)c2nc3ccccc3cc12,0.34169607361157733,0.21986874763966582,0.0,0.0,0.0,0.21986874763966582,single,ok,single_mode
single_target_b1_a6000_post,2026-02-21T01:07:41,57,15,Cc1cccc(C(C)NC(=O)c2ccc(NC(=O)N3Cc4ccc(F)cc4C3)cc2)c1,Cc1cccc(C(C)NC(=O)c2ccc(NC(=O)N3Cc4ccc(F)cc4C3)cc2)c1,0.27402547746896744,0.14090468828232147,0.0,0.0,0.0,0.14090468828232147,single,ok,single_mode
single_target_b1_a6000_post,2026-02-21T01:13:57,58,0,CN1CCN(CCCNC(O)c2cc(O)n(C3CC3)c2)CC1,CN1CCN(CCCNC(O)c2cc(O)n(C3CC3)c2)CC1,0.19822210321823755,0.08209451862403158,0.0,0.0,0.0,0.08209451862403158,single,ok,single_mode
single_target_b1_a6000_post,2026-02-21T01:13:57,58,1,CC(C)(C)OC(=O)NC(Cc1ccccc1)C(=O)NC(CCCN=C(N)N)C(=O)N1CCc2ccccc2C1,CC(C)(C)OC(=O)NC(Cc1ccccc1)C(=O)NC(CCCN=C(N)N)C(=O)N1CCc2ccccc2C1,0.1688749442497889,0.06605064319490586,0.0,0.0,0.0,0.06605064319490586,single,ok,single_mode
single_target_b1_a6000_post,2026-02-21T01:13:57,58,2,N#Cc1cccc(-c2cnc3ccc(N4CCC(N5CCCCC5)CC4)nc3n2)c1,N#Cc1cccc(-c2cnc3ccc(N4CCC(N5CCCCC5)CC4)nc3n2)c1,0.40587732195854187,0.32017201072520557,0.0,0.0,0.0,0.32017201072520557,single,ok,single_mode
single_target_b1_a6000_post,2026-02-21T01:13:57,58,3,CN1C(=O)C(C(C)(C)C)CC2Sc3ccc(F)cc3C21,CN1C(=O)C(C(C)(C)C)CC2Sc3ccc(F)cc3C21,0.12164821475744247,0.04622908871178772,0.0,0.0,0.0,0.04622908871178772,single,ok,single_mode
single_target_b1_a6000_post,2026-02-21T01:13:57,58,4,CCCCCC=CCC=CCC1OC1CC,CCCCCC=CCC=CCC1OC1CC,0.25333504875500995,0.122032774745682,0.0,0.0,0.0,0.122032774745682,single,ok,single_mode
single_target_b1_a6000_post,2026-02-21T01:13:57,58,5,C=CCNC(=O)C(=O)NCC1OCCCN1S(=O)(=O)c1ccc([N+](=O)[O-])cc1,C=CCNC(=O)C(=O)NCC1OCCCN1S(=O)(=O)c1ccc([N+](=O)[O-])cc1,0.20034340023994446,0.08338242440305761,0.0,0.0,0.0,0.08338242440305761,single,ok,single_mode
single_target_b1_a6000_post,2026-02-21T01:13:57,58,6,CCOc1ccc(Cl)cc1CNC(=O)c1ccc2ccc(N3CCN(CC)CC3)n2c1,CCOc1ccc(Cl)cc1CNC(=O)c1ccc2ccc(N3CCN(CC)CC3)n2c1,0.18343517184257507,0.07360971366120225,0.0,0.0,0.0,0.07360971366120225,single,ok,single_mode
single_target_b1_a6000_post,2026-02-21T01:13:57,58,7,COc1cccc(NC2c3ccccc3C(=O)N2c2ccc(C)cn2)c1,COc1cccc(NC2c3ccccc3C(=O)N2c2ccc(C)cn2)c1,0.22170758247375488,0.09741001698937488,0.0,0.0,0.0,0.09741001698937488,single,ok,single_mode
single_target_b1_a6000_post,2026-02-21T01:13:57,58,8,CC(C)(C)c1cc(C(=O)Cc2cccnc2)cc(C(C)(C)C)c1O,CC(C)(C)c1cc(C(=O)Cc2cccnc2)cc(C(C)(C)C)c1O,0.19598736862341562,0.08075735696743769,0.0,0.0,0.0,0.08075735696743769,single,ok,single_mode
single_target_b1_a6000_post,2026-02-21T01:13:57,58,9,CC(=O)ON1C(=S)N=C(Nc2ccccc2)C12C(Cl)=C(Cl)C2Cl,CC(=O)ON1C(=S)N=C(Nc2ccccc2)C12C(Cl)=C(Cl)C2Cl,0.4965934256712596,0.49318727299055115,0.0,0.0,0.0,0.49318727299055115,single,ok,single_mode
single_target_b1_a6000_post,2026-02-21T01:13:57,58,10,O=C(NN=Cc1ccc(F)cc1)c1ccc(F)cc1,O=C(NN=Cc1ccc(F)cc1)c1ccc(F)cc1,0.38008999824523926,0.27702237121512524,0.0,0.0,0.0,0.27702237121512524,single,ok,single_mode
single_target_b1_a6000_post,2026-02-21T01:13:57,58,11,C#CC=CC(=O)NCCCCOc1ccc2[nH]cc(CCN)c2c1,C#CC=CC(=O)NCCCCOc1ccc2[nH]cc(CCN)c2c1,0.32355620960394543,0.19598964485480808,0.0,0.0,0.0,0.19598964485480808,single,ok,single_mode
single_target_b1_a6000_post,2026-02-21T01:13:57,58,12,CC(C(=O)Nc1cc(C(F)(F)F)ccc1Cl)c1ccc2oc(-c3cccc(CNC(=O)N(CCCl)N=O)c3)nc2c1,CC(C(=O)Nc1cc(C(F)(F)F)ccc1Cl)c1ccc2oc(-c3cccc(CNC(=O)N(CCCl)N=O)c3)nc2c1,0.23378843317429224,0.10624418393459374,0.0,0.0,0.0,0.10624418393459374,single,ok,single_mode
single_target_b1_a6000_post,2026-02-21T01:13:57,58,13,CNCCC1CNCCN1c1ccc(OC)cc1,CNCCC1CNCCN1c1ccc(OC)cc1,0.19502330074707666,0.08018665979770787,0.0,0.0,0.0,0.08018665979770787,single,ok,single_mode
single_target_b1_a6000_post,2026-02-21T01:13:57,58,14,CC1c2ccccc2-c2cc3ccoc3cc21,CC1c2ccccc2-c2cc3ccoc3cc21,0.5180171926816305,0.5359721282790464,0.0,0.0,0.0,0.5359721282790464,single,ok,single_mode
single_target_b1_a6000_post,2026-02-21T01:13:57,58,15,COc1cc(C(=O)N2CCN(Cc3cccnc3C)CC2)c(S(N)(=O)=O)cc1OC,COc1cc(C(=O)N2CCN(Cc3cccnc3C)CC2)c(S(N)(=O)=O)cc1OC,0.07560137535134952,0.03244615919942898,0.0,0.0,0.0,0.03244615919942898,single,ok,single_mode
single_target_b1_a6000_post,2026-02-21T01:20:53,59,0,CC1CN(c2cccnn2)CCN1C(=O)Nc1ccccc1,CC1CN(c2cccnn2)CCN1C(=O)Nc1ccccc1,0.20263367394606271,0.08479351750153835,0.0,0.0,0.0,0.08479351750153835,single,ok,single_mode
single_target_b1_a6000_post,2026-02-21T01:20:53,59,1,Cc1ccc(CNC(=O)COC(=O)c2oc3ccccc3c2C)cc1,Cc1ccc(CNC(=O)COC(=O)c2oc3ccccc3c2C)cc1,0.1846205728749434,0.07425900676724871,0.0,0.0,0.0,0.07425900676724871,single,ok,single_mode
single_target_b1_a6000_post,2026-02-21T01:20:53,59,2,CCN(C(=O)CCCCCNC(=O)Cc1cn(C)c2ccccc12)C1CCCc2cccnc21,CCN(C(=O)CCCCCNC(=O)Cc1cn(C)c2ccccc12)C1CCCc2cccnc21,0.20617308715979257,0.08701687732905139,0.0,0.0,0.0,0.08701687732905139,single,ok,single_mode
single_target_b1_a6000_post,2026-02-21T01:20:53,59,3,COC(=O)NC(CC(=O)O)Cc1ccccc1,COC(=O)NC(CC(=O)O)Cc1ccccc1,0.1426050215959549,0.05420976090148704,0.0,0.0,0.0,0.05420976090148704,single,ok,single_mode
single_target_b1_a6000_post,2026-02-21T01:20:53,59,4,COc1ccc(-c2csc(=NN=C(c3ccccc3)C(C)C)[nH]2)cc1,COc1ccc(-c2csc(=NN=C(c3ccccc3)C(C)C)[nH]2)cc1,0.3252691874901454,0.19815806174869507,0.0,0.0,0.0,0.19815806174869507,single,ok,single_mode
single_target_b1_a6000_post,2026-02-21T01:20:53,59,5,NC(CC(=O)O)CC(C(=O)O)C(=O)N=C(CCC(O)OC1CCC1)C(=O)O,NC(CC(=O)O)CC(C(=O)O)C(=O)N=C(CCC(O)OC1CCC1)C(=O)O,0.369990736246109,0.26113569458837227,0.0,0.0,0.0,0.26113569458837227,single,ok,single_mode
single_target_b1_a6000_post,2026-02-21T01:20:53,59,6,COc1ccc(N2CC(NC(=O)Nc3cccc(OC)c3)CC2=O)cc1,COc1ccc(N2CC(NC(=O)Nc3cccc(OC)c3)CC2=O)cc1,0.25874799986680347,0.1267488090568466,0.0,0.0,0.0,0.1267488090568466,single,ok,single_mode
single_target_b1_a6000_post,2026-02-21T01:20:53,59,7,O=C(N=C(Cc1cc[nH]c1O)C(O)c1nc2ccccc2s1)C(CC(O)CN1CCCC1COc1ccccc1)CC(O)N1CCOCC1,O=C(N=C(Cc1cc[nH]c1O)C(O)c1nc2ccccc2s1)C(CC(O)CN1CCCC1COc1ccccc1)CC(O)N1CCOCC1,0.24583540856838226,0.11574901780027513,0.0,0.0,0.0,0.11574901780027513,single,ok,single_mode
single_target_b1_a6000_post,2026-02-21T01:20:53,59,8,C=CC=CN(C(N)=O)c1ccc(Cl)cc1,C=CC=CN(C(N)=O)c1ccc(Cl)cc1,0.18547551582256952,0.07473055976531118,0.0,0.0,0.0,0.07473055976531118,single,ok,single_mode
single_target_b1_a6000_post,2026-02-21T01:20:53,59,9,Cc1cccc(=O)n1CCCNS(=O)(=O)c1ccc(F)cc1,Cc1cccc(=O)n1CCCNS(=O)(=O)c1ccc(F)cc1,0.09393446395794551,0.03737995118410419,0.0,0.0,0.0,0.03737995118410419,single,ok,single_mode
single_target_b1_a6000_post,2026-02-21T01:20:53,59,10,COc1cc(N=c2nc(-c3ccc(N(C)C)cc3)cc[nH]2)cc(OC)c1OC,COc1cc(N=c2nc(-c3ccc(N(C)C)cc3)cc[nH]2)cc(OC)c1OC,0.3358428378899892,0.21194229095264122,0.0,0.0,0.0,0.21194229095264122,single,ok,single_mode
single_target_b1_a6000_post,2026-02-21T01:20:53,59,11,CN(C)CCCN(C(=O)COc1ccccc1Cl)c1nc2ccc(F)cc2s1,CN(C)CCCN(C(=O)COc1ccccc1Cl)c1nc2ccc(F)cc2s1,0.1836739480495453,0.07374007952888938,0.0,0.0,0.0,0.07374007952888938,single,ok,single_mode
single_target_b1_a6000_post,2026-02-21T01:20:53,59,12,O=C(CSc1nc2ccccc2[nH]1)N=c1[nH]c2c(s1)CCCC2,O=C(CSc1nc2ccccc2[nH]1)N=c1[nH]c2c(s1)CCCC2,0.3219384551048279,0.19395828928685208,0.0,0.0,0.0,0.19395828928685208,single,ok,single_mode
single_target_b1_a6000_post,2026-02-21T01:20:53,59,13,COCC1CCCN1C(=O)c1ccc(C#Cc2ccc(=N)[nH]c2C)c(C)c1,COCC1CCCN1C(=O)c1ccc(C#Cc2ccc(=N)[nH]c2C)c(C)c1,0.24920186400413513,0.11853415706583463,0.0,0.0,0.0,0.11853415706583463,single,ok,single_mode
single_target_b1_a6000_post,2026-02-21T01:20:53,59,14,O=C(NC1CCc2oc(CCCO)cc2C1)C(F)(F)F,O=C(NC1CCc2oc(CCCO)cc2C1)C(F)(F)F,0.11712317168712616,0.04465890884924573,0.0,0.0,0.0,0.04465890884924573,single,ok,single_mode
single_target_b1_a6000_post,2026-02-21T01:20:53,59,15,O=C1c2cc(Cl)ccc2CC1Cc1ccccc1CCOC1(c2ccccc2)CCCCC1,O=C1c2cc(Cl)ccc2CC1Cc1ccccc1CCOC1(c2ccccc2)CCCCC1,0.1960632192591826,0.08080241497219981,0.0,0.0,0.0,0.08080241497219981,single,ok,single_mode
single_target_b1_a6000_post,2026-02-21T01:27:55,60,0,COc1cccc(-c2ccc(CC(NC(=O)C3CCCN3C(=O)C(NC(=O)C(CC(C)C)NC(C)=O)C(C)C)C(=O)O)cc2)c1,COc1cccc(-c2ccc(CC(NC(=O)C3CCCN3C(=O)C(NC(=O)C(CC(C)C)NC(C)=O)C(C)C)C(=O)O)cc2)c1,0.18375584483146667,0.07378484205492643,0.0,0.0,0.0,0.07378484205492643,single,ok,single_mode
single_target_b1_a6000_post,2026-02-21T01:27:55,60,1,CCC(CC)N=c1c(C(=O)NCC(F)C(C)(C)O)c[nH]c2cc[nH]c12,CCC(CC)N=c1c(C(=O)NCC(F)C(C)(C)O)c[nH]c2cc[nH]c12,0.26753124097983044,0.13473218573567228,0.0,0.0,0.0,0.13473218573567228,single,ok,single_mode
single_target_b1_a6000_post,2026-02-21T01:27:55,60,2,CCOc1ccc(-c2nn(Cc3ccccc3)c(=O)n2Cc2cc(F)ccc2OC)cc1OC,CCOc1ccc(-c2nn(Cc3ccccc3)c(=O)n2Cc2cc(F)ccc2OC)cc1OC,0.24751477936903635,0.11713121717549436,0.0,0.0,0.0,0.11713121717549436,single,ok,single_mode
single_target_b1_a6000_post,2026-02-21T01:27:55,60,3,Cc1c(-c2ccc([N+](=O)[O-])cc2)c(=O)oc2cc(N)ccc12,Cc1c(-c2ccc([N+](=O)[O-])cc2)c(=O)oc2cc(N)ccc12,0.36552175879478455,0.25429673313318774,0.0,0.0,0.0,0.25429673313318774,single,ok,single_mode
single_target_b1_a6000_post,2026-02-21T01:27:55,60,4,COc1ccc(-c2nc(C#CCOc3ccccc3F)[nH]c2-c2ccc(C)cc2)cc1,COc1ccc(-c2nc(C#CCOc3ccccc3F)[nH]c2-c2ccc(C)cc2)cc1,0.4276714622974396,0.3592482824811964,0.0,0.0,0.0,0.3592482824811964,single,ok,single_mode
single_target_b1_a6000_post,2026-02-21T01:27:55,60,5,CCCCCc1cc[n+](CCCCCCc2cc(CCCCC[n+]3ccc(C)c(C)c3)c(CCCCC[n+]3cccc(C)c3)cc2CCCCC[n+]2ccc3ccccc3c2)cc1,CCCCCc1cc[n+](CCCCCCc2cc(CCCCC[n+]3ccc(C)c(C)c3)c(CCCCC[n+]3cccc(C)c3)cc2CCCCC[n+]2ccc3ccccc3c2)cc1,0.5198491712411245,0.5396151350381239,0.0,0.0,0.0,0.5396151350381239,single,ok,single_mode
single_target_b1_a6000_post,2026-02-21T01:27:55,60,6,COc1ccc(-c2[nH]c(=NC(=O)CCC(=O)O)sc2C)cc1,COc1ccc(-c2[nH]c(=NC(=O)CCC(=O)O)sc2C)cc1,0.3017256160577138,0.16991989733123095,0.0,0.0,0.0,0.16991989733123095,single,ok,single_mode
single_target_b1_a6000_post,2026-02-21T01:27:55,60,7,CN1N=C(c2ccccc2O)CC1c1cccs1,CN1N=C(c2ccccc2O)CC1c1cccs1,0.30724180738131207,0.17623520650194718,0.0,0.0,0.0,0.17623520650194718,single,ok,single_mode
single_target_b1_a6000_post,2026-02-21T01:27:55,60,8,NS(=O)(=O)c1ccccc1-c1ccc(NC(=O)C(Cc2ccc(C(=O)O)cc2F)NC(=O)Cc2ccc(Cl)cc2)cc1,NS(=O)(=O)c1ccccc1-c1ccc(NC(=O)C(Cc2ccc(C(=O)O)cc2F)NC(=O)Cc2ccc(Cl)cc2)cc1,0.18343529601891836,0.07360978140322474,0.0,0.0,0.0,0.07360978140322474,single,ok,single_mode
single_target_b1_a6000_post,2026-02-21T01:27:55,60,9,c1ccc2c(CCNC3=NCCN3CCN3CCOCC3)c[nH]c2c1,c1ccc2c(CCNC3=NCCN3CCN3CCOCC3)c[nH]c2c1,0.1416430026292801,0.05381652211509879,0.0,0.0,0.0,0.05381652211509879,single,ok,single_mode
single_target_b1_a6000_post,2026-02-21T01:27:55,60,10,CC1(c2cc(NC(=O)c3cc(Cl)ccn3)ccc2F)CC(C(F)(F)F)OC(=N)N1,CC1(c2cc(NC(=O)c3cc(Cl)ccn3)ccc2F)CC(C(F)(F)F)OC(=N)N1,0.2841556916634242,0.1510031899782684,0.0,0.0,0.0,0.1510031899782684,single,ok,single_mode
single_target_b1_a6000_post,2026-02-21T01:27:55,60,11,CC(=O)N=C1C(=O)NC2C(=O)OCC12,CC(=O)N=C1C(=O)NC2C(=O)OCC12,0.3421093324820201,0.22043635151961008,0.0,0.0,0.0,0.22043635151961008,single,ok,single_mode
single_target_b1_a6000_post,2026-02-21T01:27:55,60,12,Cc1cn(C2CC(O)C(CO)O2)c(=O)[nH]c1=NC(=O)C(C)(C)C,Cc1cn(C2CC(O)C(CO)O2)c(=O)[nH]c1=NC(=O)C(C)(C)C,0.2986335853735606,0.16645935260403497,0.0,0.0,0.0,0.16645935260403497,single,ok,single_mode
single_target_b1_a6000_post,2026-02-21T01:27:55,60,13,CCc1cc2c(cc1-c1cc(C(F)(F)F)c3c(cnn3C)c1)OCC2CC(=O)O,CCc1cc2c(cc1-c1cc(C(F)(F)F)c3c(cnn3C)c1)OCC2CC(=O)O,0.27114396293958026,0.13813724793354876,0.0,0.0,0.0,0.13813724793354876,single,ok,single_mode
single_target_b1_a6000_post,2026-02-21T01:27:55,60,14,CCc1noc(-c2nnc3n2CC(CNCc2cccc(C)n2)OC3)n1,CCc1noc(-c2nnc3n2CC(CNCc2cccc(C)n2)OC3)n1,0.10571950922409694,0.04092438098362991,0.0,0.0,0.0,0.04092438098362991,single,ok,single_mode
single_target_b1_a6000_post,2026-02-21T01:27:55,60,15,Cc1cc(C)c(S(=O)(=O)NCCCN2CCOCC2)c(C)c1,Cc1cc(C)c(S(=O)(=O)NCCCN2CCOCC2)c(C)c1,0.19162723670403162,0.07820551656289282,0.0,0.0,0.0,0.07820551656289282,single,ok,single_mode
single_target_b1_a6000_post,2026-02-21T01:34:37,61,0,O=C(N=c1[nH]nc2n1CCS2)c1ccccc1F,O=C(N=c1[nH]nc2n1CCS2)c1ccccc1F,0.28944141666094464,0.156504650067986,0.0,0.0,0.0,0.156504650067986,single,ok,single_mode
single_target_b1_a6000_post,2026-02-21T01:34:37,61,1,COc1ccc2sc(=NC(=O)CN3CCCC3Cn3cncn3)[nH]c2c1,COc1ccc2sc(=NC(=O)CN3CCCC3Cn3cncn3)[nH]c2c1,0.32111876209576923,0.1929351498575305,0.0,0.0,0.0,0.1929351498575305,single,ok,single_mode
single_target_b1_a6000_post,2026-02-21T01:34:37,61,2,O=C(N=c1[nH]c(-c2ccccc2)cs1)c1cc2ccccc2oc1=O,O=C(N=c1[nH]c(-c2ccccc2)cs1)c1cc2ccccc2oc1=O,0.48974907398223877,0.47950963018938253,0.0,0.0,0.0,0.47950963018938253,single,ok,single_mode
single_target_b1_a6000_post,2026-02-21T01:34:37,61,3,CN(c1ccccc1C(=O)N=c1cc(C(=O)NN)[nH]n1-c1ccccc1)S(C)(=O)=O,CN(c1ccccc1C(=O)N=c1cc(C(=O)NN)[nH]n1-c1ccccc1)S(C)(=O)=O,0.15254525591929755,0.05843447216182274,0.0,0.0,0.0,0.05843447216182274,single,ok,single_mode
single_target_b1_a6000_post,2026-02-21T01:34:37,61,4,O=c1[nH]cnc2c1ncn2-c1ccc([N+](=O)[O-])cc1,O=c1[nH]cnc2c1ncn2-c1ccc([N+](=O)[O-])cc1,0.37415414055188495,0.2676130549084076,0.0,0.0,0.0,0.2676130549084076,single,ok,single_mode
single_target_b1_a6000_post,2026-02-21T01:34:37,61,5,COc1ccccc1-c1nc(=Nc2ncccc2C(=O)Nc2ccccc2)c2ccccc2[nH]1,COc1ccccc1-c1nc(=Nc2ncccc2C(=O)Nc2ccccc2)c2ccccc2[nH]1,0.22441029051939645,0.09932763950548186,0.0,0.0,0.0,0.09932763950548186,single,ok,single_mode
single_target_b1_a6000_post,2026-02-21T01:34:37,61,6,Cc1[nH]c(-n2c(-c3ccccc3)csc2=NC(=O)COc2ccc(Cl)cc2)nc(=O)c1C,Cc1[nH]c(-n2c(-c3ccccc3)csc2=NC(=O)COc2ccc(Cl)cc2)nc(=O)c1C,0.13402061040202776,0.05079460226807014,0.0,0.0,0.0,0.05079460226807014,single,ok,single_mode
single_target_b1_a6000_post,2026-02-21T01:34:37,61,7,CC(=NN=c1[nH]c(-c2ccc(Cl)cc2)cs1)c1ccccn1,CC(=NN=c1[nH]c(-c2ccc(Cl)cc2)cs1)c1ccccn1,0.5104626417160034,0.5209130753164412,0.0,0.0,0.0,0.5209130753164412,single,ok,single_mode
single_target_b1_a6000_post,2026-02-21T01:34:37,61,8,CCC1(C(=O)O)CCN(c2nc(=N)[nH]c3c2CCN(c2c(C#N)cc(C(=O)OC)cc2C(F)(F)F)CC3)C1,CCC1(C(=O)O)CCN(c2nc(=N)[nH]c3c2CCN(c2c(C#N)cc(C(=O)OC)cc2C(F)(F)F)CC3)C1,0.08501683982710044,0.034895945330452274,0.0,0.0,0.0,0.034895945330452274,single,ok,single_mode
single_target_b1_a6000_post,2026-02-21T01:34:37,61,9,CN1NC2CC1CN(c1ccccc1)c1ccccc12,CN1NC2CC1CN(c1ccccc1)c1ccccc12,0.19932266573111215,0.0827604276819239,0.0,0.0,0.0,0.0827604276819239,single,ok,single_mode
single_target_b1_a6000_post,2026-02-21T01:34:37,61,10,CCOC(=O)C(N)(NC(=O)c1ccc(OC)cc1)Nc1ccccc1,CCOC(=O)C(N)(NC(=O)c1ccc(OC)cc1)Nc1ccccc1,0.2542746712764104,0.12284044075423062,0.0,0.0,0.0,0.12284044075423062,single,ok,single_mode
single_target_b1_a6000_post,2026-02-21T01:34:37,61,11,O=C(CSc1nc2cc(Cl)ccc2s1)Nc1ccc(F)cc1,O=C(CSc1nc2cc(Cl)ccc2s1)Nc1ccc(F)cc1,0.28436463077863056,0.15121760501475634,0.0,0.0,0.0,0.15121760501475634,single,ok,single_mode
single_target_b1_a6000_post,2026-02-21T01:34:37,61,12,CCN(Cc1ccc(CN(C)C)o1)S(=O)(=O)c1ccc(Br)cc1,CCN(Cc1ccc(CN(C)C)o1)S(=O)(=O)c1ccc(Br)cc1,0.263856162627538,0.1313413365276282,0.0,0.0,0.0,0.1313413365276282,single,ok,single_mode
single_target_b1_a6000_post,2026-02-21T01:34:37,61,13,CCC(=NN=c1nc(C)cc(C)[nH]1)c1ccc(Br)cc1,CCC(=NN=c1nc(C)cc(C)[nH]1)c1ccc(Br)cc1,0.3634350597858429,0.2511441329986113,0.0,0.0,0.0,0.2511441329986113,single,ok,single_mode
single_target_b1_a6000_post,2026-02-21T01:34:37,61,14,O=C(COc1ccccc1)Nc1ccc2c(c1)CC1CCC3CCCC(C2)N31,O=C(COc1ccccc1)Nc1ccc2c(c1)CC1CCC3CCCC(C2)N31,0.21178251256545386,0.090648699378603,0.0,0.0,0.0,0.090648699378603,single,ok,single_mode
single_target_b1_a6000_post,2026-02-21T01:34:37,61,15,CCn1cc(-c2cc(-c3cccc(C)c3)nc(-c3ccccc3Cl)c2)c(-c2ccccc2)n1,CCn1cc(-c2cc(-c3cccc(C)c3)nc(-c3ccccc3Cl)c2)c(-c2ccccc2)n1,0.42726531624794006,0.3585007023522454,0.0,0.0,0.0,0.3585007023522454,single,ok,single_mode
single_target_b1_a6000_post,2026-02-21T01:40:49,62,0,N=c1[nH]c2c(oc3cc(Cl)ccc32)c(=O)n1Cc1ccccc1,N=c1[nH]c2c(oc3cc(Cl)ccc32)c(=O)n1Cc1ccccc1,0.44912200172742206,0.3996259276516807,0.0,0.0,0.0,0.3996259276516807,single,ok,single_mode
single_target_b1_a6000_post,2026-02-21T01:40:49,62,1,O=C(O)Cc1ccc(COc2cccc(-c3ccc(Cl)cc3)c2)cc1,O=C(O)Cc1ccc(COc2cccc(-c3ccc(Cl)cc3)c2)cc1,0.340336670478185,0.21800904245193464,0.0,0.0,0.0,0.21800904245193464,single,ok,single_mode
single_target_b1_a6000_post,2026-02-21T01:40:49,62,2,CC(C)Oc1cc(C(=O)Nc2cccc(C(F)(F)F)c2)ccc1NC(=O)c1ccc(=O)[nH]c1,CC(C)Oc1cc(C(=O)Nc2cccc(C(F)(F)F)c2)ccc1NC(=O)c1ccc(=O)[nH]c1,0.25022390484809875,0.11939111892294962,0.0,0.0,0.0,0.11939111892294962,single,ok,single_mode
single_target_b1_a6000_post,2026-02-21T01:40:49,62,3,CC1(C)C(NC(=O)c2ccccn2)C(C)(C)C1Oc1ccc(C#N)c(Cl)c1,CC1(C)C(NC(=O)c2ccccn2)C(C)(C)C1Oc1ccc(C#N)c(Cl)c1,0.19019261002540588,0.07738214034696048,0.0,0.0,0.0,0.07738214034696048,single,ok,single_mode
single_target_b1_a6000_post,2026-02-21T01:40:49,62,4,CC(=O)NN(C(=O)c1cccnc1)C(C)(C)C,CC(=O)NN(C(=O)c1cccnc1)C(C)(C)C,0.06291737283269565,0.029407384361510868,0.0,0.0,0.0,0.029407384361510868,single,ok,single_mode
single_target_b1_a6000_post,2026-02-21T01:40:49,62,5,O=S(=O)(Cc1ccccc1)c1c[nH]c(CCc2ccccc2)c1,O=S(=O)(Cc1ccccc1)c1c[nH]c(CCc2ccccc2)c1,0.2174566090106964,0.09446067219320002,0.0,0.0,0.0,0.09446067219320002,single,ok,single_mode
single_target_b1_a6000_post,2026-02-21T01:40:49,62,6,CCOC(=O)Cn1c(O)c(O)c(C(=O)c2ccc(Cl)cc2)c1-c1ccc(OCC)c(C)c1,CCOC(=O)Cn1c(O)c(O)c(C(=O)c2ccc(Cl)cc2)c1-c1ccc(OCC)c(C)c1,0.21446129431327185,0.09243079284808399,0.0,0.0,0.0,0.09243079284808399,single,ok,single_mode
single_target_b1_a6000_post,2026-02-21T01:40:49,62,7,CCOC(=O)C1CCCN(CCCNC(=O)c2oc3ccc(Br)cc3c2C)C1,CCOC(=O)C1CCCN(CCCNC(=O)c2oc3ccc(Br)cc3c2C)C1,0.21588550508022308,0.09339102755564792,0.0,0.0,0.0,0.09339102755564792,single,ok,single_mode
single_target_b1_a6000_post,2026-02-21T01:40:49,62,8,N#CC(=Cc1ccccc1OCC(=O)O)C(=O)Nc1ccccc1,N#CC(=Cc1ccccc1OCC(=O)O)C(=O)Nc1ccccc1,0.2834627330303192,0.15029385897980185,0.0,0.0,0.0,0.15029385897980185,single,ok,single_mode
single_target_b1_a6000_post,2026-02-21T01:40:49,62,9,COCCCOc1cc(CC(CC(N)C(=O)CC(C)C(=O)NCc2cccc(Br)c2)C(C)C)ccc1OC,COCCCOc1cc(CC(CC(N)C(=O)CC(C)C(=O)NCc2cccc(Br)c2)C(C)C)ccc1OC,0.24283047020435333,0.11331118202407912,0.0,0.0,0.0,0.11331118202407912,single,ok,single_mode
single_target_b1_a6000_post,2026-02-21T01:40:49,62,10,CCCCOc1ccc2c(=NS(=O)(=O)c3cn(C)cn3)[nH]n(Cc3ccc(Cl)cc3)c2c1,CCCCOc1ccc2c(=NS(=O)(=O)c3cn(C)cn3)[nH]n(Cc3ccc(Cl)cc3)c2c1,0.4309960703055064,0.3653932285025879,0.0,0.0,0.0,0.3653932285025879,single,ok,single_mode
single_target_b1_a6000_post,2026-02-21T01:40:49,62,11,CCOc1ccc2c(CCn3cnc4c3N=CNCC4O)ccc(-c3ccc(OC)cc3)c2n1,CCOc1ccc2c(CCn3cnc4c3N=CNCC4O)ccc(-c3ccc(OC)cc3)c2n1,0.26045119762420654,0.12826462244762626,0.0,0.0,0.0,0.12826462244762626,single,ok,single_mode
single_target_b1_a6000_post,2026-02-21T01:40:49,62,12,C=CCSc1nc(=Nc2ccc(OC)cc2)[nH][nH]1,C=CCSc1nc(=Nc2ccc(OC)cc2)[nH][nH]1,0.3364779055118561,0.2127920987660119,0.0,0.0,0.0,0.2127920987660119,single,ok,single_mode
single_target_b1_a6000_post,2026-02-21T01:40:49,62,13,O=S(=O)(c1ccccc1)N(CCCCc1ccccc1)c1ccccn1,O=S(=O)(c1ccccc1)N(CCCCc1ccccc1)c1ccccn1,0.15395300462841988,0.0590571956983671,0.0,0.0,0.0,0.0590571956983671,single,ok,single_mode
single_target_b1_a6000_post,2026-02-21T01:40:49,62,14,O=S(=O)(c1ccc2[nH]c(O)cc2c1)N1CCCCC1,O=S(=O)(c1ccc2[nH]c(O)cc2c1)N1CCCCC1,0.19136655827363333,0.0780553114991961,0.0,0.0,0.0,0.0780553114991961,single,ok,single_mode
single_target_b1_a6000_post,2026-02-21T01:40:49,62,15,CC(=O)N1CCC(c2nccnc2OC2CCCC(N=c3[nH]c4ccccc4s3)C2)CC1,CC(=O)N1CCC(c2nccnc2OC2CCCC(N=c3[nH]c4ccccc4s3)C2)CC1,0.14376753071943918,0.05468856715003832,0.0,0.0,0.0,0.05468856715003832,single,ok,single_mode
single_target_b1_a6000_post,2026-02-21T01:47:05,63,0,CC(=O)N1CC(=O)Nc2ccc(Cl)cc2C1c1ccccc1,CC(=O)N1CC(=O)Nc2ccc(Cl)cc2C1c1ccccc1,0.20472847918669382,0.08610311434338955,0.0,0.0,0.0,0.08610311434338955,single,ok,single_mode
single_target_b1_a6000_post,2026-02-21T01:47:05,63,1,S=C(NCc1ccco1)N1CCN(C(c2ccccc2)c2ccc(Cl)cc2)CC1,S=C(NCc1ccco1)N1CCN(C(c2ccccc2)c2ccc(Cl)cc2)CC1,0.1807936578989029,0.07218160813022062,0.0,0.0,0.0,0.07218160813022062,single,ok,single_mode
single_target_b1_a6000_post,2026-02-21T01:47:05,63,2,O=C(O)c1csc(-n2cnc3ccccc32)n1,O=C(O)c1csc(-n2cnc3ccccc32)n1,0.4493604004383087,0.4000835976984719,0.0,0.0,0.0,0.4000835976984719,single,ok,single_mode
single_target_b1_a6000_post,2026-02-21T01:47:05,63,3,CN(C)c1ccc(C=C2SC(=Nc3ccccc3)N(C(C#N)c3ccccc3)C2=O)cc1,CN(C)c1ccc(C=C2SC(=Nc3ccccc3)N(C(C#N)c3ccccc3)C2=O)cc1,0.4671924610932668,0.4347590056635014,0.0,0.0,0.0,0.4347590056635014,single,ok,single_mode
single_target_b1_a6000_post,2026-02-21T01:47:05,63,4,CCC(=O)N1CC(Nc2ccccc2)CC1C(=O)N(CCc1ccccc1)Cc1ccccc1,CCC(=O)N1CC(Nc2ccccc2)CC1C(=O)N(CCc1ccccc1)Cc1ccccc1,0.3778039813041687,0.2733745823489102,0.0,0.0,0.0,0.2733745823489102,single,ok,single_mode
single_target_b1_a6000_post,2026-02-21T01:47:05,63,5,COc1ccc2c(c1)C(=O)N(CCCCN1CCN(c3ccc(Cl)cc3)CC1)C2=O,COc1ccc2c(c1)C(=O)N(CCCCN1CCN(c3ccc(Cl)cc3)CC1)C2=O,0.22763862709204355,0.10166216630232792,0.0,0.0,0.0,0.10166216630232792,single,ok,single_mode
single_target_b1_a6000_post,2026-02-21T01:47:05,63,6,O=C(O)Cc1csc(-c2ccsc2)c1,O=C(O)Cc1csc(-c2ccsc2)c1,0.11193701376517613,0.042921855726508494,0.0,0.0,0.0,0.042921855726508494,single,ok,single_mode
single_target_b1_a6000_post,2026-02-21T01:47:05,63,7,COC1C(=O)OC23C1C(O)N(CCOc1ccc(C4Cc5c(C)cc(O)c(O)c5OC4=O)cc1)CC2(O)C(=O)C(C(N)=O)C(=O)C3N(C)C,COC1C(=O)OC23C1C(O)N(CCOc1ccc(C4Cc5c(C)cc(O)c(O)c5OC4=O)cc1)CC2(O)C(=O)C(C(N)=O)C(=O)C3N(C)C,0.13329583033919334,0.05051576996766588,0.0,0.0,0.0,0.05051576996766588,single,ok,single_mode
single_target_b1_a6000_post,2026-02-21T01:47:05,63,8,COc1ccc(N=c2[nH]cc(CN(C)Cc3ccco3)[nH]2)c(C)c1,COc1ccc(N=c2[nH]cc(CN(C)Cc3ccco3)[nH]2)c(C)c1,0.16685116291046143,0.06505888920355504,0.0,0.0,0.0,0.06505888920355504,single,ok,single_mode
single_target_b1_a6000_post,2026-02-21T01:47:05,63,9,O=C(C=Cc1ccc(C(=O)Nc2ccccc2)cc1)C=Cc1ccc(-c2ccccc2)cc1,O=C(C=Cc1ccc(C(=O)Nc2ccccc2)cc1)C=Cc1ccc(-c2ccccc2)cc1,0.4522925317287445,0.405726648924004,0.0,0.0,0.0,0.405726648924004,single,ok,single_mode
single_target_b1_a6000_post,2026-02-21T01:47:05,63,10,NC(=O)c1ccc(-n2ncc3c(C(F)(F)F)cc(-c4ccc(N5CCNCC5)cc4)nc32)cc1,NC(=O)c1ccc(-n2ncc3c(C(F)(F)F)cc(-c4ccc(N5CCNCC5)cc4)nc32)cc1,0.3394750307003657,0.21683618052543302,0.0,0.0,0.0,0.21683618052543302,single,ok,single_mode
single_target_b1_a6000_post,2026-02-21T01:47:05,63,11,Cn1nccc1-c1cc(F)cc(Nc2cc(=NC3CC3)c(Cl)c[nH]2)c1,Cn1nccc1-c1cc(F)cc(Nc2cc(=NC3CC3)c(Cl)c[nH]2)c1,0.5061991314093272,0.5123957223464272,0.0,0.0,0.0,0.5123957223464272,single,ok,single_mode
single_target_b1_a6000_post,2026-02-21T01:47:05,63,12,Cn1c(-c2cc(-c3ccccc3)c3c(n2)-c2cc([N+](=O)[O-])ccc2CC3)nc2ccccc21,Cn1c(-c2cc(-c3ccccc3)c3c(n2)-c2cc([N+](=O)[O-])ccc2CC3)nc2ccccc21,0.23394542932510376,0.10636350518940772,0.0,0.0,0.0,0.10636350518940772,single,ok,single_mode
single_target_b1_a6000_post,2026-02-21T01:47:05,63,13,COc1cccc(-c2cc(-c3ccc(Cl)cc3)c(C#N)c(=N)[nH]2)c1,COc1cccc(-c2cc(-c3ccc(Cl)cc3)c(C#N)c(=N)[nH]2)c1,0.42363470792770386,0.3518488291966629,0.0,0.0,0.0,0.3518488291966629,single,ok,single_mode
single_target_b1_a6000_post,2026-02-21T01:47:05,63,14,CNC1CCc2cc(OC)ccc2C1N(C)CCCc1ccccc1,CNC1CCc2cc(OC)ccc2C1N(C)CCCc1ccccc1,0.19449935853481293,0.07987804906310063,0.0,0.0,0.0,0.07987804906310063,single,ok,single_mode
single_target_b1_a6000_post,2026-02-21T01:47:05,63,15,Cn1cc(Cl)c(C(=O)NNC(=O)Nc2ccc(Cl)c(C(F)(F)F)c2)n1,Cn1cc(Cl)c(C(=O)NNC(=O)Nc2ccc(Cl)c(C(F)(F)F)c2)n1,0.3636172314484914,0.2514183216923666,0.0,0.0,0.0,0.2514183216923666,single,ok,single_mode
single_target_b1_a6000_post,2026-02-21T01:52:55,64,0,O=C(Nc1ccc(Oc2ccnc3[nH]ccc23)c(F)c1)c1ccccc1-c1ccccc1,O=C(Nc1ccc(Oc2ccnc3[nH]ccc23)c(F)c1)c1ccccc1-c1ccccc1,0.30600321913758916,0.1748013084609087,0.0,0.0,0.0,0.1748013084609087,single,ok,single_mode
single_target_b1_a6000_post,2026-02-21T01:52:55,64,1,CC1(C)CCc2c(sc(NC(=O)c3ccc[nH]c3=Nc3cnccn3)c2C(N)=O)C1,CC1(C)CCc2c(sc(NC(=O)c3ccc[nH]c3=Nc3cnccn3)c2C(N)=O)C1,0.28555308779080707,0.1524419715729115,0.0,0.0,0.0,0.1524419715729115,single,ok,single_mode
single_target_b1_a6000_post,2026-02-21T01:52:55,64,2,C=C1CCCC2(C)CCc3c(ccc4[nH]c(=NCc5cn(-c6ccccc6)nn5)sc34)CC12,C=C1CCCC2(C)CCc3c(ccc4[nH]c(=NCc5cn(-c6ccccc6)nn5)sc34)CC12,0.4255176881949107,0.35529177554023617,0.0,0.0,0.0,0.35529177554023617,single,ok,single_mode
single_target_b1_a6000_post,2026-02-21T01:52:55,64,3,CC(C)(C)Cc1ccc(C#N)cc1F,CC(C)(C)Cc1ccc(C#N)cc1F,0.1508034591873487,0.05767250518542014,0.0,0.0,0.0,0.05767250518542014,single,ok,single_mode
single_target_b1_a6000_post,2026-02-21T01:52:55,64,4,CCOC(=O)N1CCN(S(=O)(=O)c2ccc(OCc3cccc(F)c3)cc2)CC1,CCOC(=O)N1CCN(S(=O)(=O)c2ccc(OCc3cccc(F)c3)cc2)CC1,0.17147123316923776,0.06734352787273462,0.0,0.0,0.0,0.06734352787273462,single,ok,single_mode
single_target_b1_a6000_post,2026-02-21T01:52:55,64,5,O=c1[nH]oc(=O)n1CCN1CCN(c2ccc(C(F)(F)F)cc2)CC1,O=c1[nH]oc(=O)n1CCN1CCN(c2ccc(C(F)(F)F)cc2)CC1,0.3577783405780792,0.24272942486185559,0.0,0.0,0.0,0.24272942486185559,single,ok,single_mode
single_target_b1_a6000_post,2026-02-21T01:52:55,64,6,CCn1cc(C#CCN2C(=O)N(Cc3ccc4c(c3)OCOC4)OCC2Cc2ccccc2)c2cc(C(=O)N(C)C)ncc21,CCn1cc(C#CCN2C(=O)N(Cc3ccc4c(c3)OCOC4)OCC2Cc2ccccc2)c2cc(C(=O)N(C)C)ncc21,0.17646026238799095,0.06989405516684395,0.0,0.0,0.0,0.06989405516684395,single,ok,single_mode
single_target_b1_a6000_post,2026-02-21T01:52:55,64,7,CCCCN=C(c1ccc(Cl)c(Cl)c1)c1c(O)csc1O,CCCCN=C(c1ccc(Cl)c(Cl)c1)c1c(O)csc1O,0.30072421828905743,0.1687929292195905,0.0,0.0,0.0,0.1687929292195905,single,ok,single_mode
single_target_b1_a6000_post,2026-02-21T01:52:55,64,8,O=c1nc(N2CCCNCC2)ccn1Cc1nnn(-c2ccc(C(F)(F)F)cc2F)n1,O=c1nc(N2CCCNCC2)ccn1Cc1nnn(-c2ccc(C(F)(F)F)cc2F)n1,0.26961379249890643,0.13668629353301023,0.0,0.0,0.0,0.13668629353301023,single,ok,single_mode
single_target_b1_a6000_post,2026-02-21T01:52:55,64,9,COc1ncc(-c2ccc3ncc(-c4cnn(C)c4)nc3c2)cc1NS(C)(=O)=O,COc1ncc(-c2ccc3ncc(-c4cnn(C)c4)nc3c2)cc1NS(C)(=O)=O,0.2199425995349884,0.09617561762591578,0.0,0.0,0.0,0.09617561762591578,single,ok,single_mode
single_target_b1_a6000_post,2026-02-21T01:52:55,64,10,ON=Cc1ccsc1-c1cn(-c2ccccc2)nc1-c1ccc(Br)cc1,ON=Cc1ccsc1-c1cn(-c2ccccc2)nc1-c1ccc(Br)cc1,0.33487237493197125,0.21064847574806714,0.0,0.0,0.0,0.21064847574806714,single,ok,single_mode
single_target_b1_a6000_post,2026-02-21T01:52:55,64,11,O=[N+]([O-])c1cc(Cl)cc2cccnc12,O=[N+]([O-])c1cc(Cl)cc2cccnc12,0.5651602745056152,0.6274475377199027,0.0,0.0,0.0,0.6274475377199027,single,ok,single_mode
single_target_b1_a6000_post,2026-02-21T01:52:55,64,12,COc1ccc(CNC(=NO)c2cccnc2OCc2cscn2)cc1,COc1ccc(CNC(=NO)c2cccnc2OCc2cscn2)cc1,0.16243582963943481,0.0629430704828391,0.0,0.0,0.0,0.0629430704828391,single,ok,single_mode
single_target_b1_a6000_post,2026-02-21T01:52:55,64,13,CCOC(=O)Cc1cccc(NC(=O)C2OC(CO)C(O)C(O)C2O)c1,CCOC(=O)Cc1cccc(NC(=O)C2OC(CO)C(O)C(O)C2O)c1,0.19733652969201407,0.08156223756290779,0.0,0.0,0.0,0.08156223756290779,single,ok,single_mode
single_target_b1_a6000_post,2026-02-21T01:52:55,64,14,CCC(CCc1ccccc1)NC(=O)c1cc(=O)c2cccc(CN)c2o1,CCC(CCc1ccccc1)NC(=O)c1cc(=O)c2cccc(CN)c2o1,0.12923827519019446,0.04898136217639661,0.0,0.0,0.0,0.04898136217639661,single,ok,single_mode
single_target_b1_a6000_post,2026-02-21T01:52:55,64,15,C[n+]1ccccc1C1OC(CO)C(O)C(O)C1O,C[n+]1ccccc1C1OC(CO)C(O)C(O)C1O,0.10891803354024887,0.0419405886295348,0.0,0.0,0.0,0.0419405886295348,single,ok,single_mode
single_target_b1_a6000_post,2026-02-21T01:59:00,65,0,CCOc1ccc(-n2nc3c(N4CCCC(C(=O)Nc5c(C)cccc5C)C4)nnc(C)c3c2C)cc1,CCOc1ccc(-n2nc3c(N4CCCC(C(=O)Nc5c(C)cccc5C)C4)nnc(C)c3c2C)cc1,0.30518967906634015,0.17386449654862418,0.0,0.0,0.0,0.17386449654862418,single,ok,single_mode
single_target_b1_a6000_post,2026-02-21T01:59:00,65,1,Cc1ccc(C(=O)N=c2cc[nH]cc2)cc1-c1ccc(C(N)=NO)cc1,Cc1ccc(C(=O)N=c2cc[nH]cc2)cc1-c1ccc(C(N)=NO)cc1,0.21922889103492102,0.0956804428491155,0.0,0.0,0.0,0.0956804428491155,single,ok,single_mode
single_target_b1_a6000_post,2026-02-21T01:59:00,65,2,Cc1ccc(-c2csc3ncn(Cc4ccc(F)cc4)c(=O)c23)cc1,Cc1ccc(-c2csc3ncn(Cc4ccc(F)cc4)c(=O)c23)cc1,0.29629360636075336,0.16387815590169758,0.0,0.0,0.0,0.16387815590169758,single,ok,single_mode
single_target_b1_a6000_post,2026-02-21T01:59:00,65,3,O=C(NC(Cc1cccnc1)C(=O)c1ccccc1)c1ccc(F)cc1,O=C(NC(Cc1cccnc1)C(=O)c1ccccc1)c1ccc(F)cc1,0.2434304803609848,0.11379435052594689,0.0,0.0,0.0,0.11379435052594689,single,ok,single_mode
single_target_b1_a6000_post,2026-02-21T01:59:00,65,4,OCCCN=c1[nH]nc(-c2ccccc2)o1,OCCCN=c1[nH]nc(-c2ccccc2)o1,0.1867537498474121,0.07544071905205153,0.0,0.0,0.0,0.07544071905205153,single,ok,single_mode
single_target_b1_a6000_post,2026-02-21T01:59:00,65,5,O=Cc1cn(-c2cccc3ccccc23)cc1-c1nc2ccccc2o1,O=Cc1cn(-c2cccc3ccccc23)cc1-c1nc2ccccc2o1,0.4116756816705068,0.33035175708225584,0.0,0.0,0.0,0.33035175708225584,single,ok,single_mode
single_target_b1_a6000_post,2026-02-21T01:59:00,65,6,O=C(O)COc1ccc(N(Cc2ccc(Oc3ccccc3)cc2)S(=O)(=O)c2ccc(Cc3cccs3)cc2)cc1,O=C(O)COc1ccc(N(Cc2ccc(Oc3ccccc3)cc2)S(=O)(=O)c2ccc(Cc3cccs3)cc2)cc1,0.19819585730632147,0.08207869792494772,0.0,0.0,0.0,0.08207869792494772,single,ok,single_mode
single_target_b1_a6000_post,2026-02-21T01:59:00,65,7,O=c1c2ccccc2[nH]c2ncc(CCCCO)cc12,O=c1c2ccccc2[nH]c2ncc(CCCCO)cc12,0.38459494709968567,0.2842980960788271,0.0,0.0,0.0,0.2842980960788271,single,ok,single_mode
single_target_b1_a6000_post,2026-02-21T01:59:00,65,8,C=C(C)c1ccc(Oc2cccc3[nH]c(=O)[nH]c23)c(C)c1,C=C(C)c1ccc(Oc2cccc3[nH]c(=O)[nH]c23)c(C)c1,0.38516538341840106,0.28522755507385966,0.0,0.0,0.0,0.28522755507385966,single,ok,single_mode
single_target_b1_a6000_post,2026-02-21T01:59:00,65,9,C[n+]1cccc2c(-c3ccc(C=NNC4=NCCN4)cc3)cccc21,C[n+]1cccc2c(-c3ccc(C=NNC4=NCCN4)cc3)cccc21,0.40063244104385376,0.3111088400034553,0.0,0.0,0.0,0.3111088400034553,single,ok,single_mode
single_target_b1_a6000_post,2026-02-21T01:59:00,65,10,O=[N+]([O-])OC=CCCNC1OC(CO)C(O)C(O)C1O,O=[N+]([O-])OC=CCCNC1OC(CO)C(O)C(O)C1O,0.27745800216992694,0.14426165199938606,0.0,0.0,0.0,0.14426165199938606,single,ok,single_mode
single_target_b1_a6000_post,2026-02-21T01:59:00,65,11,O=C(c1ccc(Cl)c(S(=O)(=O)N2CCOCC2)c1)N1CCN(c2cccc(Cl)c2)CC1,O=C(c1ccc(Cl)c(S(=O)(=O)N2CCOCC2)c1)N1CCN(c2cccc(Cl)c2)CC1,0.2190166562795639,0.09553363358790236,0.0,0.0,0.0,0.09553363358790236,single,ok,single_mode
single_target_b1_a6000_post,2026-02-21T01:59:00,65,12,CCN1CCN(CCCNCc2ccc(Cl)c(Cl)c2)CC1,CCN1CCN(CCCNCc2ccc(Cl)c(Cl)c2)CC1,0.2375483512878418,0.10913442279389605,0.0,0.0,0.0,0.10913442279389605,single,ok,single_mode
single_target_b1_a6000_post,2026-02-21T01:59:00,65,13,CN(Cc1cnn(-c2ccccc2)c1)Cc1c[nH]nc1-c1ccc(-n2ccnc2)cc1,CN(Cc1cnn(-c2ccccc2)c1)Cc1c[nH]nc1-c1ccc(-n2ccnc2)cc1,0.2512500286102295,0.12025688668234097,0.0,0.0,0.0,0.12025688668234097,single,ok,single_mode
single_target_b1_a6000_post,2026-02-21T01:59:00,65,14,CN(O)C=CC(=O)c1cccc([N+](=O)[O-])c1,CN(O)C=CC(=O)c1cccc([N+](=O)[O-])c1,0.41308896740277606,0.33285770763652717,0.0,0.0,0.0,0.33285770763652717,single,ok,single_mode
single_target_b1_a6000_post,2026-02-21T01:59:00,65,15,C=Cc1ccc(NCc2ccc3[nH]c(=N)[nH]c(=N)c3c2)cc1Cl,C=Cc1ccc(NCc2ccc3[nH]c(=N)[nH]c(=N)c3c2)cc1Cl,0.4015544007221858,0.31269179434224786,0.0,0.0,0.0,0.31269179434224786,single,ok,single_mode
single_target_b1_a6000_post,2026-02-21T02:04:45,66,0,Cc1ccc2c(c1)C1CC3CCCCC4CC(CCN4C3)N1CC2,Cc1ccc2c(c1)C1CC3CCCCC4CC(CCN4C3)N1CC2,0.24060365557670593,0.11153361824835994,0.0,0.0,0.0,0.11153361824835994,single,ok,single_mode
single_target_b1_a6000_post,2026-02-21T02:04:45,66,1,COc1cc(NCCCC(NC(=O)Cc2ccsc2)C(=O)NC(C=O)CCCN=C(N)N)c2ncccc2c1,COc1cc(NCCCC(NC(=O)Cc2ccsc2)C(=O)NC(C=O)CCCN=C(N)N)c2ncccc2c1,0.4685224990049998,0.43737558393488746,0.0,0.0,0.0,0.43737558393488746,single,ok,single_mode
single_target_b1_a6000_post,2026-02-21T02:04:45,66,2,CCOC(=O)C12CC1C(=CC(=O)O)c1ccccc12,CCOC(=O)C12CC1C(=CC(=O)O)c1ccccc12,0.25392602880795795,0.1225402250931348,0.0,0.0,0.0,0.1225402250931348,single,ok,single_mode
single_target_b1_a6000_post,2026-02-21T02:04:45,66,3,COc1ccc(CN(C)CC(=O)NCc2cc(C)c(OC)c(C)c2)cc1,COc1ccc(CN(C)CC(=O)NCc2cc(C)c(OC)c(C)c2)cc1,0.14717300236225128,0.05611421606018576,0.0,0.0,0.0,0.05611421606018576,single,ok,single_mode
single_target_b1_a6000_post,2026-02-21T02:04:45,66,4,COc1ccc(-c2c(-c3cccnc3)[nH]cc(Cl)c2=O)cc1,COc1ccc(-c2c(-c3cccnc3)[nH]cc(Cl)c2=O)cc1,0.2653029312690099,0.13266748409234902,0.0,0.0,0.0,0.13266748409234902,single,ok,single_mode
single_target_b1_a6000_post,2026-02-21T02:04:45,66,5,CCCCC(=O)NC1CCN(CC(C)=Cc2ccccc2)CC1,CCCCC(=O)NC1CCN(CC(C)=Cc2ccccc2)CC1,0.14475965251525244,0.05510034392280283,0.0,0.0,0.0,0.05510034392280283,single,ok,single_mode
single_target_b1_a6000_post,2026-02-21T02:04:45,66,6,COc1ccc(C2=NN(N=Nc3ccc(Cl)cc3)C(=O)C(C#N)C2c2ccsc2)cc1,COc1ccc(C2=NN(N=Nc3ccc(Cl)cc3)C(=O)C(C#N)C2c2ccsc2)cc1,0.3733881612618764,0.2664137336279946,0.0,0.0,0.0,0.2664137336279946,single,ok,single_mode
single_target_b1_a6000_post,2026-02-21T02:04:45,66,7,Cc1[nH]c(=Nc2nc(=O)c3c([nH]2)CCC3)sc1COCc1ccco1,Cc1[nH]c(=Nc2nc(=O)c3c([nH]2)CCC3)sc1COCc1ccco1,0.29815805455048877,0.16593218051797531,0.0,0.0,0.0,0.16593218051797531,single,ok,single_mode
single_target_b1_a6000_post,2026-02-21T02:04:45,66,8,Cc1cc(C)c(-c2[nH]c(C3(C)COC3)nc2C)cc1C(=O)N1CCC(c2ccc(C#N)cc2)CC1,Cc1cc(C)c(-c2[nH]c(C3(C)COC3)nc2C)cc1C(=O)N1CCC(c2ccc(C#N)cc2)CC1,0.14705724641680717,0.05606518772760509,0.0,0.0,0.0,0.05606518772760509,single,ok,single_mode
single_target_b1_a6000_post,2026-02-21T02:04:45,66,9,COc1nc(=NC2C(O)C(O)C(CO)C(O)C2F)nc(OC)[nH]1,COc1nc(=NC2C(O)C(O)C(CO)C(O)C2F)nc(OC)[nH]1,0.20400637884934744,0.08564962693951245,0.0,0.0,0.0,0.08564962693951245,single,ok,single_mode
single_target_b1_a6000_post,2026-02-21T02:04:45,66,10,Cn1nnnc1SCCSc1nnc2ccccc2n1,Cn1nnnc1SCCSc1nnc2ccccc2n1,0.18450477222601572,0.07419534651944336,0.0,0.0,0.0,0.07419534651944336,single,ok,single_mode
single_target_b1_a6000_post,2026-02-21T02:04:45,66,11,O=C1OC(=O)c2cc(S(=O)(=O)Nc3ccccc3)cc3cccc1c23,O=C1OC(=O)c2cc(S(=O)(=O)Nc3ccccc3)cc3cccc1c23,0.17911040782928467,0.07128495010179205,0.0,0.0,0.0,0.07128495010179205,single,ok,single_mode
single_target_b1_a6000_post,2026-02-21T02:04:45,66,12,O=C1OCc2cc(-c3cc(-c4cccs4)no3)ccc21,O=C1OCc2cc(-c3cc(-c4cccs4)no3)ccc21,0.31260260939598083,0.18254798634299305,0.0,0.0,0.0,0.18254798634299305,single,ok,single_mode
single_target_b1_a6000_post,2026-02-21T02:04:45,66,13,Cc1ccccc1C,Cc1ccccc1C,0.10586179606616497,0.04096908192367728,0.0,0.0,0.0,0.04096908192367728,single,ok,single_mode
single_target_b1_a6000_post,2026-02-21T02:04:45,66,14,O=C(NCc1ccncc1)c1cccc(S(=O)(=O)Nc2ccc(-c3ccc(N4CCCC4)nn3)cc2)c1,O=C(NCc1ccncc1)c1cccc(S(=O)(=O)Nc2ccc(-c3ccc(N4CCCC4)nn3)cc2)c1,0.23675873378912607,0.10852177868624328,0.0,0.0,0.0,0.10852177868624328,single,ok,single_mode
single_target_b1_a6000_post,2026-02-21T02:04:45,66,15,CC(C)CCn1c(C(=O)NCc2ccc(N)cc2)cc2ccccc21,CC(C)CCn1c(C(=O)NCc2ccc(N)cc2)cc2ccccc21,0.26033926506837207,0.12816453182395415,0.0,0.0,0.0,0.12816453182395415,single,ok,single_mode
single_target_b1_a6000_post,2026-02-21T02:11:28,67,0,COc1ccc(CN(CC(=O)NCCCC(=O)NC2CC3CCC2C3)c2ccc(Cl)c(Cl)c2)cc1,COc1ccc(CN(CC(=O)NCCCC(=O)NC2CC3CCC2C3)c2ccc(Cl)c(Cl)c2)cc1,0.2909259895483653,0.15807889272026035,0.0,0.0,0.0,0.15807889272026035,single,ok,single_mode
single_target_b1_a6000_post,2026-02-21T02:11:28,67,1,CCCNC(C=S)NCCCCC1CCCc2cc(OC)ccc2C1,CCCNC(C=S)NCCCCC1CCCc2cc(OC)ccc2C1,0.5983871817588806,0.6872077581608186,0.0,0.0,0.0,0.6872077581608186,single,ok,single_mode
single_target_b1_a6000_post,2026-02-21T02:11:28,67,2,Cc1nc(-c2ccccc2C#N)sc1-c1nc(N2CCNCC2)c2ccccc2n1,Cc1nc(-c2ccccc2C#N)sc1-c1nc(N2CCNCC2)c2ccccc2n1,0.4475487371285756,0.39661005283313,0.0,0.0,0.0,0.39661005283313,single,ok,single_mode
single_target_b1_a6000_post,2026-02-21T02:11:28,67,3,O=C(Cn1nnc(-c2ccc(Cl)cc2)n1)c1ccc(Cl)c(Cl)c1,O=C(Cn1nnc(-c2ccc(Cl)cc2)n1)c1ccc(Cl)c(Cl)c1,0.45728283127148944,0.4153875158455858,0.0,0.0,0.0,0.4153875158455858,single,ok,single_mode
single_target_b1_a6000_post,2026-02-21T02:11:28,67,4,CC1C=C(C(=O)Nc2ccc([N+](=O)[O-])c(C(F)(F)F)c2)CN1C1CCC1,CC1C=C(C(=O)Nc2ccc([N+](=O)[O-])c(C(F)(F)F)c2)CN1C1CCC1,0.27625154455502826,0.1430742384224058,0.0,0.0,0.0,0.1430742384224058,single,ok,single_mode
single_target_b1_a6000_post,2026-02-21T02:11:28,67,5,Fc1cccc(N2CCC3(CC=C(c4ccccc4)OO3)C2)c1,Fc1cccc(N2CCC3(CC=C(c4ccccc4)OO3)C2)c1,0.20605294406414032,0.08694054954363856,0.0,0.0,0.0,0.08694054954363856,single,ok,single_mode
single_target_b1_a6000_post,2026-02-21T02:11:28,67,6,C=C(C)C1CCC(C)(O)c2cc(C(C)(C)C(=O)OCC)oc21,C=C(C)C1CCC(C)(O)c2cc(C(C)(C)C(=O)OCC)oc21,0.14555325855811438,0.05543182743736216,0.0,0.0,0.0,0.05543182743736216,single,ok,single_mode
single_target_b1_a6000_post,2026-02-21T02:11:28,67,7,O=C(CC1C=CC(CN(Cc2ccccc2)Cc2cccnc2)C(CO)O1)NCCc1ccc2c(c1)OCO2,O=C(CC1C=CC(CN(Cc2ccccc2)Cc2cccnc2)C(CO)O1)NCCc1ccc2c(c1)OCO2,0.2018789661427339,0.08432614636270155,0.0,0.0,0.0,0.08432614636270155,single,ok,single_mode
single_target_b1_a6000_post,2026-02-21T02:11:28,67,8,CC(C)N1CCC(n2cnc3ccc(-c4cccc(Cl)c4)cc32)CC1,CC(C)N1CCC(n2cnc3ccc(-c4cccc(Cl)c4)cc32)CC1,0.3228456974029541,0.19509550530710654,0.0,0.0,0.0,0.19509550530710654,single,ok,single_mode
single_target_b1_a6000_post,2026-02-21T02:11:28,67,9,C(=Nn1cnnc1)c1ccc(OCc2ccccc2)cc1,C(=Nn1cnnc1)c1ccc(OCc2ccccc2)cc1,0.2822466790676117,0.14905570570387952,0.0,0.0,0.0,0.14905570570387952,single,ok,single_mode
single_target_b1_a6000_post,2026-02-21T02:11:28,67,10,Cc1c(C(=O)N2CCCCC2)nc(-c2ccccc2)n1-c1ccc(F)cc1,Cc1c(C(=O)N2CCCCC2)nc(-c2ccccc2)n1-c1ccc(F)cc1,0.16382703433434168,0.06360271218717119,0.0,0.0,0.0,0.06360271218717119,single,ok,single_mode
single_target_b1_a6000_post,2026-02-21T02:11:28,67,11,O=C1CSC2(C(=O)Nc3ccccc32)N1c1ccccc1,O=C1CSC2(C(=O)Nc3ccccc32)N1c1ccccc1,0.20484143495559692,0.086174248288381,0.0,0.0,0.0,0.086174248288381,single,ok,single_mode
single_target_b1_a6000_post,2026-02-21T02:11:28,67,12,CC1=CC(O)C(O)C(C)O1,CC1=CC(O)C(O)C(C)O1,0.18408507108688354,0.07396504049781004,0.0,0.0,0.0,0.07396504049781004,single,ok,single_mode
single_target_b1_a6000_post,2026-02-21T02:11:28,67,13,c1cc(-c2cncs2)nc(=Nc2ccc3cc(CN4CCCC4)cnc3c2)[nH]1,c1cc(-c2cncs2)nc(=Nc2ccc3cc(CN4CCCC4)cnc3c2)[nH]1,0.23202747541169325,0.10491387223030892,0.0,0.0,0.0,0.10491387223030892,single,ok,single_mode
single_target_b1_a6000_post,2026-02-21T02:11:28,67,14,COc1ccc(C(=O)OCCCNCc2cc3ccccc3nc2Cl)cc1OC,COc1ccc(C(=O)OCCCNCc2cc3ccccc3nc2Cl)cc1OC,0.21143651008605957,0.09042078570925961,0.0,0.0,0.0,0.09042078570925961,single,ok,single_mode
single_target_b1_a6000_post,2026-02-21T02:11:28,67,15,O=C1CCCN1CC[S+]([O-])CC(=O)N1CCCC(N2CCN(c3cccc(Cl)c3)CC2)C1,O=C1CCCN1CC[S+]([O-])CC(=O)N1CCCC(N2CCN(c3cccc(Cl)c3)CC2)C1,0.2199636846780777,0.09619028137969343,0.0,0.0,0.0,0.09619028137969343,single,ok,single_mode
single_target_b1_a6000_post,2026-02-21T02:18:05,68,0,Cc1nc(=Nc2ccc(OC(C)C)c(F)c2)[nH]c2ncc(=O)n(CC3CC(=O)N=CCN3)c12,Cc1nc(=Nc2ccc(OC(C)C)c(F)c2)[nH]c2ncc(=O)n(CC3CC(=O)N=CCN3)c12,0.2541952778895696,0.12277201962391855,0.0,0.0,0.0,0.12277201962391855,single,ok,single_mode
single_target_b1_a6000_post,2026-02-21T02:18:05,68,1,COC(=O)c1ccc(COc2ncnc3[nH]cnc23)cc1,COC(=O)c1ccc(COc2ncnc3[nH]cnc23)cc1,0.30130164821942645,0.16944203721583823,0.0,0.0,0.0,0.16944203721583823,single,ok,single_mode
single_target_b1_a6000_post,2026-02-21T02:18:05,68,2,N=C(N)NCc1ccc(-c2nccs2)cc1,N=C(N)NCc1ccc(-c2nccs2)cc1,0.35811395446459454,0.24322328417588487,0.0,0.0,0.0,0.24322328417588487,single,ok,single_mode
single_target_b1_a6000_post,2026-02-21T02:18:05,68,3,COc1cccc(COC(=O)c2nc(-c3ccccc3)n3ccccc23)c1F,COc1cccc(COC(=O)c2nc(-c3ccccc3)n3ccccc23)c1F,0.3722325662771861,0.2646108673126927,0.0,0.0,0.0,0.2646108673126927,single,ok,single_mode
single_target_b1_a6000_post,2026-02-21T02:18:05,68,4,CCOC(=O)C(c1ccccc1)C(CCNC12CC3CC(CC(C3)C1)C2)c1ccc(-c2ccccc2)cc1,CCOC(=O)C(c1ccccc1)C(CCNC12CC3CC(CC(C3)C1)C2)c1ccc(-c2ccccc2)cc1,0.22202349174767733,0.0976324444274191,0.0,0.0,0.0,0.0976324444274191,single,ok,single_mode
single_target_b1_a6000_post,2026-02-21T02:18:05,68,5,CCCCCCCCCCCCCCNC(=O)C[N+](C)(CC)CC,CCCCCCCCCCCCCCNC(=O)C[N+](C)(CC)CC,0.6825838088989258,0.8116352001879806,0.0,0.0,0.0,0.8116352001879806,single,ok,single_mode
single_target_b1_a6000_post,2026-02-21T02:18:05,68,6,C=C1CC(C)(C)OC1=O,C=C1CC(C)(C)OC1=O,0.5359663863976797,0.5714405759733917,0.0,0.0,0.0,0.5714405759733917,single,ok,single_mode
single_target_b1_a6000_post,2026-02-21T02:18:05,68,7,Cc1noc(C)c1CS(=O)(=O)N1CCOCC1,Cc1noc(C)c1CS(=O)(=O)N1CCOCC1,0.14200216035048166,0.053963017184235844,0.0,0.0,0.0,0.053963017184235844,single,ok,single_mode
single_target_b1_a6000_post,2026-02-21T02:18:05,68,8,CC(C)CC(N)C(=O)OCC1C(=O)N2C(C(=O)O)=C(COc3ccc(Cc4sc(=O)[nH]c4O)cc3)SC12c1ccc(N)cc1,CC(C)CC(N)C(=O)OCC1C(=O)N2C(C(=O)O)=C(COc3ccc(Cc4sc(=O)[nH]c4O)cc3)SC12c1ccc(N)cc1,0.23290986319382986,0.1055786222008671,0.0,0.0,0.0,0.1055786222008671,single,ok,single_mode
single_target_b1_a6000_post,2026-02-21T02:18:05,68,9,O=C1COc2ccc(CNCC3(F)CCN(C(=O)c4ccc(F)c(Cl)c4)CC3)nc2N1,O=C1COc2ccc(CNCC3(F)CCN(C(=O)c4ccc(F)c(Cl)c4)CC3)nc2N1,0.1818565142651399,0.07275313173582391,0.0,0.0,0.0,0.07275313173582391,single,ok,single_mode
single_target_b1_a6000_post,2026-02-21T02:18:05,68,10,COc1ccc(OC)c(NC(=O)Cn2c(COc3ccc(F)cc3F)nc3ccccc32)c1,COc1ccc(OC)c(NC(=O)Cn2c(COc3ccc(F)cc3F)nc3ccccc32)c1,0.30131865044434863,0.16946118005635719,0.0,0.0,0.0,0.16946118005635719,single,ok,single_mode
single_target_b1_a6000_post,2026-02-21T02:18:05,68,11,Cc1ccccc1-c1cc(C(=O)O)c2ccccc2n1,Cc1ccccc1-c1cc(C(=O)O)c2ccccc2n1,0.4733711779117584,0.4469428576070316,0.0,0.0,0.0,0.4469428576070316,single,ok,single_mode
single_target_b1_a6000_post,2026-02-21T02:18:05,68,12,CN(c1ccc(Br)cc1)c1ncnc2ccccc12,CN(c1ccc(Br)cc1)c1ncnc2ccccc12,0.3299383819103241,0.20416019753211517,0.0,0.0,0.0,0.20416019753211517,single,ok,single_mode
single_target_b1_a6000_post,2026-02-21T02:18:05,68,13,CCC(C)Sc1nc2cc(Cl)ccc2s1,CCC(C)Sc1nc2cc(Cl)ccc2s1,0.3013988137245178,0.16955145925273613,0.0,0.0,0.0,0.16955145925273613,single,ok,single_mode
single_target_b1_a6000_post,2026-02-21T02:18:05,68,14,Cn1c(CCC(=O)Nc2cccc3ccccc23)n[nH]c1=S,Cn1c(CCC(=O)Nc2cccc3ccccc23)n[nH]c1=S,0.25206028918425244,0.12094434971171429,0.0,0.0,0.0,0.12094434971171429,single,ok,single_mode
single_target_b1_a6000_post,2026-02-21T02:18:05,68,15,O=C(Cc1cccc(F)c1)NS(=O)(=O)c1ccc(F)c(Cl)c1,O=C(Cc1cccc(F)c1)NS(=O)(=O)c1ccc(F)c(Cl)c1,0.13231833403309187,0.05014200913288727,0.0,0.0,0.0,0.05014200913288727,single,ok,single_mode
single_target_b1_a6000_post,2026-02-21T02:24:49,69,0,C=CC(=O)Nc1cccc(-n2c(=O)n(C)c3cnc4ccc(-c5cnc(N(C)C)nc5)nc4c32)c1,C=CC(=O)Nc1cccc(-n2c(=O)n(C)c3cnc4ccc(-c5cnc(N(C)C)nc5)nc4c32)c1,0.11514788245161374,0.043989541498952275,0.0,0.0,0.0,0.043989541498952275,single,ok,single_mode
single_target_b1_a6000_post,2026-02-21T02:24:49,69,1,CCOC(=O)CC(C(=O)O)c1cc(-c2ccccc2)n(C=Cc2ccccc2Cl)n1,CCOC(=O)CC(C(=O)O)c1cc(-c2ccccc2)n(C=Cc2ccccc2Cl)n1,0.20960210263729095,0.08922105367118961,0.0,0.0,0.0,0.08922105367118961,single,ok,single_mode
single_target_b1_a6000_post,2026-02-21T02:24:49,69,2,N=c1[nH]c(=O)c2ncn(C3OC(C[n+]4ccccc4)C(O)C3O)c2[nH]1,N=c1[nH]c(=O)c2ncn(C3OC(C[n+]4ccccc4)C(O)C3O)c2[nH]1,0.17764869829018912,0.07051465934292593,0.0,0.0,0.0,0.07051465934292593,single,ok,single_mode
single_target_b1_a6000_post,2026-02-21T02:24:49,69,3,CC(C)c1c(S(C)(=O)=O)nc2c(C(N)=O)cccc2c1-c1ccc(Cl)cc1,CC(C)c1c(S(C)(=O)=O)nc2c(C(N)=O)cccc2c1-c1ccc(Cl)cc1,0.21102049698432288,0.09014743902807522,0.0,0.0,0.0,0.09014743902807522,single,ok,single_mode
single_target_b1_a6000_post,2026-02-21T02:24:49,69,4,CN=c1ncc2ncn(C3OC(CO)C(O)C3O)c2[nH]1,CN=c1ncc2ncn(C3OC(CO)C(O)C3O)c2[nH]1,0.30580953260262805,0.1745779133022759,0.0,0.0,0.0,0.1745779133022759,single,ok,single_mode
single_target_b1_a6000_post,2026-02-21T02:24:49,69,5,C#CCOc1nc(-c2ccccn2)ncc1Oc1cccc([N+](=O)[O-])c1,C#CCOc1nc(-c2ccccn2)ncc1Oc1cccc([N+](=O)[O-])c1,0.34102534254391986,0.21894974611407306,0.0,0.0,0.0,0.21894974611407306,single,ok,single_mode
single_target_b1_a6000_post,2026-02-21T02:24:49,69,6,CC(=O)NC(Cc1c[nH]cn1)C(=O)NC(CC(C)C)C(=O)N1CCCC1C(=O)NC(C)C(=O)OC(C)(C)C,CC(=O)NC(Cc1c[nH]cn1)C(=O)NC(CC(C)C)C(=O)N1CCCC1C(=O)NC(C)C(=O)OC(C)(C)C,0.11282332241535187,0.043214074981271375,0.0,0.0,0.0,0.043214074981271375,single,ok,single_mode
single_target_b1_a6000_post,2026-02-21T02:24:49,69,7,CCCCCCCCC#CCCCC(O)C(COC1OC(CO)C(O)C(O)C1O)NC(=O)C(CC(C)C)NC(C)=O,CCCCCCCCC#CCCCC(O)C(COC1OC(CO)C(O)C(O)C1O)NC(=O)C(CC(C)C)NC(C)=O,0.1556647134323915,0.059822755927262515,0.0,0.0,0.0,0.059822755927262515,single,ok,single_mode
single_target_b1_a6000_post,2026-02-21T02:24:49,69,8,COc1cccc(C=NN=Cc2ccccc2OC)c1,COc1cccc(C=NN=Cc2ccccc2OC)c1,0.37048901120821637,0.2619055392758037,0.0,0.0,0.0,0.2619055392758037,single,ok,single_mode
single_target_b1_a6000_post,2026-02-21T02:24:49,69,9,COC(=O)C(Cc1ccc(Br)cc1)=NC(=O)CCc1ccc(O)c(O)c1,COC(=O)C(Cc1ccc(Br)cc1)=NC(=O)CCc1ccc(O)c(O)c1,0.11837312051405509,0.04508748411841228,0.0,0.0,0.0,0.04508748411841228,single,ok,single_mode
single_target_b1_a6000_post,2026-02-21T02:24:49,69,10,O=C(Nc1ccc(Cl)cc1)N1CC2CCC(C1)N(C(=O)CCCCN1CCN(c3ccccc3)CC1)C2,O=C(Nc1ccc(Cl)cc1)N1CC2CCC(C1)N(C(=O)CCCCN1CCN(c3ccccc3)CC1)C2,0.19579650710026422,0.0806440797354745,0.0,0.0,0.0,0.0806440797354745,single,ok,single_mode
single_target_b1_a6000_post,2026-02-21T02:24:49,69,11,Cc1ccc(SCC(=O)OCC(=O)N2CCOCC2)cc1,Cc1ccc(SCC(=O)OCC(=O)N2CCOCC2)cc1,0.15074528753757477,0.05764721903888061,0.0,0.0,0.0,0.05764721903888061,single,ok,single_mode
single_target_b1_a6000_post,2026-02-21T02:24:49,69,12,N=c1[nH]c(Cc2cccs2)nc2c1nnn2Cc1cccc(Cl)c1,N=c1[nH]c(Cc2cccs2)nc2c1nnn2Cc1cccc(Cl)c1,0.3167301118373871,0.18752711313360132,0.0,0.0,0.0,0.18752711313360132,single,ok,single_mode
single_target_b1_a6000_post,2026-02-21T02:24:49,69,13,Cn1c2c(c3ccccc31)CCC1C(=O)N(C3CCN(CCC(C)(C)C)CC3)CC(=O)N21,Cn1c2c(c3ccccc31)CCC1C(=O)N(C3CCN(CCC(C)(C)C)CC3)CC(=O)N21,0.179069514075915,0.07126329469319134,0.0,0.0,0.0,0.07126329469319134,single,ok,single_mode
single_target_b1_a6000_post,2026-02-21T02:24:49,69,14,CN(CC(=O)O)Cc1cn(Cc2cccc(C(F)(F)F)c2)c2ccccc12,CN(CC(=O)O)Cc1cn(Cc2cccc(C(F)(F)F)c2)c2ccccc12,0.25161129732926685,0.12056298629629042,0.0,0.0,0.0,0.12056298629629042,single,ok,single_mode
single_target_b1_a6000_post,2026-02-21T02:24:49,69,15,COc1ccc(CN2CCN(S(=O)(=O)c3cc(C)c(C)cc3OC)CC2)cc1,COc1ccc(CN2CCN(S(=O)(=O)c3cc(C)c(C)cc3OC)CC2)cc1,0.24398704866568247,0.11424414116178833,0.0,0.0,0.0,0.11424414116178833,single,ok,single_mode
single_target_b1_a6000_post,2026-02-21T02:31:08,70,0,CC(C)=CC(C=NO)c1c(O)cccc1OC(C)(C)C(=O)O,CC(C)=CC(C=NO)c1c(O)cccc1OC(C)(C)C(=O)O,0.06825436651706696,0.030650832309380583,0.0,0.0,0.0,0.030650832309380583,single,ok,single_mode
single_target_b1_a6000_post,2026-02-21T02:31:08,70,1,Cc1ccc(=Nc2ccc(C3CNCCO3)cc2)[nH]c1,Cc1ccc(=Nc2ccc(C3CNCCO3)cc2)[nH]c1,0.2725826750199,0.13951325466248424,0.0,0.0,0.0,0.13951325466248424,single,ok,single_mode
single_target_b1_a6000_post,2026-02-21T02:31:08,70,2,CC(Oc1cccc(-n2[nH]c(=NC(O)c3c[nH]c(O)c3)cc2-c2cccc(OC(F)F)c2)c1)C(=O)O,CC(Oc1cccc(-n2[nH]c(=NC(O)c3c[nH]c(O)c3)cc2-c2cccc(OC(F)F)c2)c1)C(=O)O,0.4164394835631053,0.3388363521684368,0.0,0.0,0.0,0.3388363521684368,single,ok,single_mode
single_target_b1_a6000_post,2026-02-21T02:31:08,70,3,O=C(CCC(CCCCc1nnnn1Cc1ccccc1)c1ccccc1)Nc1ccccc1,O=C(CCC(CCCCc1nnnn1Cc1ccccc1)c1ccccc1)Nc1ccccc1,0.40108967820803326,0.3118933422027293,0.0,0.0,0.0,0.3118933422027293,single,ok,single_mode
single_target_b1_a6000_post,2026-02-21T02:31:08,70,4,COC(=O)CCC(=O)N1Cc2cccc(Cl)c2C(c2ccc([N+](=O)[O-])cc2)C1,COC(=O)CCC(=O)N1Cc2cccc(Cl)c2C(c2ccc([N+](=O)[O-])cc2)C1,0.2834208657344182,0.15025109047952742,0.0,0.0,0.0,0.15025109047952742,single,ok,single_mode
single_target_b1_a6000_post,2026-02-21T02:31:08,70,5,c1ccc(-n2ncc3c(N4CCN5CCCC5C4)nc(N4CCCC4)nc32)cc1,c1ccc(-n2ncc3c(N4CCN5CCCC5C4)nc(N4CCCC4)nc32)cc1,0.6011736194292704,0.6919792791259904,0.0,0.0,0.0,0.6919792791259904,single,ok,single_mode
single_target_b1_a6000_post,2026-02-21T02:31:08,70,6,O=C(O)C(Cc1ccccc1)N1Cc2ccccc2C1c1cccs1,O=C(O)C(Cc1ccccc1)N1Cc2ccccc2C1c1cccs1,0.17306112870573997,0.06814680758232851,0.0,0.0,0.0,0.06814680758232851,single,ok,single_mode
single_target_b1_a6000_post,2026-02-21T02:31:08,70,7,CCc1ccc(OCCCOc2ccc(OCc3ccc(F)cc3)c(C)c2)cc1-c1oc(=O)[nH]c1O,CCc1ccc(OCCCOc2ccc(OCc3ccc(F)cc3)c(C)c2)cc1-c1oc(=O)[nH]c1O,0.2501339614391327,0.1193154886838632,0.0,0.0,0.0,0.1193154886838632,single,ok,single_mode
single_target_b1_a6000_post,2026-02-21T02:31:08,70,8,Cc1cc(=NN=Cc2ccc([N+](=O)[O-])o2)[nH]c2ccccc12,Cc1cc(=NN=Cc2ccc([N+](=O)[O-])o2)[nH]c2ccccc12,0.6140296260515848,0.7134577056633855,0.0,0.0,0.0,0.7134577056633855,single,ok,single_mode
single_target_b1_a6000_post,2026-02-21T02:31:08,70,9,NC(=O)c1ncc(C(=O)N2CCN(S(=O)(=O)c3ccccc3)CC2)s1,NC(=O)c1ncc(C(=O)N2CCN(S(=O)(=O)c3ccccc3)CC2)s1,0.18032197405894598,0.07192930103820185,0.0,0.0,0.0,0.07192930103820185,single,ok,single_mode
single_target_b1_a6000_post,2026-02-21T02:31:08,70,10,O=C(O)c1csc(-n2ccc(-c3ccc4c(c3)OCO4)cc2=O)n1,O=C(O)c1csc(-n2ccc(-c3ccc4c(c3)OCO4)cc2=O)n1,0.30685102939605713,0.17578181198054327,0.0,0.0,0.0,0.17578181198054327,single,ok,single_mode
single_target_b1_a6000_post,2026-02-21T02:31:08,70,11,O=C1c2ccccc2CC12C(=O)c1cc(Cl)ccc1C21OCCO1,O=C1c2ccccc2CC12C(=O)c1cc(Cl)ccc1C21OCCO1,0.4673054317633311,0.4349811133091047,0.0,0.0,0.0,0.4349811133091047,single,ok,single_mode
single_target_b1_a6000_post,2026-02-21T02:31:08,70,12,CCCCCN(C(=O)C=CC(=O)N(Cc1ccc2c(c1)OCO2)c1nccs1)c1ccc(OC)cc1,CCCCCN(C(=O)C=CC(=O)N(Cc1ccc2c(c1)OCO2)c1nccs1)c1ccc(OC)cc1,0.24754542112350464,0.11715656923190951,0.0,0.0,0.0,0.11715656923190951,single,ok,single_mode
single_target_b1_a6000_post,2026-02-21T02:31:08,70,13,COc1ccccc1CCNC(=O)C(C)Oc1ccccc1OC,COc1ccccc1CCNC(=O)C(C)Oc1ccccc1OC,0.10138095791141193,0.03958358907569336,0.0,0.0,0.0,0.03958358907569336,single,ok,single_mode
single_target_b1_a6000_post,2026-02-21T02:31:08,70,14,N#CC1C(c2cccc(C(F)(F)F)c2)=NOC12C(=O)c1ccccc1C2=O,N#CC1C(c2cccc(C(F)(F)F)c2)=NOC12C(=O)c1ccccc1C2=O,0.4113668203353882,0.3298053772570238,0.0,0.0,0.0,0.3298053772570238,single,ok,single_mode
single_target_b1_a6000_post,2026-02-21T02:31:08,70,15,COc1cccc(CNC(=O)c2cnc3c(-c4cccc(Cl)c4)c(C)nn3c2C)c1,COc1cccc(CNC(=O)c2cnc3c(-c4cccc(Cl)c4)c(C)nn3c2C)c1,0.3613559106985728,0.24802888252679242,0.0,0.0,0.0,0.24802888252679242,single,ok,single_mode
single_target_b1_a6000_post,2026-02-21T02:37:26,71,0,CC1(C)C=C(CO)C=C(N2CC2)C1,CC1(C)C=C(CO)C=C(N2CC2)C1,0.25144268075625104,0.12042003546463875,0.0,0.0,0.0,0.12042003546463875,single,ok,single_mode
single_target_b1_a6000_post,2026-02-21T02:37:26,71,1,CC(=O)c1ccc(NC(=O)Cc2cccc3c2ccn3C)cc1,CC(=O)c1ccc(NC(=O)Cc2cccc3c2ccn3C)cc1,0.24368271231651306,0.11399800021109814,0.0,0.0,0.0,0.11399800021109814,single,ok,single_mode
single_target_b1_a6000_post,2026-02-21T02:37:26,71,2,COc1cc(C=C2COc3cc(O)ccc3C2=O)ccc1O,COc1cc(C=C2COc3cc(O)ccc3C2=O)ccc1O,0.439556747674942,0.3814151349261755,0.0,0.0,0.0,0.3814151349261755,single,ok,single_mode
single_target_b1_a6000_post,2026-02-21T02:37:26,71,3,O=C(Cc1ccccc1)Nc1ccc2[nH]c(=NC(=O)c3ccccc3F)sc2c1,O=C(Cc1ccccc1)Nc1ccc2[nH]c(=NC(=O)c3ccccc3F)sc2c1,0.3759400546550751,0.27042259587376993,0.0,0.0,0.0,0.27042259587376993,single,ok,single_mode
single_target_b1_a6000_post,2026-02-21T02:37:26,71,4,O=C(Cc1ccc(Cl)cc1)N1CCC(c2nc(-c3cccnc3)no2)CC1,O=C(Cc1ccc(Cl)cc1)N1CCC(c2nc(-c3cccnc3)no2)CC1,0.21724476913611093,0.09431580916320487,0.0,0.0,0.0,0.09431580916320487,single,ok,single_mode
single_target_b1_a6000_post,2026-02-21T02:37:26,71,5,CCOC(=O)c1c(OC)c2ccc(OC3OC(COC4(C)CC5(C)CCC4OO5)C(O)C(O)C3O)cc2oc1=O,CCOC(=O)c1c(OC)c2ccc(OC3OC(COC4(C)CC5(C)CCC4OO5)C(O)C(O)C3O)cc2oc1=O,0.17853309214115143,0.0709797927462817,0.0,0.0,0.0,0.0709797927462817,single,ok,single_mode
single_target_b1_a6000_post,2026-02-21T02:37:26,71,6,Cc1cccc(OCc2n[nH]c(=NC(=O)C(C)Oc3ccccc3)s2)c1C,Cc1cccc(OCc2n[nH]c(=NC(=O)C(C)Oc3ccccc3)s2)c1C,0.3093189597129822,0.1786606269157029,0.0,0.0,0.0,0.1786606269157029,single,ok,single_mode
single_target_b1_a6000_post,2026-02-21T02:37:26,71,7,CC1CN(c2ccccc2)CC(C)N1,CC1CN(c2ccccc2)CC(C)N1,0.17728919287522635,0.07032638941186341,0.0,0.0,0.0,0.07032638941186341,single,ok,single_mode
single_target_b1_a6000_post,2026-02-21T02:37:26,71,8,CC(=O)N1N=C2c3ccccc3S(=O)(=O)CC2C1c1ccc(F)cc1,CC(=O)N1N=C2c3ccccc3S(=O)(=O)CC2C1c1ccc(F)cc1,0.32379260659217834,0.1962878233568472,0.0,0.0,0.0,0.1962878233568472,single,ok,single_mode
single_target_b1_a6000_post,2026-02-21T02:37:26,71,9,CC(C)(C)OC(=O)N1CCCC1c1nc2ccc(-c3ccc(-c4ccccc4)cc3)cc2s1,CC(C)(C)OC(=O)N1CCCC1c1nc2ccc(-c3ccc(-c4ccccc4)cc3)cc2s1,0.293226217230161,0.16054342757134668,0.0,0.0,0.0,0.16054342757134668,single,ok,single_mode
single_target_b1_a6000_post,2026-02-21T02:37:26,71,10,c1ccc(-c2nnc3ccccn23)cc1,c1ccc(-c2nnc3ccccn23)cc1,0.47494442264238995,0.4500559545910774,0.0,0.0,0.0,0.4500559545910774,single,ok,single_mode
single_target_b1_a6000_post,2026-02-21T02:37:26,71,11,CCCCCCC1(c2ccccc2)OC(C)C(=O)NC1=O,CCCCCCC1(c2ccccc2)OC(C)C(=O)NC1=O,0.17091151575247446,0.06706283259834671,0.0,0.0,0.0,0.06706283259834671,single,ok,single_mode
single_target_b1_a6000_post,2026-02-21T02:37:26,71,12,COc1cc2[nH]cnc(=Nc3ccc(C#N)c(-c4cccc(F)c4)c3)c2cc1OCCCN1CCN(C)CC1,COc1cc2[nH]cnc(=Nc3ccc(C#N)c(-c4cccc(F)c4)c3)c2cc1OCCCN1CCN(C)CC1,0.23785883312424025,0.10937614788748358,0.0,0.0,0.0,0.10937614788748358,single,ok,single_mode
single_target_b1_a6000_post,2026-02-21T02:37:26,71,13,COC(=O)c1cc(-c2ccccc2)sc1NC(=O)CCCC(=O)O,COC(=O)c1cc(-c2ccccc2)sc1NC(=O)CCCC(=O)O,0.4205850462118785,0.3463053082957947,0.0,0.0,0.0,0.3463053082957947,single,ok,single_mode
single_target_b1_a6000_post,2026-02-21T02:37:26,71,14,Cc1ccc(C(=O)NNC(=O)c2ccc(Oc3ccccc3)cc2)o1,Cc1ccc(C(=O)NNC(=O)c2ccc(Oc3ccccc3)cc2)o1,0.3092324237028758,0.17855906246339828,0.0,0.0,0.0,0.17855906246339828,single,ok,single_mode
single_target_b1_a6000_post,2026-02-21T02:37:26,71,15,CN(C)c1ccc(OC(=O)c2ccc3cc(C=CCN4CCCC4)cn3c2)cn1,CN(C)c1ccc(OC(=O)c2ccc3cc(C=CCN4CCCC4)cn3c2)cn1,0.2880340764919917,0.15502411695981108,0.0,0.0,0.0,0.15502411695981108,single,ok,single_mode
single_target_b1_a6000_post,2026-02-21T02:44:06,72,0,CCN1CCSc2ccc(C(=O)Nc3cccc(C(C)=O)c3)cc21,CCN1CCSc2ccc(C(=O)Nc3cccc(C(C)=O)c3)cc21,0.21028113613526025,0.08966346948373971,0.0,0.0,0.0,0.08966346948373971,single,ok,single_mode
single_target_b1_a6000_post,2026-02-21T02:44:06,72,1,O=C(O)c1cc(COc2ccccc2)ccc1O,O=C(O)c1cc(COc2ccccc2)ccc1O,0.3625681698322296,0.24984209213647982,0.0,0.0,0.0,0.24984209213647982,single,ok,single_mode
single_target_b1_a6000_post,2026-02-21T02:44:06,72,2,Oc1cc2c(cc1O)C1CCCNC1CC2,Oc1cc2c(cc1O)C1CCCNC1CC2,0.2909907003243764,0.15814780375137588,0.0,0.0,0.0,0.15814780375137588,single,ok,single_mode
single_target_b1_a6000_post,2026-02-21T02:44:06,72,3,CCC(=O)Nc1cccc(-c2nn3c(-c4ccc(Cl)s4)nnc3s2)c1,CCC(=O)Nc1cccc(-c2nn3c(-c4ccc(Cl)s4)nnc3s2)c1,0.28068264822165173,0.14747563493376903,0.0,0.0,0.0,0.14747563493376903,single,ok,single_mode
single_target_b1_a6000_post,2026-02-21T02:44:06,72,4,CC1(C)Oc2ccc(CN(Cc3nnnn3Cc3ccccc3)C3CCCCC3)cc2O1,CC1(C)Oc2ccc(CN(Cc3nnnn3Cc3ccccc3)C3CCCCC3)cc2O1,0.2654246340195338,0.1327795557557327,0.0,0.0,0.0,0.1327795557557327,single,ok,single_mode
single_target_b1_a6000_post,2026-02-21T02:44:06,72,5,CC1(C(=O)OCCN2CCN(C3c4cc(C#N)ccc4OC(C)(C)C3O)CC2)CCCCC1,CC1(C(=O)OCCN2CCN(C3c4cc(C#N)ccc4OC(C)(C)C3O)CC2)CCCCC1,0.3043755541245143,0.17293098392829534,0.0,0.0,0.0,0.17293098392829534,single,ok,single_mode
single_target_b1_a6000_post,2026-02-21T02:44:06,72,6,COc1cccc(C2CC(=O)Nc3cc4c(cc32)OCO4)c1,COc1cccc(C2CC(=O)Nc3cc4c(cc32)OCO4)c1,0.19508357097705206,0.08022222969180917,0.0,0.0,0.0,0.08022222969180917,single,ok,single_mode
single_target_b1_a6000_post,2026-02-21T02:44:06,72,7,COc1ccc(C2CC(=NN3CCN(C)CC3)C(C)C(c3ccc(OC)cc3)N2)cc1,COc1ccc(C2CC(=NN3CCN(C)CC3)C(C)C(c3ccc(OC)cc3)N2)cc1,0.3414354423681895,0.2195113152599222,0.0,0.0,0.0,0.2195113152599222,single,ok,single_mode
single_target_b1_a6000_post,2026-02-21T02:44:06,72,8,O=C1OCCC1Sc1nnc(-c2cccc(F)c2)n1C1CCCCC1,O=C1OCCC1Sc1nnc(-c2cccc(F)c2)n1C1CCCCC1,0.16969742874304453,0.06645770311392799,0.0,0.0,0.0,0.06645770311392799,single,ok,single_mode
single_target_b1_a6000_post,2026-02-21T02:44:06,72,9,Cn1cc[nH]c1=NC(=NCCC#N)Nc1ccccc1,Cn1cc[nH]c1=NC(=NCCC#N)Nc1ccccc1,0.3318496247132619,0.20665572880429584,0.0,0.0,0.0,0.20665572880429584,single,ok,single_mode
single_target_b1_a6000_post,2026-02-21T02:44:06,72,10,CC1(C)CN(Cc2csc(Cl)n2)C(=O)C1Oc1ccc(F)cn1,CC1(C)CN(Cc2csc(Cl)n2)C(=O)C1Oc1ccc(F)cn1,0.14953772475322089,0.05712465889379541,0.0,0.0,0.0,0.05712465889379541,single,ok,single_mode
single_target_b1_a6000_post,2026-02-21T02:44:06,72,11,O=C(C=Cc1ccc(O)c(O)c1)OCC1CN(c2ccc(-c3ccc(-c4csnn4)nc3)c(F)c2)C(=O)O1,O=C(C=Cc1ccc(O)c(O)c1)OCC1CN(c2ccc(-c3ccc(-c4csnn4)nc3)c(F)c2)C(=O)O1,0.3465769290924072,0.22663951543233607,0.0,0.0,0.0,0.22663951543233607,single,ok,single_mode
single_target_b1_a6000_post,2026-02-21T02:44:06,72,12,CCc1cc2ccc(OC3CC(C)(C)C(O)C(OC)C3O)cc2oc1=O,CCc1cc2ccc(OC3CC(C)(C)C(O)C(OC)C3O)cc2oc1=O,0.16160867859919867,0.06255390624894455,0.0,0.0,0.0,0.06255390624894455,single,ok,single_mode
single_target_b1_a6000_post,2026-02-21T02:44:06,72,13,CS(=O)(=O)N1CCc2ccc(-c3ccc(F)c(C#N)c3)cc2C1,CS(=O)(=O)N1CCc2ccc(-c3ccc(F)c(C#N)c3)cc2C1,0.29979581634203595,0.16775343880792862,0.0,0.0,0.0,0.16775343880792862,single,ok,single_mode
single_target_b1_a6000_post,2026-02-21T02:44:06,72,14,CCOc1cc(C=NNS(=O)(=O)c2ccccc2)ccc1O,CCOc1cc(C=NNS(=O)(=O)c2ccccc2)ccc1O,0.16955837731560072,0.0663887211871405,0.0,0.0,0.0,0.0663887211871405,single,ok,single_mode
single_target_b1_a6000_post,2026-02-21T02:44:06,72,15,NCC(c1ccccc1)C1CCCCC1,NCC(c1ccccc1)C1CCCCC1,0.19177993635336557,0.07829362617714888,0.0,0.0,0.0,0.07829362617714888,single,ok,single_mode
single_target_b1_a6000_post,2026-02-21T02:50:49,73,0,Cc1c2c3c(n[nH]c3c3[nH]c4cccc(OC(=O)c5ccccc5)c4c13)C=CN2,Cc1c2c3c(n[nH]c3c3[nH]c4cccc(OC(=O)c5ccccc5)c4c13)C=CN2,0.3614327410856883,0.24814353770581887,0.0,0.0,0.0,0.24814353770581887,single,ok,single_mode
single_target_b1_a6000_post,2026-02-21T02:50:49,73,1,Cc1ccc2nc(-c3ccc(C#N)c(F)c3)oc2c1,Cc1ccc2nc(-c3ccc(C#N)c(F)c3)oc2c1,0.37015289068222046,0.2613860657353611,0.0,0.0,0.0,0.2613860657353611,single,ok,single_mode
single_target_b1_a6000_post,2026-02-21T02:50:49,73,2,NC(=O)NC(C(=O)NC1CCN(S(=O)(=O)c2cccc(Cl)c2)CC1)c1ccccc1,NC(=O)NC(C(=O)NC1CCN(S(=O)(=O)c2cccc(Cl)c2)CC1)c1ccccc1,0.11988262583812077,0.04561027897949022,0.0,0.0,0.0,0.04561027897949022,single,ok,single_mode
single_target_b1_a6000_post,2026-02-21T02:50:49,73,3,COc1ccc(C(=O)Nc2ccccc2C(=O)NCCCc2ccccc2)c(OC)c1OC,COc1ccc(C(=O)Nc2ccccc2C(=O)NCCCc2ccccc2)c(OC)c1OC,0.21676496913035712,0.09398844190765394,0.0,0.0,0.0,0.09398844190765394,single,ok,single_mode
single_target_b1_a6000_post,2026-02-21T02:50:49,73,4,CC1(C)OC(=S)Nc2ccc(-c3ccc(Cl)cc3)cc21,CC1(C)OC(=S)Nc2ccc(-c3ccc(Cl)cc3)cc21,0.2059959794084231,0.08690438065618553,0.0,0.0,0.0,0.08690438065618553,single,ok,single_mode
single_target_b1_a6000_post,2026-02-21T02:50:49,73,5,OCc1ccccc1C#Cc1cn(C2CC(O)C(O)C(CO)O2)nn1,OCc1ccccc1C#Cc1cn(C2CC(O)C(O)C(CO)O2)nn1,0.16516327361265817,0.06424235362941987,0.0,0.0,0.0,0.06424235362941987,single,ok,single_mode
single_target_b1_a6000_post,2026-02-21T02:50:49,73,6,COc1ccc(C=NNC(=O)c2sc(-c3ccccc3C)nc2C)cc1,COc1ccc(C=NNC(=O)c2sc(-c3ccccc3C)nc2C)cc1,0.5020053386688232,0.5040105913213516,0.0,0.0,0.0,0.5040105913213516,single,ok,single_mode
single_target_b1_a6000_post,2026-02-21T02:50:49,73,7,COc1ccc(CN(Cc2cccc(OC)c2)Cc2ccccc2Cc2ccccc2)cc1,COc1ccc(CN(Cc2cccc(OC)c2)Cc2ccccc2Cc2ccccc2)cc1,0.18839863439400992,0.07636370015633953,0.0,0.0,0.0,0.07636370015633953,single,ok,single_mode
single_target_b1_a6000_post,2026-02-21T02:50:49,73,8,Cc1noc(C(C)C)c1C(=O)N1CCN(c2cc(C(C)C)on2)CC1,Cc1noc(C(C)C)c1C(=O)N1CCN(c2cc(C(C)C)on2)CC1,0.205155278245608,0.08637217069998855,0.0,0.0,0.0,0.08637217069998855,single,ok,single_mode
single_target_b1_a6000_post,2026-02-21T02:50:49,73,9,C=CCn1c(N2CCN(C)CC2)nc2ccccc21,C=CCn1c(N2CCN(C)CC2)nc2ccccc21,0.2679105301698049,0.13508631648215283,0.0,0.0,0.0,0.13508631648215283,single,ok,single_mode
single_target_b1_a6000_post,2026-02-21T02:50:49,73,10,CC(C)c1cccc(Oc2cc(C(=NO)NC3CCCCC3)ccn2)c1,CC(C)c1cccc(Oc2cc(C(=NO)NC3CCCCC3)ccn2)c1,0.23143015801906586,0.10446598062856223,0.0,0.0,0.0,0.10446598062856223,single,ok,single_mode
single_target_b1_a6000_post,2026-02-21T02:50:49,73,11,O=C(Nc1ccc(Oc2ccc(-c3ccccc3)cc2)cc1)C1OC1c1cccnc1,O=C(Nc1ccc(Oc2ccc(-c3ccccc3)cc2)cc1)C1OC1c1cccnc1,0.41181642810503644,0.3306008914627015,0.0,0.0,0.0,0.3306008914627015,single,ok,single_mode
single_target_b1_a6000_post,2026-02-21T02:50:49,73,12,CC(=O)c1ccc2cccc3c2c1C1Oc2ccccc2C1SC3,CC(=O)c1ccc2cccc3c2c1C1Oc2ccccc2C1SC3,0.2737196783224742,0.14060881109818077,0.0,0.0,0.0,0.14060881109818077,single,ok,single_mode
single_target_b1_a6000_post,2026-02-21T02:50:49,73,13,CCN(Cc1coc(-c2ccccc2)n1)c1ccc(OC)cc1,CCN(Cc1coc(-c2ccccc2)n1)c1ccc(OC)cc1,0.3549797534942627,0.23863785523791822,0.0,0.0,0.0,0.23863785523791822,single,ok,single_mode
single_target_b1_a6000_post,2026-02-21T02:50:49,73,14,Cc1c(NC(=O)c2c[nH]c3ccccc3c2=O)c(=O)n(-c2ccccc2)n1C,Cc1c(NC(=O)c2c[nH]c3ccccc3c2=O)c(=O)n(-c2ccccc2)n1C,0.2818475266297658,0.14865113752185136,0.0,0.0,0.0,0.14865113752185136,single,ok,single_mode
single_target_b1_a6000_post,2026-02-21T02:50:49,73,15,Cc1nn(-c2ccccc2)c2ccc(-c3nnc(SCC(=O)c4ccccc4)n3N)cc12,Cc1nn(-c2ccccc2)c2ccc(-c3nnc(SCC(=O)c4ccccc4)n3N)cc12,0.297670250137647,0.16539279244942973,0.0,0.0,0.0,0.16539279244942973,single,ok,single_mode
single_target_b1_a6000_post,2026-02-21T02:57:31,74,0,O=C(c1ccc(CSCc2cccc(Cl)c2)cc1)N1CCC(N2CCCCC2=O)CC1,O=C(c1ccc(CSCc2cccc(Cl)c2)cc1)N1CCC(N2CCCCC2=O)CC1,0.40285614132881165,0.31493426355089893,0.0,0.0,0.0,0.31493426355089893,single,ok,single_mode
single_target_b1_a6000_post,2026-02-21T02:57:31,74,1,CCCN1CCCC2Cc3ccc(O)c4c3C3(CCC(=O)CCC(=O)C3O4)C21,CCCN1CCCC2Cc3ccc(O)c4c3C3(CCC(=O)CCC(=O)C3O4)C21,0.1628178358078003,0.06312356099877603,0.0,0.0,0.0,0.06312356099877603,single,ok,single_mode
single_target_b1_a6000_post,2026-02-21T02:57:31,74,2,Cc1c[nH]c(=N)c(C(=O)N2CCC(NC(=O)c3ccccc3)CC2)c1,Cc1c[nH]c(=N)c(C(=O)N2CCC(NC(=O)c3ccccc3)CC2)c1,0.23191243906815848,0.10482748194860671,0.0,0.0,0.0,0.10482748194860671,single,ok,single_mode
single_target_b1_a6000_post,2026-02-21T02:57:31,74,3,CN1COc2ccc(NC(O)c3cc(Cl)ccc3Cl)cc2C1=O,CN1COc2ccc(NC(O)c3cc(Cl)ccc3Cl)cc2C1=O,0.28056424856185913,0.14735658682719083,0.0,0.0,0.0,0.14735658682719083,single,ok,single_mode
single_target_b1_a6000_post,2026-02-21T02:57:31,74,4,O=C(NCCN1CCCCC1)c1cc(-c2ccc(F)cc2)on1,O=C(NCCN1CCCCC1)c1cc(-c2ccc(F)cc2)on1,0.1785141502817472,0.07096980093439502,0.0,0.0,0.0,0.07096980093439502,single,ok,single_mode
single_target_b1_a6000_post,2026-02-21T02:57:31,74,5,O=C(NCCN=c1[nH]c2c(n3cccc13)CCC2)c1ccccn1,O=C(NCCN=c1[nH]c2c(n3cccc13)CCC2)c1ccccn1,0.32126209139823914,0.1931137565197972,0.0,0.0,0.0,0.1931137565197972,single,ok,single_mode
single_target_b1_a6000_post,2026-02-21T02:57:31,74,6,Cc1[nH]c2cc(NC(=O)Nc3ccccc3)ccc2c1-c1nc2ccccc2[nH]1,Cc1[nH]c2cc(NC(=O)Nc3ccccc3)ccc2c1-c1nc2ccccc2[nH]1,0.4997756779193878,0.49955135595918065,0.0,0.0,0.0,0.49955135595918065,single,ok,single_mode
single_target_b1_a6000_post,2026-02-21T02:57:31,74,7,CC(=O)c1ccc(N(C(=O)c2ccco2)C(C(=O)NCC2CCCO2)c2cccs2)cc1,CC(=O)c1ccc(N(C(=O)c2ccco2)C(C(=O)NCC2CCCO2)c2cccs2)cc1,0.1857781559228897,0.07489814281642185,0.0,0.0,0.0,0.07489814281642185,single,ok,single_mode
single_target_b1_a6000_post,2026-02-21T02:57:31,74,8,Cn1cc(N2C(=O)c3c(n(C)c4ccc(S(=O)(=O)N5CCCC5CF)cc34)C2c2ccc(F)cc2F)cc(Cl)c1=O,Cn1cc(N2C(=O)c3c(n(C)c4ccc(S(=O)(=O)N5CCCC5CF)cc34)C2c2ccc(F)cc2F)cc(Cl)c1=O,0.06514342005054156,0.029919963708042768,0.0,0.0,0.0,0.029919963708042768,single,ok,single_mode
single_target_b1_a6000_post,2026-02-21T02:57:31,74,9,Cc1ccccc1-c1ncn(CCCCNC(=O)Nc2cc(C(F)(F)F)cc(C(F)(F)F)c2)c1-c1cccs1,Cc1ccccc1-c1ncn(CCCCNC(=O)Nc2cc(C(F)(F)F)cc(C(F)(F)F)c2)c1-c1cccs1,0.18979467203219733,0.07715516237473949,0.0,0.0,0.0,0.07715516237473949,single,ok,single_mode
single_target_b1_a6000_post,2026-02-21T02:57:31,74,10,Cc1ccc(-c2nn3c(=O)cc(CSc4nnc(Cc5ccccc5)o4)nc3s2)cc1,Cc1ccc(-c2nn3c(=O)cc(CSc4nnc(Cc5ccccc5)o4)nc3s2)cc1,0.3277539312839508,0.2013354577390274,0.0,0.0,0.0,0.2013354577390274,single,ok,single_mode
single_target_b1_a6000_post,2026-02-21T02:57:31,74,11,C1=NNc2ccccc2C1,C1=NNc2ccccc2C1,0.2413769612709681,0.11214813193685304,0.0,0.0,0.0,0.11214813193685304,single,ok,single_mode
single_target_b1_a6000_post,2026-02-21T02:57:31,74,12,CCSc1ncc(Cl)c(C(=O)NC2CCS(=O)(=O)C2)n1,CCSc1ncc(Cl)c(C(=O)NC2CCS(=O)(=O)C2)n1,0.14067741731802622,0.053424531926570165,0.0,0.0,0.0,0.053424531926570165,single,ok,single_mode
single_target_b1_a6000_post,2026-02-21T02:57:31,74,13,O=c1c2c(-c3ccc(C(F)(F)F)cc3)csc2[nH]c(=S)n1-c1ccc(Cl)cc1,O=c1c2c(-c3ccc(C(F)(F)F)cc3)csc2[nH]c(=S)n1-c1ccc(Cl)cc1,0.3444988628228505,0.22373891532886023,0.0,0.0,0.0,0.22373891532886023,single,ok,single_mode
single_target_b1_a6000_post,2026-02-21T02:57:31,74,14,CC(C)CCn1ncc2[nH]c3c([N+](=O)[O-])cc4ccncc4c3c21,CC(C)CCn1ncc2[nH]c3c([N+](=O)[O-])cc4ccncc4c3c21,0.29219165941079456,0.15943114634363773,0.0,0.0,0.0,0.15943114634363773,single,ok,single_mode
single_target_b1_a6000_post,2026-02-21T02:57:31,74,15,CCCCC(c1c(O)[nH]c(C)cc1=O)c1c(O)ncc2ccccc12,CCCCC(c1c(O)[nH]c(C)cc1=O)c1c(O)ncc2ccccc12,0.2785812069972356,0.14537448084351695,0.0,0.0,0.0,0.14537448084351695,single,ok,single_mode
single_target_b1_a6000_post,2026-02-21T03:03:51,75,0,CN(C)c1ncnc2c1ncn2Cc1ccc(CN2CCCC2)cc1,CN(C)c1ncnc2c1ncn2Cc1ccc(CN2CCCC2)cc1,0.36248471836249035,0.24971698855708127,0.0,0.0,0.0,0.24971698855708127,single,ok,single_mode
single_target_b1_a6000_post,2026-02-21T03:03:51,75,1,COC(=O)C(Cc1ccccc1)NC(=O)OC1CCOC1=O,COC(=O)C(Cc1ccccc1)NC(=O)OC1CCOC1=O,0.157757967710495,0.06077159167911831,0.0,0.0,0.0,0.06077159167911831,single,ok,single_mode
single_target_b1_a6000_post,2026-02-21T03:03:51,75,2,S=c1[nH]ccn1C1CCN(Cc2ccccc2)CC1,S=c1[nH]ccn1C1CCN(Cc2ccccc2)CC1,0.19097194572289786,0.07782843488253242,0.0,0.0,0.0,0.07782843488253242,single,ok,single_mode
single_target_b1_a6000_post,2026-02-21T03:03:51,75,3,Fc1ccc(N=c2[nH]cccc2-c2ccccn2)cc1,Fc1ccc(N=c2[nH]cccc2-c2ccccn2)cc1,0.3514215350151062,0.2335044568124758,0.0,0.0,0.0,0.2335044568124758,single,ok,single_mode
single_target_b1_a6000_post,2026-02-21T03:03:51,75,4,N#Cc1cc2c3cccc2n1-c1cccc(Cl)c1CCN3C1CCCCC1,N#Cc1cc2c3cccc2n1-c1cccc(Cl)c1CCN3C1CCCCC1,0.05,0.02659699357686585,0.0,0.0,0.0,0.02659699357686585,single,fallback:missing_affinity_json,single_mode
single_target_b1_a6000_post,2026-02-21T03:03:51,75,5,CCC(C)NCC(O)COc1ccc(CCCOc2ccccc2)cc1,CCC(C)NCC(O)COc1ccc(CCCOc2ccccc2)cc1,0.3054008384545644,0.1741072703426742,0.0,0.0,0.0,0.1741072703426742,single,ok,single_mode
single_target_b1_a6000_post,2026-02-21T03:03:51,75,6,CCOC(=O)C(C#N)=Cc1cc([N+](=O)[O-])ccc1N1CCOCC1,CCOC(=O)C(C#N)=Cc1cc([N+](=O)[O-])ccc1N1CCOCC1,0.223835622270902,0.09891711023401989,0.0,0.0,0.0,0.09891711023401989,single,ok,single_mode
single_target_b1_a6000_post,2026-02-21T03:03:51,75,7,CC1CCCCC1=NN=c1[nH]c(-c2cc3ccccc3o2)cs1,CC1CCCCC1=NN=c1[nH]c(-c2cc3ccccc3o2)cs1,0.35696030656496686,0.2415285362521091,0.0,0.0,0.0,0.2415285362521091,single,ok,single_mode
single_target_b1_a6000_post,2026-02-21T03:03:51,75,8,CC(C)(C)C#Cc1cncc(-c2ccc3c(c2)S(=O)(=O)CCNC3=O)c1,CC(C)(C)C#Cc1cncc(-c2ccc3c(c2)S(=O)(=O)CCNC3=O)c1,0.1415128062168757,0.0537635096292251,0.0,0.0,0.0,0.0537635096292251,single,ok,single_mode
single_target_b1_a6000_post,2026-02-21T03:03:51,75,9,CCOc1ccc2c(c1)C(c1ccccc1)N(c1cccc(C(=O)OC)n1)C(N)=N2,CCOc1ccc2c(c1)C(c1ccccc1)N(c1cccc(C(=O)OC)n1)C(N)=N2,0.2667086074749629,0.13396681122499063,0.0,0.0,0.0,0.13396681122499063,single,ok,single_mode
single_target_b1_a6000_post,2026-02-21T03:03:51,75,10,Cc1nc2ccccc2c(=O)n1N=Cc1cn(-c2ccccc2)nc1-c1ccc(Br)cc1,Cc1nc2ccccc2c(=O)n1N=Cc1cn(-c2ccccc2)nc1-c1ccc(Br)cc1,0.23328781127929688,0.10586448536769781,0.0,0.0,0.0,0.10586448536769781,single,ok,single_mode
single_target_b1_a6000_post,2026-02-21T03:03:51,75,11,CC(=CN=C(N)N)c1ccccc1-c1ccccc1,CC(=CN=C(N)N)c1ccccc1-c1ccccc1,0.2619815568129222,0.12963977381344308,0.0,0.0,0.0,0.12963977381344308,single,ok,single_mode
single_target_b1_a6000_post,2026-02-21T03:03:51,75,12,N#CC=C1CCC(=S)N(C2CCN(CCCn3nc(-c4ccc(C(F)(F)F)c(SCCC5CCCO5)c4)c4cccc(Cl)c43)CC2)C1,N#CC=C1CCC(=S)N(C2CCN(CCCn3nc(-c4ccc(C(F)(F)F)c(SCCC5CCCO5)c4)c4cccc(Cl)c43)CC2)C1,0.26865776752432186,0.1357862870911546,0.0,0.0,0.0,0.1357862870911546,single,ok,single_mode
single_target_b1_a6000_post,2026-02-21T03:03:51,75,13,O=C1c2ccccc2-c2nnc(-c3ncco3)cc21,O=C1c2ccccc2-c2nnc(-c3ncco3)cc21,0.6146406928698221,0.7144560534132464,0.0,0.0,0.0,0.7144560534132464,single,ok,single_mode
single_target_b1_a6000_post,2026-02-21T03:03:51,75,14,COC(=O)N1CCC2(C1)CN(c1ccc(N3CCOCC3)cc1F)C2,COC(=O)N1CCC2(C1)CN(c1ccc(N3CCOCC3)cc1F)C2,0.3137616167465846,0.18393567670978767,0.0,0.0,0.0,0.18393567670978767,single,ok,single_mode
single_target_b1_a6000_post,2026-02-21T03:03:51,75,15,CC1=Nc2c(C(=O)NCc3ccc(F)cc3)cnn2C(c2ccc(Cl)cc2)C1C(=O)Nc1cccnc1,CC1=Nc2c(C(=O)NCc3ccc(F)cc3)cnn2C(c2ccc(Cl)cc2)C1C(=O)Nc1cccnc1,0.5039765735467275,0.5079524764188983,0.0,0.0,0.0,0.5079524764188983,single,ok,single_mode
